
 /----------------------------------------------------------------------------\
 |  yosys -- Yosys Open SYnthesis Suite                                       |
 |  Copyright (C) 2012 - 2025  Claire Xenia Wolf <claire@yosyshq.com>         |
 |  Distributed under an ISC-like license, type "license" to see terms        |
 \----------------------------------------------------------------------------/
 Yosys 0.54 (git sha1 db72ec3bd, g++ 15.2.1 -march=x86-64 -mtune=generic -O2 -fno-plt -fexceptions -fstack-clash-protection -fcf-protection -fno-omit-frame-pointer -mno-omit-leaf-frame-pointer -ffile-prefix-map=/build/yosys/src=/usr/src/debug/yosys -fPIC -O3)

-- Running command `read_verilog -sv -noblackbox verilog/rtl/stream_cipher/types_pkg.sv verilog/rtl/stream_cipher/*;                         synth -top stream_cipher;                         dfflibmap -liberty /home/fuex/.volare/volare/sky130/versions/0fe599b2afb6708d281543108caf8310912f54af/sky130A/libs.ref/sky130_fd_sc_hd/lib/sky130_fd_sc_hd__tt_100C_1v80.lib;                         abc -liberty /home/fuex/.volare/volare/sky130/versions/0fe599b2afb6708d281543108caf8310912f54af/sky130A/libs.ref/sky130_fd_sc_hd/lib/sky130_fd_sc_hd__tt_100C_1v80.lib;                         clean;                         write_verilog -noattr -noexpr -nohex -nodec -defparam verilog/gl/stream_cipher/stream_cipher.v' --

1. Executing Verilog-2005 frontend: verilog/rtl/stream_cipher/types_pkg.sv
Parsing SystemVerilog input from `verilog/rtl/stream_cipher/types_pkg.sv' to AST representation.
Successfully finished Verilog frontend.

2. Executing Verilog-2005 frontend: verilog/rtl/stream_cipher/data_router.sv
Parsing SystemVerilog input from `verilog/rtl/stream_cipher/data_router.sv' to AST representation.
Generating RTLIL representation for module `\data_router'.
Successfully finished Verilog frontend.

3. Executing Verilog-2005 frontend: verilog/rtl/stream_cipher/encryption_block.sv
Parsing SystemVerilog input from `verilog/rtl/stream_cipher/encryption_block.sv' to AST representation.
Generating RTLIL representation for module `\encryption_block'.
Successfully finished Verilog frontend.

4. Executing Verilog-2005 frontend: verilog/rtl/stream_cipher/hash_generator.sv
Parsing SystemVerilog input from `verilog/rtl/stream_cipher/hash_generator.sv' to AST representation.
Generating RTLIL representation for module `\hash_generator'.
Successfully finished Verilog frontend.

5. Executing Verilog-2005 frontend: verilog/rtl/stream_cipher/interface_fsm.sv
Parsing SystemVerilog input from `verilog/rtl/stream_cipher/interface_fsm.sv' to AST representation.
Generating RTLIL representation for module `\interface_fsm'.
Successfully finished Verilog frontend.

6. Executing Verilog-2005 frontend: verilog/rtl/stream_cipher/key_storage.sv
Parsing SystemVerilog input from `verilog/rtl/stream_cipher/key_storage.sv' to AST representation.
Generating RTLIL representation for module `\key_storage'.
Successfully finished Verilog frontend.

7. Executing Verilog-2005 frontend: verilog/rtl/stream_cipher/output_holder.sv
Parsing SystemVerilog input from `verilog/rtl/stream_cipher/output_holder.sv' to AST representation.
Generating RTLIL representation for module `\output_holder'.
Successfully finished Verilog frontend.

8. Executing Verilog-2005 frontend: verilog/rtl/stream_cipher/output_mux.sv
Parsing SystemVerilog input from `verilog/rtl/stream_cipher/output_mux.sv' to AST representation.
Generating RTLIL representation for module `\output_mux'.
Successfully finished Verilog frontend.

9. Executing Verilog-2005 frontend: verilog/rtl/stream_cipher/project.v
Parsing SystemVerilog input from `verilog/rtl/stream_cipher/project.v' to AST representation.
Generating RTLIL representation for module `\stream_cipher'.
Successfully finished Verilog frontend.

10. Executing Verilog-2005 frontend: verilog/rtl/stream_cipher/reader.sv
Parsing SystemVerilog input from `verilog/rtl/stream_cipher/reader.sv' to AST representation.
Generating RTLIL representation for module `\reader'.
Successfully finished Verilog frontend.

11. Executing Verilog-2005 frontend: verilog/rtl/stream_cipher/src1.sv
Parsing SystemVerilog input from `verilog/rtl/stream_cipher/src1.sv' to AST representation.
Generating RTLIL representation for module `\src1'.
Successfully finished Verilog frontend.

12. Executing Verilog-2005 frontend: verilog/rtl/stream_cipher/top.sv
Parsing SystemVerilog input from `verilog/rtl/stream_cipher/top.sv' to AST representation.
Generating RTLIL representation for module `\top'.
Successfully finished Verilog frontend.

13. Executing Verilog-2005 frontend: verilog/rtl/stream_cipher/types_pkg.sv
Parsing SystemVerilog input from `verilog/rtl/stream_cipher/types_pkg.sv' to AST representation.
Successfully finished Verilog frontend.

14. Executing SYNTH pass.

14.1. Executing HIERARCHY pass (managing design hierarchy).

14.1.1. Analyzing design hierarchy..
Top module:  \stream_cipher
Used module:     \top
Used module:         \output_mux
Used module:         \output_holder
Used module:         \encryption_block
Used module:         \hash_generator
Used module:         \key_storage
Used module:         \data_router
Used module:         \interface_fsm
Used module:         \reader
Parameter 1 (\KEY_WIDTH_BYTES) = 16

14.1.2. Executing AST frontend in derive mode using pre-parsed AST for module `\key_storage'.
Parameter 1 (\KEY_WIDTH_BYTES) = 16
Generating RTLIL representation for module `$paramod\key_storage\KEY_WIDTH_BYTES=s32'00000000000000000000000000010000'.

14.1.3. Analyzing design hierarchy..
Top module:  \stream_cipher
Used module:     \top
Used module:         \output_mux
Used module:         \output_holder
Used module:         \encryption_block
Used module:         \hash_generator
Used module:         $paramod\key_storage\KEY_WIDTH_BYTES=s32'00000000000000000000000000010000
Used module:         \data_router
Used module:         \interface_fsm
Used module:         \reader

14.1.4. Analyzing design hierarchy..
Top module:  \stream_cipher
Used module:     \top
Used module:         \output_mux
Used module:         \output_holder
Used module:         \encryption_block
Used module:         \hash_generator
Used module:         $paramod\key_storage\KEY_WIDTH_BYTES=s32'00000000000000000000000000010000
Used module:         \data_router
Used module:         \interface_fsm
Used module:         \reader
Removing unused module `\src1'.
Removing unused module `\key_storage'.
Removed 2 unused modules.

14.2. Executing PROC pass (convert processes to netlists).

14.2.1. Executing PROC_CLEAN pass (remove empty switches from decision trees).
Cleaned up 0 empty switches.

14.2.2. Executing PROC_RMDEAD pass (remove dead branches from decision trees).
Marked 3 switch rules as full_case in process $proc$verilog/rtl/stream_cipher/key_storage.sv:29$107 in module $paramod\key_storage\KEY_WIDTH_BYTES=s32'00000000000000000000000000010000.
Marked 2 switch rules as full_case in process $proc$verilog/rtl/stream_cipher/reader.sv:37$99 in module reader.
Marked 2 switch rules as full_case in process $proc$verilog/rtl/stream_cipher/output_mux.sv:0$95 in module output_mux.
Marked 2 switch rules as full_case in process $proc$verilog/rtl/stream_cipher/output_holder.sv:35$92 in module output_holder.
Marked 3 switch rules as full_case in process $proc$verilog/rtl/stream_cipher/interface_fsm.sv:0$69 in module interface_fsm.
Marked 1 switch rules as full_case in process $proc$verilog/rtl/stream_cipher/interface_fsm.sv:22$67 in module interface_fsm.
Marked 3 switch rules as full_case in process $proc$verilog/rtl/stream_cipher/hash_generator.sv:0$63 in module hash_generator.
Marked 4 switch rules as full_case in process $proc$verilog/rtl/stream_cipher/hash_generator.sv:0$34 in module hash_generator.
Marked 4 switch rules as full_case in process $proc$verilog/rtl/stream_cipher/hash_generator.sv:0$30 in module hash_generator.
Marked 1 switch rules as full_case in process $proc$verilog/rtl/stream_cipher/hash_generator.sv:218$28 in module hash_generator.
Marked 2 switch rules as full_case in process $proc$verilog/rtl/stream_cipher/hash_generator.sv:0$21 in module hash_generator.
Marked 3 switch rules as full_case in process $proc$verilog/rtl/stream_cipher/hash_generator.sv:0$18 in module hash_generator.
Marked 6 switch rules as full_case in process $proc$verilog/rtl/stream_cipher/hash_generator.sv:0$14 in module hash_generator.
Marked 1 switch rules as full_case in process $proc$verilog/rtl/stream_cipher/hash_generator.sv:97$12 in module hash_generator.
Marked 4 switch rules as full_case in process $proc$verilog/rtl/stream_cipher/encryption_block.sv:0$5 in module encryption_block.
Marked 1 switch rules as full_case in process $proc$verilog/rtl/stream_cipher/encryption_block.sv:48$3 in module encryption_block.
Marked 2 switch rules as full_case in process $proc$verilog/rtl/stream_cipher/data_router.sv:0$1 in module data_router.
Removed a total of 0 dead cases.

14.2.3. Executing PROC_PRUNE pass (remove redundant assignments in processes).
Removed 20 redundant assignments.
Promoted 26 assignments to connections.

14.2.4. Executing PROC_INIT pass (extract init attributes).

14.2.5. Executing PROC_ARST pass (detect async resets in processes).
Found async reset \nrst in `$paramod\key_storage\KEY_WIDTH_BYTES=s32'00000000000000000000000000010000.$proc$verilog/rtl/stream_cipher/key_storage.sv:29$107'.
Found async reset \nrst in `\reader.$proc$verilog/rtl/stream_cipher/reader.sv:37$99'.
Found async reset \nrst in `\output_holder.$proc$verilog/rtl/stream_cipher/output_holder.sv:35$92'.
Found async reset \nrst in `\interface_fsm.$proc$verilog/rtl/stream_cipher/interface_fsm.sv:22$67'.
Found async reset \nrst in `\hash_generator.$proc$verilog/rtl/stream_cipher/hash_generator.sv:218$28'.
Found async reset \nrst in `\hash_generator.$proc$verilog/rtl/stream_cipher/hash_generator.sv:97$12'.
Found async reset \nrst in `\encryption_block.$proc$verilog/rtl/stream_cipher/encryption_block.sv:48$3'.

14.2.6. Executing PROC_ROM pass (convert switches to ROMs).
Converted 0 switches.
<suppressed ~42 debug messages>

14.2.7. Executing PROC_MUX pass (convert decision trees to multiplexers).
Creating decoders for process `$paramod\key_storage\KEY_WIDTH_BYTES=s32'00000000000000000000000000010000.$proc$verilog/rtl/stream_cipher/key_storage.sv:29$107'.
     1/6: $2$lookahead\key_memory$106[127:0]$114
     2/6: $2$bitselwrite$pos$verilog/rtl/stream_cipher/key_storage.sv:42$105[31:0]$113
     3/6: $1$lookahead\key_memory$106[127:0]$112
     4/6: $1$bitselwrite$pos$verilog/rtl/stream_cipher/key_storage.sv:42$105[31:0]$111
     5/6: $0\received_key_byte_pulse[0:0]
     6/6: $0\key_byte_index[3:0]
Creating decoders for process `\reader.$proc$verilog/rtl/stream_cipher/reader.sv:37$99'.
     1/4: $0\input_byte_pulse[0:0]
     2/4: $0\is_key_pulsed[0:0]
     3/4: $0\input_byte_pulsed[7:0]
     4/4: $0\reset_hash_pulse[0:0]
Creating decoders for process `\output_mux.$proc$verilog/rtl/stream_cipher/output_mux.sv:0$95'.
     1/2: $1\output_byte_is_ready[0:0]
     2/2: $1\input_acknowledged[0:0]
Creating decoders for process `\output_holder.$proc$verilog/rtl/stream_cipher/output_holder.sv:35$92'.
     1/2: $0\data_buffer[7:0]
     2/2: $0\output_holder_state[0:0]
Creating decoders for process `\interface_fsm.$proc$verilog/rtl/stream_cipher/interface_fsm.sv:0$69'.
     1/4: $4\next_interface_state[1:0]
     2/4: $3\next_interface_state[1:0]
     3/4: $2\next_interface_state[1:0]
     4/4: $1\next_interface_state[1:0]
Creating decoders for process `\interface_fsm.$proc$verilog/rtl/stream_cipher/interface_fsm.sv:22$67'.
     1/1: $0\current_interface_state[1:0]
Creating decoders for process `\hash_generator.$proc$verilog/rtl/stream_cipher/hash_generator.sv:0$63'.
     1/6: $3\next_hash_computations_count[31:0]
     2/6: $3\next_iteration_count[8:0]
     3/6: $2\next_iteration_count[8:0]
     4/6: $2\next_hash_computations_count[31:0]
     5/6: $1\next_hash_computations_count[31:0]
     6/6: $1\next_iteration_count[8:0]
Creating decoders for process `\hash_generator.$proc$verilog/rtl/stream_cipher/hash_generator.sv:0$34'.
     1/12: $4\next_sum[31:0]
     2/12: $4\next_v1[31:0]
     3/12: $4\next_v0[31:0]
     4/12: $3\next_sum[31:0]
     5/12: $3\next_v1[31:0]
     6/12: $3\next_v0[31:0]
     7/12: $2\next_sum[31:0]
     8/12: $2\next_v1[31:0]
     9/12: $2\next_v0[31:0]
    10/12: $1\next_v1[31:0]
    11/12: $1\next_sum[31:0]
    12/12: $1\next_v0[31:0]
Creating decoders for process `\hash_generator.$proc$verilog/rtl/stream_cipher/hash_generator.sv:0$30'.
     1/5: $5\next_computed_hash_state[1:0]
     2/5: $4\next_computed_hash_state[1:0]
     3/5: $3\next_computed_hash_state[1:0]
     4/5: $2\next_computed_hash_state[1:0]
     5/5: $1\next_computed_hash_state[1:0]
Creating decoders for process `\hash_generator.$proc$verilog/rtl/stream_cipher/hash_generator.sv:218$28'.
     1/6: $0\hash_computations_count[31:0]
     2/6: $0\iteration_count[8:0]
     3/6: $0\sum[31:0]
     4/6: $0\v1[31:0]
     5/6: $0\v0[31:0]
     6/6: $0\computed_hash_state[1:0]
Creating decoders for process `\hash_generator.$proc$verilog/rtl/stream_cipher/hash_generator.sv:0$21'.
     1/4: $2\next_hash_number[31:0]
     2/4: $2\next_served_hash[63:0]
     3/4: $1\next_hash_number[31:0]
     4/4: $1\next_served_hash[63:0]
Creating decoders for process `\hash_generator.$proc$verilog/rtl/stream_cipher/hash_generator.sv:0$18'.
     1/4: $3\next_hash_byte_out_index[2:0]
     2/4: $2\next_hash_byte_out_index[2:0]
     3/4: $1\next_hash_byte_pulse[0:0]
     4/4: $1\next_hash_byte_out_index[2:0]
Creating decoders for process `\hash_generator.$proc$verilog/rtl/stream_cipher/hash_generator.sv:0$14'.
     1/7: $7\generator_next_state[2:0]
     2/7: $6\generator_next_state[2:0]
     3/7: $5\generator_next_state[2:0]
     4/7: $4\generator_next_state[2:0]
     5/7: $3\generator_next_state[2:0]
     6/7: $2\generator_next_state[2:0]
     7/7: $1\generator_next_state[2:0]
Creating decoders for process `\hash_generator.$proc$verilog/rtl/stream_cipher/hash_generator.sv:97$12'.
     1/5: $0\hash_number[31:0]
     2/5: $0\served_hash[63:0]
     3/5: $0\hash_byte_out_index[3:0]
     4/5: $0\hash_byte_pulse[0:0]
     5/5: $0\generator_current_state[2:0]
Creating decoders for process `\encryption_block.$proc$verilog/rtl/stream_cipher/encryption_block.sv:0$5'.
     1/10: $2\next_encrypted_byte_pulse[0:0]
     2/10: $4\next_state[1:0]
     3/10: $3\next_state[1:0]
     4/10: $2\next_request_byte_pulse[0:0]
     5/10: $2\next_state[1:0]
     6/10: $2\next_saved_byte_in[7:0]
     7/10: $1\next_saved_byte_in[7:0]
     8/10: $1\next_state[1:0]
     9/10: $1\next_encrypted_byte_pulse[0:0]
    10/10: $1\next_request_byte_pulse[0:0]
Creating decoders for process `\encryption_block.$proc$verilog/rtl/stream_cipher/encryption_block.sv:48$3'.
     1/4: $0\request_byte_pulse[0:0]
     2/4: $0\encrypted_byte_pulse[0:0]
     3/4: $0\saved_byte_in[7:0]
     4/4: $0\state[1:0]
Creating decoders for process `\data_router.$proc$verilog/rtl/stream_cipher/data_router.sv:0$1'.
     1/8: $2\key_byte_pulse[0:0]
     2/8: $2\key_byte[7:0]
     3/8: $2\byte_pulse[0:0]
     4/8: $2\byte_pulsed[7:0]
     5/8: $1\byte_pulse[0:0]
     6/8: $1\byte_pulsed[7:0]
     7/8: $1\key_byte_pulse[0:0]
     8/8: $1\key_byte[7:0]

14.2.8. Executing PROC_DLATCH pass (convert process syncs to latches).
No latch inferred for signal `\output_mux.\data_out' from process `\output_mux.$proc$verilog/rtl/stream_cipher/output_mux.sv:0$95'.
No latch inferred for signal `\output_mux.\output_byte_is_ready' from process `\output_mux.$proc$verilog/rtl/stream_cipher/output_mux.sv:0$95'.
No latch inferred for signal `\output_mux.\input_acknowledged' from process `\output_mux.$proc$verilog/rtl/stream_cipher/output_mux.sv:0$95'.
No latch inferred for signal `\interface_fsm.\next_interface_state' from process `\interface_fsm.$proc$verilog/rtl/stream_cipher/interface_fsm.sv:0$69'.
No latch inferred for signal `\hash_generator.\next_iteration_count' from process `\hash_generator.$proc$verilog/rtl/stream_cipher/hash_generator.sv:0$63'.
No latch inferred for signal `\hash_generator.\next_hash_computations_count' from process `\hash_generator.$proc$verilog/rtl/stream_cipher/hash_generator.sv:0$63'.
No latch inferred for signal `\hash_generator.\next_v0' from process `\hash_generator.$proc$verilog/rtl/stream_cipher/hash_generator.sv:0$34'.
No latch inferred for signal `\hash_generator.\next_v1' from process `\hash_generator.$proc$verilog/rtl/stream_cipher/hash_generator.sv:0$34'.
No latch inferred for signal `\hash_generator.\next_sum' from process `\hash_generator.$proc$verilog/rtl/stream_cipher/hash_generator.sv:0$34'.
No latch inferred for signal `\hash_generator.\next_computed_hash_state' from process `\hash_generator.$proc$verilog/rtl/stream_cipher/hash_generator.sv:0$30'.
No latch inferred for signal `\hash_generator.\next_served_hash' from process `\hash_generator.$proc$verilog/rtl/stream_cipher/hash_generator.sv:0$21'.
No latch inferred for signal `\hash_generator.\next_hash_number' from process `\hash_generator.$proc$verilog/rtl/stream_cipher/hash_generator.sv:0$21'.
No latch inferred for signal `\hash_generator.\next_hash_byte_pulse' from process `\hash_generator.$proc$verilog/rtl/stream_cipher/hash_generator.sv:0$18'.
No latch inferred for signal `\hash_generator.\next_hash_byte_out_index' from process `\hash_generator.$proc$verilog/rtl/stream_cipher/hash_generator.sv:0$18'.
No latch inferred for signal `\hash_generator.\generator_next_state' from process `\hash_generator.$proc$verilog/rtl/stream_cipher/hash_generator.sv:0$14'.
No latch inferred for signal `\encryption_block.\next_state' from process `\encryption_block.$proc$verilog/rtl/stream_cipher/encryption_block.sv:0$5'.
No latch inferred for signal `\encryption_block.\next_saved_byte_in' from process `\encryption_block.$proc$verilog/rtl/stream_cipher/encryption_block.sv:0$5'.
No latch inferred for signal `\encryption_block.\next_request_byte_pulse' from process `\encryption_block.$proc$verilog/rtl/stream_cipher/encryption_block.sv:0$5'.
No latch inferred for signal `\encryption_block.\next_encrypted_byte_pulse' from process `\encryption_block.$proc$verilog/rtl/stream_cipher/encryption_block.sv:0$5'.
No latch inferred for signal `\data_router.\key_byte' from process `\data_router.$proc$verilog/rtl/stream_cipher/data_router.sv:0$1'.
No latch inferred for signal `\data_router.\key_byte_pulse' from process `\data_router.$proc$verilog/rtl/stream_cipher/data_router.sv:0$1'.
No latch inferred for signal `\data_router.\byte_pulsed' from process `\data_router.$proc$verilog/rtl/stream_cipher/data_router.sv:0$1'.
No latch inferred for signal `\data_router.\byte_pulse' from process `\data_router.$proc$verilog/rtl/stream_cipher/data_router.sv:0$1'.

14.2.9. Executing PROC_DFF pass (convert process syncs to FFs).
Creating register for signal `$paramod\key_storage\KEY_WIDTH_BYTES=s32'00000000000000000000000000010000.\key_memory' using process `$paramod\key_storage\KEY_WIDTH_BYTES=s32'00000000000000000000000000010000.$proc$verilog/rtl/stream_cipher/key_storage.sv:29$107'.
  created $adff cell `$procdff$498' with positive edge clock and positive level reset.
Creating register for signal `$paramod\key_storage\KEY_WIDTH_BYTES=s32'00000000000000000000000000010000.\key_byte_index' using process `$paramod\key_storage\KEY_WIDTH_BYTES=s32'00000000000000000000000000010000.$proc$verilog/rtl/stream_cipher/key_storage.sv:29$107'.
  created $adff cell `$procdff$503' with positive edge clock and positive level reset.
Creating register for signal `$paramod\key_storage\KEY_WIDTH_BYTES=s32'00000000000000000000000000010000.\received_key_byte_pulse' using process `$paramod\key_storage\KEY_WIDTH_BYTES=s32'00000000000000000000000000010000.$proc$verilog/rtl/stream_cipher/key_storage.sv:29$107'.
  created $adff cell `$procdff$508' with positive edge clock and positive level reset.
Creating register for signal `$paramod\key_storage\KEY_WIDTH_BYTES=s32'00000000000000000000000000010000.$bitselwrite$pos$verilog/rtl/stream_cipher/key_storage.sv:42$105' using process `$paramod\key_storage\KEY_WIDTH_BYTES=s32'00000000000000000000000000010000.$proc$verilog/rtl/stream_cipher/key_storage.sv:29$107'.
  created $adff cell `$procdff$513' with positive edge clock and positive level reset.
Creating register for signal `$paramod\key_storage\KEY_WIDTH_BYTES=s32'00000000000000000000000000010000.$lookahead\key_memory$106' using process `$paramod\key_storage\KEY_WIDTH_BYTES=s32'00000000000000000000000000010000.$proc$verilog/rtl/stream_cipher/key_storage.sv:29$107'.
  created $adff cell `$procdff$518' with positive edge clock and positive level reset.
Creating register for signal `\reader.\input_byte_pulsed' using process `\reader.$proc$verilog/rtl/stream_cipher/reader.sv:37$99'.
  created $adff cell `$procdff$523' with positive edge clock and positive level reset.
Creating register for signal `\reader.\is_key_pulsed' using process `\reader.$proc$verilog/rtl/stream_cipher/reader.sv:37$99'.
  created $adff cell `$procdff$528' with positive edge clock and positive level reset.
Creating register for signal `\reader.\reset_hash_pulse' using process `\reader.$proc$verilog/rtl/stream_cipher/reader.sv:37$99'.
  created $adff cell `$procdff$533' with positive edge clock and positive level reset.
Creating register for signal `\reader.\input_byte_pulse' using process `\reader.$proc$verilog/rtl/stream_cipher/reader.sv:37$99'.
  created $adff cell `$procdff$538' with positive edge clock and positive level reset.
Creating register for signal `\output_holder.\output_holder_state' using process `\output_holder.$proc$verilog/rtl/stream_cipher/output_holder.sv:35$92'.
  created $adff cell `$procdff$543' with positive edge clock and positive level reset.
Creating register for signal `\output_holder.\data_buffer' using process `\output_holder.$proc$verilog/rtl/stream_cipher/output_holder.sv:35$92'.
  created $adff cell `$procdff$548' with positive edge clock and positive level reset.
Creating register for signal `\interface_fsm.\current_interface_state' using process `\interface_fsm.$proc$verilog/rtl/stream_cipher/interface_fsm.sv:22$67'.
  created $adff cell `$procdff$553' with positive edge clock and positive level reset.
Creating register for signal `\hash_generator.\computed_hash_state' using process `\hash_generator.$proc$verilog/rtl/stream_cipher/hash_generator.sv:218$28'.
  created $adff cell `$procdff$558' with positive edge clock and positive level reset.
Creating register for signal `\hash_generator.\v0' using process `\hash_generator.$proc$verilog/rtl/stream_cipher/hash_generator.sv:218$28'.
  created $adff cell `$procdff$563' with positive edge clock and positive level reset.
Creating register for signal `\hash_generator.\v1' using process `\hash_generator.$proc$verilog/rtl/stream_cipher/hash_generator.sv:218$28'.
  created $adff cell `$procdff$568' with positive edge clock and positive level reset.
Creating register for signal `\hash_generator.\sum' using process `\hash_generator.$proc$verilog/rtl/stream_cipher/hash_generator.sv:218$28'.
  created $adff cell `$procdff$573' with positive edge clock and positive level reset.
Creating register for signal `\hash_generator.\iteration_count' using process `\hash_generator.$proc$verilog/rtl/stream_cipher/hash_generator.sv:218$28'.
  created $adff cell `$procdff$578' with positive edge clock and positive level reset.
Creating register for signal `\hash_generator.\hash_computations_count' using process `\hash_generator.$proc$verilog/rtl/stream_cipher/hash_generator.sv:218$28'.
  created $adff cell `$procdff$583' with positive edge clock and positive level reset.
Creating register for signal `\hash_generator.\hash_byte_pulse' using process `\hash_generator.$proc$verilog/rtl/stream_cipher/hash_generator.sv:97$12'.
  created $adff cell `$procdff$588' with positive edge clock and positive level reset.
Creating register for signal `\hash_generator.\generator_current_state' using process `\hash_generator.$proc$verilog/rtl/stream_cipher/hash_generator.sv:97$12'.
  created $adff cell `$procdff$593' with positive edge clock and positive level reset.
Creating register for signal `\hash_generator.\hash_byte_out_index' using process `\hash_generator.$proc$verilog/rtl/stream_cipher/hash_generator.sv:97$12'.
  created $adff cell `$procdff$598' with positive edge clock and positive level reset.
Creating register for signal `\hash_generator.\served_hash' using process `\hash_generator.$proc$verilog/rtl/stream_cipher/hash_generator.sv:97$12'.
  created $adff cell `$procdff$603' with positive edge clock and positive level reset.
Creating register for signal `\hash_generator.\hash_number' using process `\hash_generator.$proc$verilog/rtl/stream_cipher/hash_generator.sv:97$12'.
  created $adff cell `$procdff$608' with positive edge clock and positive level reset.
Creating register for signal `\encryption_block.\state' using process `\encryption_block.$proc$verilog/rtl/stream_cipher/encryption_block.sv:48$3'.
  created $adff cell `$procdff$613' with positive edge clock and positive level reset.
Creating register for signal `\encryption_block.\saved_byte_in' using process `\encryption_block.$proc$verilog/rtl/stream_cipher/encryption_block.sv:48$3'.
  created $adff cell `$procdff$618' with positive edge clock and positive level reset.
Creating register for signal `\encryption_block.\request_byte_pulse' using process `\encryption_block.$proc$verilog/rtl/stream_cipher/encryption_block.sv:48$3'.
  created $adff cell `$procdff$623' with positive edge clock and positive level reset.
Creating register for signal `\encryption_block.\encrypted_byte_pulse' using process `\encryption_block.$proc$verilog/rtl/stream_cipher/encryption_block.sv:48$3'.
  created $adff cell `$procdff$628' with positive edge clock and positive level reset.

14.2.10. Executing PROC_MEMWR pass (convert process memory writes to cells).

14.2.11. Executing PROC_CLEAN pass (remove empty switches from decision trees).
Found and cleaned up 2 empty switches in `$paramod\key_storage\KEY_WIDTH_BYTES=s32'00000000000000000000000000010000.$proc$verilog/rtl/stream_cipher/key_storage.sv:29$107'.
Removing empty process `$paramod\key_storage\KEY_WIDTH_BYTES=s32'00000000000000000000000000010000.$proc$verilog/rtl/stream_cipher/key_storage.sv:29$107'.
Found and cleaned up 2 empty switches in `\reader.$proc$verilog/rtl/stream_cipher/reader.sv:37$99'.
Removing empty process `reader.$proc$verilog/rtl/stream_cipher/reader.sv:37$99'.
Found and cleaned up 2 empty switches in `\output_mux.$proc$verilog/rtl/stream_cipher/output_mux.sv:0$95'.
Removing empty process `output_mux.$proc$verilog/rtl/stream_cipher/output_mux.sv:0$95'.
Found and cleaned up 2 empty switches in `\output_holder.$proc$verilog/rtl/stream_cipher/output_holder.sv:35$92'.
Removing empty process `output_holder.$proc$verilog/rtl/stream_cipher/output_holder.sv:35$92'.
Found and cleaned up 4 empty switches in `\interface_fsm.$proc$verilog/rtl/stream_cipher/interface_fsm.sv:0$69'.
Removing empty process `interface_fsm.$proc$verilog/rtl/stream_cipher/interface_fsm.sv:0$69'.
Removing empty process `interface_fsm.$proc$verilog/rtl/stream_cipher/interface_fsm.sv:22$67'.
Found and cleaned up 3 empty switches in `\hash_generator.$proc$verilog/rtl/stream_cipher/hash_generator.sv:0$63'.
Removing empty process `hash_generator.$proc$verilog/rtl/stream_cipher/hash_generator.sv:0$63'.
Found and cleaned up 4 empty switches in `\hash_generator.$proc$verilog/rtl/stream_cipher/hash_generator.sv:0$34'.
Removing empty process `hash_generator.$proc$verilog/rtl/stream_cipher/hash_generator.sv:0$34'.
Found and cleaned up 5 empty switches in `\hash_generator.$proc$verilog/rtl/stream_cipher/hash_generator.sv:0$30'.
Removing empty process `hash_generator.$proc$verilog/rtl/stream_cipher/hash_generator.sv:0$30'.
Removing empty process `hash_generator.$proc$verilog/rtl/stream_cipher/hash_generator.sv:218$28'.
Found and cleaned up 2 empty switches in `\hash_generator.$proc$verilog/rtl/stream_cipher/hash_generator.sv:0$21'.
Removing empty process `hash_generator.$proc$verilog/rtl/stream_cipher/hash_generator.sv:0$21'.
Found and cleaned up 3 empty switches in `\hash_generator.$proc$verilog/rtl/stream_cipher/hash_generator.sv:0$18'.
Removing empty process `hash_generator.$proc$verilog/rtl/stream_cipher/hash_generator.sv:0$18'.
Found and cleaned up 7 empty switches in `\hash_generator.$proc$verilog/rtl/stream_cipher/hash_generator.sv:0$14'.
Removing empty process `hash_generator.$proc$verilog/rtl/stream_cipher/hash_generator.sv:0$14'.
Removing empty process `hash_generator.$proc$verilog/rtl/stream_cipher/hash_generator.sv:97$12'.
Found and cleaned up 4 empty switches in `\encryption_block.$proc$verilog/rtl/stream_cipher/encryption_block.sv:0$5'.
Removing empty process `encryption_block.$proc$verilog/rtl/stream_cipher/encryption_block.sv:0$5'.
Removing empty process `encryption_block.$proc$verilog/rtl/stream_cipher/encryption_block.sv:48$3'.
Found and cleaned up 2 empty switches in `\data_router.$proc$verilog/rtl/stream_cipher/data_router.sv:0$1'.
Removing empty process `data_router.$proc$verilog/rtl/stream_cipher/data_router.sv:0$1'.
Cleaned up 42 empty switches.

14.2.12. Executing OPT_EXPR pass (perform const folding).
Optimizing module $paramod\key_storage\KEY_WIDTH_BYTES=s32'00000000000000000000000000010000.
<suppressed ~10 debug messages>
Optimizing module reader.
<suppressed ~9 debug messages>
Optimizing module stream_cipher.
<suppressed ~1 debug messages>
Optimizing module output_mux.
<suppressed ~2 debug messages>
Optimizing module output_holder.
<suppressed ~5 debug messages>
Optimizing module top.
Optimizing module interface_fsm.
<suppressed ~5 debug messages>
Optimizing module hash_generator.
<suppressed ~35 debug messages>
Optimizing module encryption_block.
<suppressed ~13 debug messages>
Optimizing module data_router.

14.3. Executing OPT_EXPR pass (perform const folding).
Optimizing module $paramod\key_storage\KEY_WIDTH_BYTES=s32'00000000000000000000000000010000.
<suppressed ~3 debug messages>
Optimizing module reader.
Optimizing module stream_cipher.
Optimizing module output_mux.
Optimizing module output_holder.
Optimizing module top.
Optimizing module interface_fsm.
Optimizing module hash_generator.
<suppressed ~9 debug messages>
Optimizing module encryption_block.
Optimizing module data_router.

14.4. Executing OPT_CLEAN pass (remove unused cells and wires).
Finding unused cells or wires in module $paramod\key_storage\KEY_WIDTH_BYTES=s32'00000000000000000000000000010000..
Finding unused cells or wires in module \reader..
Finding unused cells or wires in module \stream_cipher..
Finding unused cells or wires in module \output_mux..
Finding unused cells or wires in module \output_holder..
Finding unused cells or wires in module \top..
Finding unused cells or wires in module \interface_fsm..
Finding unused cells or wires in module \hash_generator..
Finding unused cells or wires in module \encryption_block..
Finding unused cells or wires in module \data_router..
Removed 53 unused cells and 316 unused wires.
<suppressed ~67 debug messages>

14.5. Executing CHECK pass (checking for obvious problems).
Checking module $paramod\key_storage\KEY_WIDTH_BYTES=s32'00000000000000000000000000010000...
Checking module data_router...
Checking module encryption_block...
Checking module hash_generator...
Checking module interface_fsm...
Checking module output_holder...
Checking module output_mux...
Checking module reader...
Checking module stream_cipher...
Checking module top...
Found and reported 0 problems.

14.6. Executing OPT pass (performing simple optimizations).

14.6.1. Executing OPT_EXPR pass (perform const folding).
Optimizing module $paramod\key_storage\KEY_WIDTH_BYTES=s32'00000000000000000000000000010000.
Optimizing module data_router.
Optimizing module encryption_block.
Optimizing module hash_generator.
Optimizing module interface_fsm.
Optimizing module output_holder.
Optimizing module output_mux.
Optimizing module reader.
Optimizing module stream_cipher.
Optimizing module top.

14.6.2. Executing OPT_MERGE pass (detect identical cells).
Finding identical cells in module `$paramod\key_storage\KEY_WIDTH_BYTES=s32'00000000000000000000000000010000'.
<suppressed ~3 debug messages>
Finding identical cells in module `\data_router'.
Finding identical cells in module `\encryption_block'.
<suppressed ~27 debug messages>
Finding identical cells in module `\hash_generator'.
<suppressed ~72 debug messages>
Finding identical cells in module `\interface_fsm'.
<suppressed ~9 debug messages>
Finding identical cells in module `\output_holder'.
Finding identical cells in module `\output_mux'.
Finding identical cells in module `\reader'.
Finding identical cells in module `\stream_cipher'.
Finding identical cells in module `\top'.
Removed a total of 37 cells.

14.6.3. Executing OPT_MUXTREE pass (detect dead branches in mux trees).
Running muxtree optimizer on module $paramod\key_storage\KEY_WIDTH_BYTES=s32'00000000000000000000000000010000..
  Creating internal representation of mux trees.
  Evaluating internal representation of mux trees.
  Analyzing evaluation results.
Running muxtree optimizer on module \data_router..
  Creating internal representation of mux trees.
  Evaluating internal representation of mux trees.
  Analyzing evaluation results.
    dead port 2/2 on $mux $procmux$462.
    dead port 2/2 on $mux $procmux$468.
    dead port 2/2 on $mux $procmux$474.
    dead port 2/2 on $mux $procmux$480.
Running muxtree optimizer on module \encryption_block..
  Creating internal representation of mux trees.
  Evaluating internal representation of mux trees.
  Analyzing evaluation results.
    dead port 2/2 on $mux $procmux$409.
    dead port 2/2 on $mux $procmux$416.
    dead port 2/2 on $mux $procmux$423.
    dead port 2/2 on $mux $procmux$431.
    dead port 2/2 on $mux $procmux$439.
    dead port 2/2 on $mux $procmux$403.
Running muxtree optimizer on module \hash_generator..
  Creating internal representation of mux trees.
  Evaluating internal representation of mux trees.
  Analyzing evaluation results.
    dead port 2/2 on $mux $procmux$211.
    dead port 2/2 on $mux $procmux$217.
    dead port 2/2 on $mux $procmux$293.
    dead port 2/2 on $mux $procmux$300.
    dead port 2/2 on $mux $procmux$308.
    dead port 2/2 on $mux $procmux$334.
    dead port 2/2 on $mux $procmux$352.
    dead port 2/2 on $mux $procmux$359.
    dead port 2/2 on $mux $procmux$368.
    dead port 2/2 on $mux $procmux$378.
    dead port 2/2 on $mux $procmux$389.
Running muxtree optimizer on module \interface_fsm..
  Creating internal representation of mux trees.
  Evaluating internal representation of mux trees.
  Analyzing evaluation results.
    dead port 2/2 on $mux $procmux$186.
    dead port 2/2 on $mux $procmux$194.
    dead port 2/2 on $mux $procmux$179.
Running muxtree optimizer on module \output_holder..
  Creating internal representation of mux trees.
  Evaluating internal representation of mux trees.
  Analyzing evaluation results.
Running muxtree optimizer on module \output_mux..
  Creating internal representation of mux trees.
  Evaluating internal representation of mux trees.
  Analyzing evaluation results.
Running muxtree optimizer on module \reader..
  Creating internal representation of mux trees.
  Evaluating internal representation of mux trees.
  Analyzing evaluation results.
Running muxtree optimizer on module \stream_cipher..
  Creating internal representation of mux trees.
  No muxes found in this module.
Running muxtree optimizer on module \top..
  Creating internal representation of mux trees.
  No muxes found in this module.
Removed 24 multiplexer ports.
<suppressed ~31 debug messages>

14.6.4. Executing OPT_REDUCE pass (consolidate $*mux and $reduce_* inputs).
  Optimizing cells in module $paramod\key_storage\KEY_WIDTH_BYTES=s32'00000000000000000000000000010000.
  Optimizing cells in module \data_router.
  Optimizing cells in module \encryption_block.
  Optimizing cells in module \hash_generator.
  Optimizing cells in module \interface_fsm.
  Optimizing cells in module \output_holder.
  Optimizing cells in module \output_mux.
  Optimizing cells in module \reader.
  Optimizing cells in module \stream_cipher.
  Optimizing cells in module \top.
Performed a total of 0 changes.

14.6.5. Executing OPT_MERGE pass (detect identical cells).
Finding identical cells in module `$paramod\key_storage\KEY_WIDTH_BYTES=s32'00000000000000000000000000010000'.
Finding identical cells in module `\data_router'.
Finding identical cells in module `\encryption_block'.
Finding identical cells in module `\hash_generator'.
Finding identical cells in module `\interface_fsm'.
Finding identical cells in module `\output_holder'.
Finding identical cells in module `\output_mux'.
Finding identical cells in module `\reader'.
Finding identical cells in module `\stream_cipher'.
Finding identical cells in module `\top'.
Removed a total of 0 cells.

14.6.6. Executing OPT_DFF pass (perform DFF optimizations).
Setting constant 0-bit at position 3 on $procdff$598 ($adff) from module hash_generator.

14.6.7. Executing OPT_CLEAN pass (remove unused cells and wires).
Finding unused cells or wires in module $paramod\key_storage\KEY_WIDTH_BYTES=s32'00000000000000000000000000010000..
Finding unused cells or wires in module \data_router..
Finding unused cells or wires in module \encryption_block..
Finding unused cells or wires in module \hash_generator..
Finding unused cells or wires in module \interface_fsm..
Finding unused cells or wires in module \output_holder..
Finding unused cells or wires in module \output_mux..
Finding unused cells or wires in module \reader..
Finding unused cells or wires in module \stream_cipher..
Finding unused cells or wires in module \top..
Removed 0 unused cells and 61 unused wires.
<suppressed ~5 debug messages>

14.6.8. Executing OPT_EXPR pass (perform const folding).
Optimizing module $paramod\key_storage\KEY_WIDTH_BYTES=s32'00000000000000000000000000010000.
Optimizing module data_router.
Optimizing module encryption_block.
Optimizing module hash_generator.
Optimizing module interface_fsm.
Optimizing module output_holder.
Optimizing module output_mux.
Optimizing module reader.
Optimizing module stream_cipher.
Optimizing module top.

14.6.9. Rerunning OPT passes. (Maybe there is more to do..)

14.6.10. Executing OPT_MUXTREE pass (detect dead branches in mux trees).
Running muxtree optimizer on module $paramod\key_storage\KEY_WIDTH_BYTES=s32'00000000000000000000000000010000..
  Creating internal representation of mux trees.
  Evaluating internal representation of mux trees.
  Analyzing evaluation results.
Running muxtree optimizer on module \data_router..
  Creating internal representation of mux trees.
  Evaluating internal representation of mux trees.
  Analyzing evaluation results.
Running muxtree optimizer on module \encryption_block..
  Creating internal representation of mux trees.
  Evaluating internal representation of mux trees.
  Analyzing evaluation results.
Running muxtree optimizer on module \hash_generator..
  Creating internal representation of mux trees.
  Evaluating internal representation of mux trees.
  Analyzing evaluation results.
Running muxtree optimizer on module \interface_fsm..
  Creating internal representation of mux trees.
  Evaluating internal representation of mux trees.
  Analyzing evaluation results.
Running muxtree optimizer on module \output_holder..
  Creating internal representation of mux trees.
  Evaluating internal representation of mux trees.
  Analyzing evaluation results.
Running muxtree optimizer on module \output_mux..
  Creating internal representation of mux trees.
  Evaluating internal representation of mux trees.
  Analyzing evaluation results.
Running muxtree optimizer on module \reader..
  Creating internal representation of mux trees.
  Evaluating internal representation of mux trees.
  Analyzing evaluation results.
Running muxtree optimizer on module \stream_cipher..
  Creating internal representation of mux trees.
  No muxes found in this module.
Running muxtree optimizer on module \top..
  Creating internal representation of mux trees.
  No muxes found in this module.
Removed 0 multiplexer ports.
<suppressed ~31 debug messages>

14.6.11. Executing OPT_REDUCE pass (consolidate $*mux and $reduce_* inputs).
  Optimizing cells in module $paramod\key_storage\KEY_WIDTH_BYTES=s32'00000000000000000000000000010000.
  Optimizing cells in module \data_router.
  Optimizing cells in module \encryption_block.
  Optimizing cells in module \hash_generator.
  Optimizing cells in module \interface_fsm.
  Optimizing cells in module \output_holder.
  Optimizing cells in module \output_mux.
  Optimizing cells in module \reader.
  Optimizing cells in module \stream_cipher.
  Optimizing cells in module \top.
Performed a total of 0 changes.

14.6.12. Executing OPT_MERGE pass (detect identical cells).
Finding identical cells in module `$paramod\key_storage\KEY_WIDTH_BYTES=s32'00000000000000000000000000010000'.
Finding identical cells in module `\data_router'.
Finding identical cells in module `\encryption_block'.
Finding identical cells in module `\hash_generator'.
Finding identical cells in module `\interface_fsm'.
Finding identical cells in module `\output_holder'.
Finding identical cells in module `\output_mux'.
Finding identical cells in module `\reader'.
Finding identical cells in module `\stream_cipher'.
Finding identical cells in module `\top'.
Removed a total of 0 cells.

14.6.13. Executing OPT_DFF pass (perform DFF optimizations).

14.6.14. Executing OPT_CLEAN pass (remove unused cells and wires).
Finding unused cells or wires in module $paramod\key_storage\KEY_WIDTH_BYTES=s32'00000000000000000000000000010000..
Finding unused cells or wires in module \data_router..
Finding unused cells or wires in module \encryption_block..
Finding unused cells or wires in module \hash_generator..
Finding unused cells or wires in module \interface_fsm..
Finding unused cells or wires in module \output_holder..
Finding unused cells or wires in module \output_mux..
Finding unused cells or wires in module \reader..
Finding unused cells or wires in module \stream_cipher..
Finding unused cells or wires in module \top..

14.6.15. Executing OPT_EXPR pass (perform const folding).
Optimizing module $paramod\key_storage\KEY_WIDTH_BYTES=s32'00000000000000000000000000010000.
Optimizing module data_router.
Optimizing module encryption_block.
Optimizing module hash_generator.
Optimizing module interface_fsm.
Optimizing module output_holder.
Optimizing module output_mux.
Optimizing module reader.
Optimizing module stream_cipher.
Optimizing module top.

14.6.16. Finished OPT passes. (There is nothing left to do.)

14.7. Executing FSM pass (extract and optimize FSM).

14.7.1. Executing FSM_DETECT pass (finding FSMs in design).
Not marking encryption_block.state as FSM state register:
    Register is connected to module port.
    Users of register don't seem to benefit from recoding.
Found FSM state register hash_generator.computed_hash_state.
Not marking hash_generator.generator_current_state as FSM state register:
    Register is connected to module port.
    Users of register don't seem to benefit from recoding.
Not marking interface_fsm.current_interface_state as FSM state register:
    Register is connected to module port.
    Users of register don't seem to benefit from recoding.
    Circuit seems to be self-resetting.

14.7.2. Executing FSM_EXTRACT pass (extracting FSM from design).
Extracting FSM `\computed_hash_state' from module `\hash_generator'.
  found $adff cell for state register: $procdff$558
  root of input selection tree: \next_computed_hash_state
  found reset state: 2'00 (from async reset)
  found ctrl input: \reset_hash
  found ctrl input: $eq$verilog/rtl/stream_cipher/hash_generator.sv:127$15_Y
  found ctrl input: $eq$verilog/rtl/stream_cipher/hash_generator.sv:283$35_Y
  found ctrl input: $procmux$309_CMP
  found ctrl input: $ge$verilog/rtl/stream_cipher/hash_generator.sv:256$33_Y
  found state code: 2'10
  found ctrl input: $ge$verilog/rtl/stream_cipher/hash_generator.sv:250$32_Y
  found state code: 2'01
  found ctrl input: $eq$verilog/rtl/stream_cipher/hash_generator.sv:203$22_Y
  found ctrl output: $eq$verilog/rtl/stream_cipher/hash_generator.sv:127$15_Y
  found ctrl output: $eq$verilog/rtl/stream_cipher/hash_generator.sv:283$35_Y
  found ctrl output: $procmux$309_CMP
  ctrl inputs: { $ge$verilog/rtl/stream_cipher/hash_generator.sv:256$33_Y $ge$verilog/rtl/stream_cipher/hash_generator.sv:250$32_Y $eq$verilog/rtl/stream_cipher/hash_generator.sv:203$22_Y \reset_hash }
  ctrl outputs: { $procmux$309_CMP $eq$verilog/rtl/stream_cipher/hash_generator.sv:283$35_Y $eq$verilog/rtl/stream_cipher/hash_generator.sv:127$15_Y \next_computed_hash_state }
  transition:       2'00 4'--00 ->       2'00 5'10000
  transition:       2'00 4'--10 ->       2'10 5'10010
  transition:       2'00 4'---1 ->       2'00 5'10000
  transition:       2'10 4'-0-0 ->       2'10 5'01010
  transition:       2'10 4'-1-0 ->       2'01 5'01001
  transition:       2'10 4'---1 ->       2'00 5'01000
  transition:       2'01 4'0--0 ->       2'01 5'00101
  transition:       2'01 4'1--0 ->       2'10 5'00110
  transition:       2'01 4'---1 ->       2'00 5'00100

14.7.3. Executing FSM_OPT pass (simple optimizations of FSMs).
Optimizing FSM `$fsm$\computed_hash_state$630' from module `\hash_generator'.

14.7.4. Executing OPT_CLEAN pass (remove unused cells and wires).
Finding unused cells or wires in module $paramod\key_storage\KEY_WIDTH_BYTES=s32'00000000000000000000000000010000..
Finding unused cells or wires in module \data_router..
Finding unused cells or wires in module \encryption_block..
Finding unused cells or wires in module \hash_generator..
Finding unused cells or wires in module \interface_fsm..
Finding unused cells or wires in module \output_holder..
Finding unused cells or wires in module \output_mux..
Finding unused cells or wires in module \reader..
Finding unused cells or wires in module \stream_cipher..
Finding unused cells or wires in module \top..
Removed 9 unused cells and 9 unused wires.
<suppressed ~10 debug messages>

14.7.5. Executing FSM_OPT pass (simple optimizations of FSMs).
Optimizing FSM `$fsm$\computed_hash_state$630' from module `\hash_generator'.
  Removing unused output signal \next_computed_hash_state [0].
  Removing unused output signal \next_computed_hash_state [1].
  Removing unused output signal $procmux$309_CMP.

14.7.6. Executing FSM_RECODE pass (re-assigning FSM state encoding).
Recoding FSM `$fsm$\computed_hash_state$630' from module `\hash_generator' using `auto' encoding:
  mapping auto encoding to `one-hot` for this FSM.
  00 -> --1
  10 -> -1-
  01 -> 1--

14.7.7. Executing FSM_INFO pass (dumping all available information on FSM cells).

FSM `$fsm$\computed_hash_state$630' from module `hash_generator':
-------------------------------------

  Information on FSM $fsm$\computed_hash_state$630 (\computed_hash_state):

  Number of input signals:    4
  Number of output signals:   2
  Number of state bits:       3

  Input signals:
    0: \reset_hash
    1: $eq$verilog/rtl/stream_cipher/hash_generator.sv:203$22_Y
    2: $ge$verilog/rtl/stream_cipher/hash_generator.sv:250$32_Y
    3: $ge$verilog/rtl/stream_cipher/hash_generator.sv:256$33_Y

  Output signals:
    0: $eq$verilog/rtl/stream_cipher/hash_generator.sv:127$15_Y
    1: $eq$verilog/rtl/stream_cipher/hash_generator.sv:283$35_Y

  State encoding:
    0:      3'--1  <RESET STATE>
    1:      3'-1-
    2:      3'1--

  Transition Table (state_in, ctrl_in, state_out, ctrl_out):
      0:     0 4'--00   ->     0 2'00
      1:     0 4'---1   ->     0 2'00
      2:     0 4'--10   ->     1 2'00
      3:     1 4'---1   ->     0 2'10
      4:     1 4'-0-0   ->     1 2'10
      5:     1 4'-1-0   ->     2 2'10
      6:     2 4'---1   ->     0 2'01
      7:     2 4'1--0   ->     1 2'01
      8:     2 4'0--0   ->     2 2'01

-------------------------------------

14.7.8. Executing FSM_MAP pass (mapping FSMs to basic logic).
Mapping FSM `$fsm$\computed_hash_state$630' from module `\hash_generator'.

14.8. Executing OPT pass (performing simple optimizations).

14.8.1. Executing OPT_EXPR pass (perform const folding).
Optimizing module $paramod\key_storage\KEY_WIDTH_BYTES=s32'00000000000000000000000000010000.
Optimizing module data_router.
Optimizing module encryption_block.
Optimizing module hash_generator.
<suppressed ~4 debug messages>
Optimizing module interface_fsm.
Optimizing module output_holder.
Optimizing module output_mux.
Optimizing module reader.
Optimizing module stream_cipher.
Optimizing module top.

14.8.2. Executing OPT_MERGE pass (detect identical cells).
Finding identical cells in module `$paramod\key_storage\KEY_WIDTH_BYTES=s32'00000000000000000000000000010000'.
Finding identical cells in module `\data_router'.
Finding identical cells in module `\encryption_block'.
Finding identical cells in module `\hash_generator'.
Finding identical cells in module `\interface_fsm'.
Finding identical cells in module `\output_holder'.
Finding identical cells in module `\output_mux'.
Finding identical cells in module `\reader'.
Finding identical cells in module `\stream_cipher'.
Finding identical cells in module `\top'.
Removed a total of 0 cells.

14.8.3. Executing OPT_MUXTREE pass (detect dead branches in mux trees).
Running muxtree optimizer on module $paramod\key_storage\KEY_WIDTH_BYTES=s32'00000000000000000000000000010000..
  Creating internal representation of mux trees.
  Evaluating internal representation of mux trees.
  Analyzing evaluation results.
Running muxtree optimizer on module \data_router..
  Creating internal representation of mux trees.
  Evaluating internal representation of mux trees.
  Analyzing evaluation results.
Running muxtree optimizer on module \encryption_block..
  Creating internal representation of mux trees.
  Evaluating internal representation of mux trees.
  Analyzing evaluation results.
Running muxtree optimizer on module \hash_generator..
  Creating internal representation of mux trees.
  Evaluating internal representation of mux trees.
  Analyzing evaluation results.
Running muxtree optimizer on module \interface_fsm..
  Creating internal representation of mux trees.
  Evaluating internal representation of mux trees.
  Analyzing evaluation results.
Running muxtree optimizer on module \output_holder..
  Creating internal representation of mux trees.
  Evaluating internal representation of mux trees.
  Analyzing evaluation results.
Running muxtree optimizer on module \output_mux..
  Creating internal representation of mux trees.
  Evaluating internal representation of mux trees.
  Analyzing evaluation results.
Running muxtree optimizer on module \reader..
  Creating internal representation of mux trees.
  Evaluating internal representation of mux trees.
  Analyzing evaluation results.
Running muxtree optimizer on module \stream_cipher..
  Creating internal representation of mux trees.
  No muxes found in this module.
Running muxtree optimizer on module \top..
  Creating internal representation of mux trees.
  No muxes found in this module.
Removed 0 multiplexer ports.
<suppressed ~30 debug messages>

14.8.4. Executing OPT_REDUCE pass (consolidate $*mux and $reduce_* inputs).
  Optimizing cells in module $paramod\key_storage\KEY_WIDTH_BYTES=s32'00000000000000000000000000010000.
  Optimizing cells in module \data_router.
  Optimizing cells in module \encryption_block.
  Optimizing cells in module \hash_generator.
  Optimizing cells in module \interface_fsm.
  Optimizing cells in module \output_holder.
  Optimizing cells in module \output_mux.
  Optimizing cells in module \reader.
  Optimizing cells in module \stream_cipher.
  Optimizing cells in module \top.
Performed a total of 0 changes.

14.8.5. Executing OPT_MERGE pass (detect identical cells).
Finding identical cells in module `$paramod\key_storage\KEY_WIDTH_BYTES=s32'00000000000000000000000000010000'.
Finding identical cells in module `\data_router'.
Finding identical cells in module `\encryption_block'.
Finding identical cells in module `\hash_generator'.
Finding identical cells in module `\interface_fsm'.
Finding identical cells in module `\output_holder'.
Finding identical cells in module `\output_mux'.
Finding identical cells in module `\reader'.
Finding identical cells in module `\stream_cipher'.
Finding identical cells in module `\top'.
Removed a total of 0 cells.

14.8.6. Executing OPT_DFF pass (perform DFF optimizations).
Adding EN signal on $procdff$503 ($adff) from module $paramod\key_storage\KEY_WIDTH_BYTES=s32'00000000000000000000000000010000 (D = $procmux$137_Y, Q = \key_byte_index).
Adding EN signal on $procdff$498 ($adff) from module $paramod\key_storage\KEY_WIDTH_BYTES=s32'00000000000000000000000000010000 (D = $or$verilog/rtl/stream_cipher/key_storage.sv:0$123_Y, Q = \key_memory).
Adding EN signal on $procdff$618 ($adff) from module encryption_block (D = \byte_in, Q = \saved_byte_in).
Adding EN signal on $procdff$613 ($adff) from module encryption_block (D = \next_state, Q = \state).
Adding EN signal on $procdff$608 ($adff) from module hash_generator (D = \next_hash_number, Q = \hash_number).
Adding EN signal on $procdff$603 ($adff) from module hash_generator (D = \next_served_hash, Q = \served_hash).
Adding EN signal on $procdff$593 ($adff) from module hash_generator (D = \generator_next_state, Q = \generator_current_state).
Adding EN signal on $procdff$583 ($adff) from module hash_generator (D = \next_hash_computations_count, Q = \hash_computations_count).
Adding EN signal on $procdff$578 ($adff) from module hash_generator (D = \next_iteration_count, Q = \iteration_count).
Adding EN signal on $procdff$573 ($adff) from module hash_generator (D = \next_sum, Q = \sum).
Adding EN signal on $procdff$568 ($adff) from module hash_generator (D = \next_v1, Q = \v1).
Adding EN signal on $procdff$563 ($adff) from module hash_generator (D = \next_v0, Q = \v0).
Adding EN signal on $auto$ff.cc:266:slice$629 ($adff) from module hash_generator (D = \next_hash_byte_out_index, Q = \hash_byte_out_index [2:0]).
Adding EN signal on $procdff$553 ($adff) from module interface_fsm (D = \next_interface_state, Q = \current_interface_state).
Adding EN signal on $procdff$548 ($adff) from module output_holder (D = \data_in, Q = \data_buffer).
Adding EN signal on $procdff$543 ($adff) from module output_holder (D = $0\output_holder_state[0:0], Q = \output_holder_state).
Adding EN signal on $procdff$533 ($adff) from module reader (D = 1'1, Q = \reset_hash_pulse).

14.8.7. Executing OPT_CLEAN pass (remove unused cells and wires).
Finding unused cells or wires in module $paramod\key_storage\KEY_WIDTH_BYTES=s32'00000000000000000000000000010000..
Finding unused cells or wires in module \data_router..
Finding unused cells or wires in module \encryption_block..
Finding unused cells or wires in module \hash_generator..
Finding unused cells or wires in module \interface_fsm..
Finding unused cells or wires in module \output_holder..
Finding unused cells or wires in module \output_mux..
Finding unused cells or wires in module \reader..
Finding unused cells or wires in module \stream_cipher..
Finding unused cells or wires in module \top..
Removed 7 unused cells and 14 unused wires.
<suppressed ~14 debug messages>

14.8.8. Executing OPT_EXPR pass (perform const folding).
Optimizing module $paramod\key_storage\KEY_WIDTH_BYTES=s32'00000000000000000000000000010000.
Optimizing module data_router.
Optimizing module encryption_block.
<suppressed ~1 debug messages>
Optimizing module hash_generator.
<suppressed ~9 debug messages>
Optimizing module interface_fsm.
Optimizing module output_holder.
<suppressed ~1 debug messages>
Optimizing module output_mux.
Optimizing module reader.
Optimizing module stream_cipher.
Optimizing module top.

14.8.9. Rerunning OPT passes. (Maybe there is more to do..)

14.8.10. Executing OPT_MUXTREE pass (detect dead branches in mux trees).
Running muxtree optimizer on module $paramod\key_storage\KEY_WIDTH_BYTES=s32'00000000000000000000000000010000..
  Creating internal representation of mux trees.
  Evaluating internal representation of mux trees.
  Analyzing evaluation results.
Running muxtree optimizer on module \data_router..
  Creating internal representation of mux trees.
  Evaluating internal representation of mux trees.
  Analyzing evaluation results.
Running muxtree optimizer on module \encryption_block..
  Creating internal representation of mux trees.
  Evaluating internal representation of mux trees.
  Analyzing evaluation results.
Running muxtree optimizer on module \hash_generator..
  Creating internal representation of mux trees.
  Evaluating internal representation of mux trees.
  Analyzing evaluation results.
Running muxtree optimizer on module \interface_fsm..
  Creating internal representation of mux trees.
  Evaluating internal representation of mux trees.
  Analyzing evaluation results.
Running muxtree optimizer on module \output_holder..
  Creating internal representation of mux trees.
  Evaluating internal representation of mux trees.
  Analyzing evaluation results.
Running muxtree optimizer on module \output_mux..
  Creating internal representation of mux trees.
  Evaluating internal representation of mux trees.
  Analyzing evaluation results.
Running muxtree optimizer on module \reader..
  Creating internal representation of mux trees.
  Evaluating internal representation of mux trees.
  Analyzing evaluation results.
Running muxtree optimizer on module \stream_cipher..
  Creating internal representation of mux trees.
  No muxes found in this module.
Running muxtree optimizer on module \top..
  Creating internal representation of mux trees.
  No muxes found in this module.
Removed 0 multiplexer ports.
<suppressed ~26 debug messages>

14.8.11. Executing OPT_REDUCE pass (consolidate $*mux and $reduce_* inputs).
  Optimizing cells in module $paramod\key_storage\KEY_WIDTH_BYTES=s32'00000000000000000000000000010000.
  Optimizing cells in module \data_router.
  Optimizing cells in module \encryption_block.
  Optimizing cells in module \hash_generator.
  Optimizing cells in module \interface_fsm.
  Optimizing cells in module \output_holder.
  Optimizing cells in module \output_mux.
  Optimizing cells in module \reader.
  Optimizing cells in module \stream_cipher.
  Optimizing cells in module \top.
Performed a total of 0 changes.

14.8.12. Executing OPT_MERGE pass (detect identical cells).
Finding identical cells in module `$paramod\key_storage\KEY_WIDTH_BYTES=s32'00000000000000000000000000010000'.
Finding identical cells in module `\data_router'.
Finding identical cells in module `\encryption_block'.
Finding identical cells in module `\hash_generator'.
<suppressed ~18 debug messages>
Finding identical cells in module `\interface_fsm'.
Finding identical cells in module `\output_holder'.
Finding identical cells in module `\output_mux'.
Finding identical cells in module `\reader'.
Finding identical cells in module `\stream_cipher'.
Finding identical cells in module `\top'.
Removed a total of 6 cells.

14.8.13. Executing OPT_DFF pass (perform DFF optimizations).

14.8.14. Executing OPT_CLEAN pass (remove unused cells and wires).
Finding unused cells or wires in module $paramod\key_storage\KEY_WIDTH_BYTES=s32'00000000000000000000000000010000..
Finding unused cells or wires in module \data_router..
Finding unused cells or wires in module \encryption_block..
Finding unused cells or wires in module \hash_generator..
Finding unused cells or wires in module \interface_fsm..
Finding unused cells or wires in module \output_holder..
Finding unused cells or wires in module \output_mux..
Finding unused cells or wires in module \reader..
Finding unused cells or wires in module \stream_cipher..
Finding unused cells or wires in module \top..
Removed 0 unused cells and 6 unused wires.
<suppressed ~1 debug messages>

14.8.15. Executing OPT_EXPR pass (perform const folding).
Optimizing module $paramod\key_storage\KEY_WIDTH_BYTES=s32'00000000000000000000000000010000.
Optimizing module data_router.
Optimizing module encryption_block.
Optimizing module hash_generator.
Optimizing module interface_fsm.
Optimizing module output_holder.
Optimizing module output_mux.
Optimizing module reader.
Optimizing module stream_cipher.
Optimizing module top.

14.8.16. Rerunning OPT passes. (Maybe there is more to do..)

14.8.17. Executing OPT_MUXTREE pass (detect dead branches in mux trees).
Running muxtree optimizer on module $paramod\key_storage\KEY_WIDTH_BYTES=s32'00000000000000000000000000010000..
  Creating internal representation of mux trees.
  Evaluating internal representation of mux trees.
  Analyzing evaluation results.
Running muxtree optimizer on module \data_router..
  Creating internal representation of mux trees.
  Evaluating internal representation of mux trees.
  Analyzing evaluation results.
Running muxtree optimizer on module \encryption_block..
  Creating internal representation of mux trees.
  Evaluating internal representation of mux trees.
  Analyzing evaluation results.
Running muxtree optimizer on module \hash_generator..
  Creating internal representation of mux trees.
  Evaluating internal representation of mux trees.
  Analyzing evaluation results.
Running muxtree optimizer on module \interface_fsm..
  Creating internal representation of mux trees.
  Evaluating internal representation of mux trees.
  Analyzing evaluation results.
Running muxtree optimizer on module \output_holder..
  Creating internal representation of mux trees.
  Evaluating internal representation of mux trees.
  Analyzing evaluation results.
Running muxtree optimizer on module \output_mux..
  Creating internal representation of mux trees.
  Evaluating internal representation of mux trees.
  Analyzing evaluation results.
Running muxtree optimizer on module \reader..
  Creating internal representation of mux trees.
  Evaluating internal representation of mux trees.
  Analyzing evaluation results.
Running muxtree optimizer on module \stream_cipher..
  Creating internal representation of mux trees.
  No muxes found in this module.
Running muxtree optimizer on module \top..
  Creating internal representation of mux trees.
  No muxes found in this module.
Removed 0 multiplexer ports.
<suppressed ~26 debug messages>

14.8.18. Executing OPT_REDUCE pass (consolidate $*mux and $reduce_* inputs).
  Optimizing cells in module $paramod\key_storage\KEY_WIDTH_BYTES=s32'00000000000000000000000000010000.
  Optimizing cells in module \data_router.
  Optimizing cells in module \encryption_block.
  Optimizing cells in module \hash_generator.
  Optimizing cells in module \interface_fsm.
  Optimizing cells in module \output_holder.
  Optimizing cells in module \output_mux.
  Optimizing cells in module \reader.
  Optimizing cells in module \stream_cipher.
  Optimizing cells in module \top.
Performed a total of 0 changes.

14.8.19. Executing OPT_MERGE pass (detect identical cells).
Finding identical cells in module `$paramod\key_storage\KEY_WIDTH_BYTES=s32'00000000000000000000000000010000'.
Finding identical cells in module `\data_router'.
Finding identical cells in module `\encryption_block'.
Finding identical cells in module `\hash_generator'.
Finding identical cells in module `\interface_fsm'.
Finding identical cells in module `\output_holder'.
Finding identical cells in module `\output_mux'.
Finding identical cells in module `\reader'.
Finding identical cells in module `\stream_cipher'.
Finding identical cells in module `\top'.
Removed a total of 0 cells.

14.8.20. Executing OPT_DFF pass (perform DFF optimizations).

14.8.21. Executing OPT_CLEAN pass (remove unused cells and wires).
Finding unused cells or wires in module $paramod\key_storage\KEY_WIDTH_BYTES=s32'00000000000000000000000000010000..
Finding unused cells or wires in module \data_router..
Finding unused cells or wires in module \encryption_block..
Finding unused cells or wires in module \hash_generator..
Finding unused cells or wires in module \interface_fsm..
Finding unused cells or wires in module \output_holder..
Finding unused cells or wires in module \output_mux..
Finding unused cells or wires in module \reader..
Finding unused cells or wires in module \stream_cipher..
Finding unused cells or wires in module \top..

14.8.22. Executing OPT_EXPR pass (perform const folding).
Optimizing module $paramod\key_storage\KEY_WIDTH_BYTES=s32'00000000000000000000000000010000.
Optimizing module data_router.
Optimizing module encryption_block.
Optimizing module hash_generator.
Optimizing module interface_fsm.
Optimizing module output_holder.
Optimizing module output_mux.
Optimizing module reader.
Optimizing module stream_cipher.
Optimizing module top.

14.8.23. Finished OPT passes. (There is nothing left to do.)

14.9. Executing WREDUCE pass (reducing word size of cells).
Removed top 25 bits (of 33) from port A of cell $paramod\key_storage\KEY_WIDTH_BYTES=s32'00000000000000000000000000010000.$neg$verilog/rtl/stream_cipher/key_storage.sv:0$117 ($neg).
Converting cell $paramod\key_storage\KEY_WIDTH_BYTES=s32'00000000000000000000000000010000.$neg$verilog/rtl/stream_cipher/key_storage.sv:0$117 ($neg) from signed to unsigned.
Removed top 1 bits (of 8) from port A of cell $paramod\key_storage\KEY_WIDTH_BYTES=s32'00000000000000000000000000010000.$neg$verilog/rtl/stream_cipher/key_storage.sv:0$117 ($neg).
Removed top 31 bits (of 32) from port B of cell $paramod\key_storage\KEY_WIDTH_BYTES=s32'00000000000000000000000000010000.$add$verilog/rtl/stream_cipher/key_storage.sv:48$125 ($add).
Removed top 28 bits (of 32) from port Y of cell $paramod\key_storage\KEY_WIDTH_BYTES=s32'00000000000000000000000000010000.$add$verilog/rtl/stream_cipher/key_storage.sv:48$125 ($add).
Removed top 28 bits (of 32) from wire $paramod\key_storage\KEY_WIDTH_BYTES=s32'00000000000000000000000000010000.$add$verilog/rtl/stream_cipher/key_storage.sv:48$125_Y.
Removed top 1 bits (of 3) from port B of cell encryption_block.$eq$verilog/rtl/stream_cipher/encryption_block.sv:83$7 ($eq).
Removed top 1 bits (of 2) from port B of cell encryption_block.$procmux$417_CMP0 ($eq).
Removed top 25 bits (of 32) from port B of cell hash_generator.$shiftx$verilog/rtl/stream_cipher/hash_generator.sv:0$11 ($shiftx).
Removed top 1 bits (of 4) from port A of cell hash_generator.$lt$verilog/rtl/stream_cipher/hash_generator.sv:143$16 ($lt).
Removed top 29 bits (of 32) from port B of cell hash_generator.$lt$verilog/rtl/stream_cipher/hash_generator.sv:143$16 ($lt).
Removed top 1 bits (of 4) from port A of cell hash_generator.$add$verilog/rtl/stream_cipher/hash_generator.sv:180$19 ($add).
Removed top 31 bits (of 32) from port B of cell hash_generator.$add$verilog/rtl/stream_cipher/hash_generator.sv:180$19 ($add).
Removed top 29 bits (of 32) from port Y of cell hash_generator.$add$verilog/rtl/stream_cipher/hash_generator.sv:180$19 ($add).
Removed top 2 bits (of 3) from port B of cell hash_generator.$eq$verilog/rtl/stream_cipher/hash_generator.sv:203$22 ($eq).
Removed top 31 bits (of 32) from port B of cell hash_generator.$add$verilog/rtl/stream_cipher/hash_generator.sv:206$27 ($add).
Removed top 24 bits (of 32) from port B of cell hash_generator.$ge$verilog/rtl/stream_cipher/hash_generator.sv:250$32 ($ge).
Removed top 5 bits (of 32) from port B of cell hash_generator.$xor$verilog/rtl/stream_cipher/hash_generator.sv:302$41 ($xor).
Removed top 24 bits (of 32) from port B of cell hash_generator.$shiftx$verilog/rtl/stream_cipher/hash_generator.sv:0$46 ($shiftx).
Removed top 5 bits (of 32) from port B of cell hash_generator.$xor$verilog/rtl/stream_cipher/hash_generator.sv:309$53 ($xor).
Removed top 24 bits (of 32) from port B of cell hash_generator.$shiftx$verilog/rtl/stream_cipher/hash_generator.sv:0$59 ($shiftx).
Removed top 24 bits (of 32) from port B of cell hash_generator.$lt$verilog/rtl/stream_cipher/hash_generator.sv:332$64 ($lt).
Removed top 31 bits (of 32) from port B of cell hash_generator.$add$verilog/rtl/stream_cipher/hash_generator.sv:333$65 ($add).
Removed top 23 bits (of 32) from port Y of cell hash_generator.$add$verilog/rtl/stream_cipher/hash_generator.sv:333$65 ($add).
Removed top 31 bits (of 32) from port B of cell hash_generator.$add$verilog/rtl/stream_cipher/hash_generator.sv:337$66 ($add).
Removed top 1 bits (of 3) from port B of cell hash_generator.$procmux$340_CMP0 ($eq).
Removed top 1 bits (of 3) from port B of cell hash_generator.$procmux$369_CMP0 ($eq).
Removed top 1 bits (of 3) from port B of cell hash_generator.$auto$opt_dff.cc:195:make_patterns_logic$698 ($ne).
Removed top 1 bits (of 3) from port B of cell hash_generator.$auto$opt_dff.cc:195:make_patterns_logic$700 ($ne).
Removed top 25 bits (of 32) from wire hash_generator.$add$verilog/rtl/stream_cipher/hash_generator.sv:0$58_Y.
Removed top 29 bits (of 32) from wire hash_generator.$add$verilog/rtl/stream_cipher/hash_generator.sv:180$19_Y.
Removed top 23 bits (of 32) from wire hash_generator.$add$verilog/rtl/stream_cipher/hash_generator.sv:333$65_Y.
Removed top 1 bits (of 4) from wire hash_generator.hash_byte_out_index.
Removed top 1 bits (of 2) from port B of cell interface_fsm.$procmux$187_CMP0 ($eq).

14.10. Executing PEEPOPT pass (run peephole optimizers).

14.11. Executing OPT_CLEAN pass (remove unused cells and wires).
Finding unused cells or wires in module $paramod\key_storage\KEY_WIDTH_BYTES=s32'00000000000000000000000000010000..
Finding unused cells or wires in module \data_router..
Finding unused cells or wires in module \encryption_block..
Finding unused cells or wires in module \hash_generator..
Finding unused cells or wires in module \interface_fsm..
Finding unused cells or wires in module \output_holder..
Finding unused cells or wires in module \output_mux..
Finding unused cells or wires in module \reader..
Finding unused cells or wires in module \stream_cipher..
Finding unused cells or wires in module \top..
Removed 0 unused cells and 5 unused wires.
<suppressed ~2 debug messages>

14.12. Executing ALUMACC pass (create $alu and $macc cells).
Extracting $alu and $macc cells in module $paramod\key_storage\KEY_WIDTH_BYTES=s32'00000000000000000000000000010000:
  creating $macc model for $add$verilog/rtl/stream_cipher/key_storage.sv:48$125 ($add).
  creating $macc model for $neg$verilog/rtl/stream_cipher/key_storage.sv:0$117 ($neg).
  creating $alu model for $macc $neg$verilog/rtl/stream_cipher/key_storage.sv:0$117.
  creating $alu model for $macc $add$verilog/rtl/stream_cipher/key_storage.sv:48$125.
  creating $alu cell for $add$verilog/rtl/stream_cipher/key_storage.sv:48$125: $auto$alumacc.cc:495:replace_alu$750
  creating $alu cell for $neg$verilog/rtl/stream_cipher/key_storage.sv:0$117: $auto$alumacc.cc:495:replace_alu$753
  created 2 $alu and 0 $macc cells.
Extracting $alu and $macc cells in module data_router:
  created 0 $alu and 0 $macc cells.
Extracting $alu and $macc cells in module encryption_block:
  created 0 $alu and 0 $macc cells.
Extracting $alu and $macc cells in module hash_generator:
  creating $macc model for $add$verilog/rtl/stream_cipher/hash_generator.sv:180$19 ($add).
  creating $macc model for $add$verilog/rtl/stream_cipher/hash_generator.sv:206$27 ($add).
  creating $macc model for $add$verilog/rtl/stream_cipher/hash_generator.sv:302$42 ($add).
  creating $macc model for $add$verilog/rtl/stream_cipher/hash_generator.sv:302$47 ($add).
  creating $macc model for $add$verilog/rtl/stream_cipher/hash_generator.sv:302$49 ($add).
  creating $macc model for $add$verilog/rtl/stream_cipher/hash_generator.sv:305$50 ($add).
  creating $macc model for $add$verilog/rtl/stream_cipher/hash_generator.sv:308$62 ($add).
  creating $macc model for $add$verilog/rtl/stream_cipher/hash_generator.sv:309$54 ($add).
  creating $macc model for $add$verilog/rtl/stream_cipher/hash_generator.sv:310$60 ($add).
  creating $macc model for $add$verilog/rtl/stream_cipher/hash_generator.sv:333$65 ($add).
  creating $macc model for $add$verilog/rtl/stream_cipher/hash_generator.sv:337$66 ($add).
  creating $alu model for $macc $add$verilog/rtl/stream_cipher/hash_generator.sv:337$66.
  creating $alu model for $macc $add$verilog/rtl/stream_cipher/hash_generator.sv:333$65.
  creating $alu model for $macc $add$verilog/rtl/stream_cipher/hash_generator.sv:310$60.
  creating $alu model for $macc $add$verilog/rtl/stream_cipher/hash_generator.sv:309$54.
  creating $alu model for $macc $add$verilog/rtl/stream_cipher/hash_generator.sv:308$62.
  creating $alu model for $macc $add$verilog/rtl/stream_cipher/hash_generator.sv:305$50.
  creating $alu model for $macc $add$verilog/rtl/stream_cipher/hash_generator.sv:302$49.
  creating $alu model for $macc $add$verilog/rtl/stream_cipher/hash_generator.sv:302$47.
  creating $alu model for $macc $add$verilog/rtl/stream_cipher/hash_generator.sv:302$42.
  creating $alu model for $macc $add$verilog/rtl/stream_cipher/hash_generator.sv:206$27.
  creating $alu model for $macc $add$verilog/rtl/stream_cipher/hash_generator.sv:180$19.
  creating $alu model for $ge$verilog/rtl/stream_cipher/hash_generator.sv:250$32 ($ge): new $alu
  creating $alu model for $ge$verilog/rtl/stream_cipher/hash_generator.sv:256$33 ($ge): new $alu
  creating $alu model for $lt$verilog/rtl/stream_cipher/hash_generator.sv:143$16 ($lt): new $alu
  creating $alu model for $lt$verilog/rtl/stream_cipher/hash_generator.sv:332$64 ($lt): merged with $ge$verilog/rtl/stream_cipher/hash_generator.sv:250$32.
  creating $alu cell for $lt$verilog/rtl/stream_cipher/hash_generator.sv:143$16: $auto$alumacc.cc:495:replace_alu$759
  creating $alu cell for $ge$verilog/rtl/stream_cipher/hash_generator.sv:256$33: $auto$alumacc.cc:495:replace_alu$764
  creating $alu cell for $ge$verilog/rtl/stream_cipher/hash_generator.sv:250$32, $lt$verilog/rtl/stream_cipher/hash_generator.sv:332$64: $auto$alumacc.cc:495:replace_alu$777
  creating $alu cell for $add$verilog/rtl/stream_cipher/hash_generator.sv:180$19: $auto$alumacc.cc:495:replace_alu$790
  creating $alu cell for $add$verilog/rtl/stream_cipher/hash_generator.sv:206$27: $auto$alumacc.cc:495:replace_alu$793
  creating $alu cell for $add$verilog/rtl/stream_cipher/hash_generator.sv:302$42: $auto$alumacc.cc:495:replace_alu$796
  creating $alu cell for $add$verilog/rtl/stream_cipher/hash_generator.sv:302$47: $auto$alumacc.cc:495:replace_alu$799
  creating $alu cell for $add$verilog/rtl/stream_cipher/hash_generator.sv:302$49: $auto$alumacc.cc:495:replace_alu$802
  creating $alu cell for $add$verilog/rtl/stream_cipher/hash_generator.sv:305$50: $auto$alumacc.cc:495:replace_alu$805
  creating $alu cell for $add$verilog/rtl/stream_cipher/hash_generator.sv:308$62: $auto$alumacc.cc:495:replace_alu$808
  creating $alu cell for $add$verilog/rtl/stream_cipher/hash_generator.sv:309$54: $auto$alumacc.cc:495:replace_alu$811
  creating $alu cell for $add$verilog/rtl/stream_cipher/hash_generator.sv:310$60: $auto$alumacc.cc:495:replace_alu$814
  creating $alu cell for $add$verilog/rtl/stream_cipher/hash_generator.sv:333$65: $auto$alumacc.cc:495:replace_alu$817
  creating $alu cell for $add$verilog/rtl/stream_cipher/hash_generator.sv:337$66: $auto$alumacc.cc:495:replace_alu$820
  created 14 $alu and 0 $macc cells.
Extracting $alu and $macc cells in module interface_fsm:
  created 0 $alu and 0 $macc cells.
Extracting $alu and $macc cells in module output_holder:
  created 0 $alu and 0 $macc cells.
Extracting $alu and $macc cells in module output_mux:
  created 0 $alu and 0 $macc cells.
Extracting $alu and $macc cells in module reader:
  created 0 $alu and 0 $macc cells.
Extracting $alu and $macc cells in module stream_cipher:
  created 0 $alu and 0 $macc cells.
Extracting $alu and $macc cells in module top:
  created 0 $alu and 0 $macc cells.

14.13. Executing SHARE pass (SAT-based resource sharing).

14.14. Executing OPT pass (performing simple optimizations).

14.14.1. Executing OPT_EXPR pass (perform const folding).
Optimizing module $paramod\key_storage\KEY_WIDTH_BYTES=s32'00000000000000000000000000010000.
Optimizing module data_router.
Optimizing module encryption_block.
Optimizing module hash_generator.
<suppressed ~3 debug messages>
Optimizing module interface_fsm.
Optimizing module output_holder.
Optimizing module output_mux.
Optimizing module reader.
Optimizing module stream_cipher.
Optimizing module top.

14.14.2. Executing OPT_MERGE pass (detect identical cells).
Finding identical cells in module `$paramod\key_storage\KEY_WIDTH_BYTES=s32'00000000000000000000000000010000'.
Finding identical cells in module `\data_router'.
Finding identical cells in module `\encryption_block'.
Finding identical cells in module `\hash_generator'.
Finding identical cells in module `\interface_fsm'.
Finding identical cells in module `\output_holder'.
Finding identical cells in module `\output_mux'.
Finding identical cells in module `\reader'.
Finding identical cells in module `\stream_cipher'.
Finding identical cells in module `\top'.
Removed a total of 0 cells.

14.14.3. Executing OPT_MUXTREE pass (detect dead branches in mux trees).
Running muxtree optimizer on module $paramod\key_storage\KEY_WIDTH_BYTES=s32'00000000000000000000000000010000..
  Creating internal representation of mux trees.
  Evaluating internal representation of mux trees.
  Analyzing evaluation results.
Running muxtree optimizer on module \data_router..
  Creating internal representation of mux trees.
  Evaluating internal representation of mux trees.
  Analyzing evaluation results.
Running muxtree optimizer on module \encryption_block..
  Creating internal representation of mux trees.
  Evaluating internal representation of mux trees.
  Analyzing evaluation results.
Running muxtree optimizer on module \hash_generator..
  Creating internal representation of mux trees.
  Evaluating internal representation of mux trees.
  Analyzing evaluation results.
Running muxtree optimizer on module \interface_fsm..
  Creating internal representation of mux trees.
  Evaluating internal representation of mux trees.
  Analyzing evaluation results.
Running muxtree optimizer on module \output_holder..
  Creating internal representation of mux trees.
  Evaluating internal representation of mux trees.
  Analyzing evaluation results.
Running muxtree optimizer on module \output_mux..
  Creating internal representation of mux trees.
  Evaluating internal representation of mux trees.
  Analyzing evaluation results.
Running muxtree optimizer on module \reader..
  Creating internal representation of mux trees.
  Evaluating internal representation of mux trees.
  Analyzing evaluation results.
Running muxtree optimizer on module \stream_cipher..
  Creating internal representation of mux trees.
  No muxes found in this module.
Running muxtree optimizer on module \top..
  Creating internal representation of mux trees.
  No muxes found in this module.
Removed 0 multiplexer ports.
<suppressed ~26 debug messages>

14.14.4. Executing OPT_REDUCE pass (consolidate $*mux and $reduce_* inputs).
  Optimizing cells in module $paramod\key_storage\KEY_WIDTH_BYTES=s32'00000000000000000000000000010000.
  Optimizing cells in module \data_router.
  Optimizing cells in module \encryption_block.
  Optimizing cells in module \hash_generator.
  Optimizing cells in module \interface_fsm.
  Optimizing cells in module \output_holder.
  Optimizing cells in module \output_mux.
  Optimizing cells in module \reader.
  Optimizing cells in module \stream_cipher.
  Optimizing cells in module \top.
Performed a total of 0 changes.

14.14.5. Executing OPT_MERGE pass (detect identical cells).
Finding identical cells in module `$paramod\key_storage\KEY_WIDTH_BYTES=s32'00000000000000000000000000010000'.
Finding identical cells in module `\data_router'.
Finding identical cells in module `\encryption_block'.
Finding identical cells in module `\hash_generator'.
Finding identical cells in module `\interface_fsm'.
Finding identical cells in module `\output_holder'.
Finding identical cells in module `\output_mux'.
Finding identical cells in module `\reader'.
Finding identical cells in module `\stream_cipher'.
Finding identical cells in module `\top'.
Removed a total of 0 cells.

14.14.6. Executing OPT_DFF pass (perform DFF optimizations).

14.14.7. Executing OPT_CLEAN pass (remove unused cells and wires).
Finding unused cells or wires in module $paramod\key_storage\KEY_WIDTH_BYTES=s32'00000000000000000000000000010000..
Finding unused cells or wires in module \data_router..
Finding unused cells or wires in module \encryption_block..
Finding unused cells or wires in module \hash_generator..
Finding unused cells or wires in module \interface_fsm..
Finding unused cells or wires in module \output_holder..
Finding unused cells or wires in module \output_mux..
Finding unused cells or wires in module \reader..
Finding unused cells or wires in module \stream_cipher..
Finding unused cells or wires in module \top..
Removed 1 unused cells and 5 unused wires.
<suppressed ~2 debug messages>

14.14.8. Executing OPT_EXPR pass (perform const folding).
Optimizing module $paramod\key_storage\KEY_WIDTH_BYTES=s32'00000000000000000000000000010000.
Optimizing module data_router.
Optimizing module encryption_block.
Optimizing module hash_generator.
Optimizing module interface_fsm.
Optimizing module output_holder.
Optimizing module output_mux.
Optimizing module reader.
Optimizing module stream_cipher.
Optimizing module top.

14.14.9. Rerunning OPT passes. (Maybe there is more to do..)

14.14.10. Executing OPT_MUXTREE pass (detect dead branches in mux trees).
Running muxtree optimizer on module $paramod\key_storage\KEY_WIDTH_BYTES=s32'00000000000000000000000000010000..
  Creating internal representation of mux trees.
  Evaluating internal representation of mux trees.
  Analyzing evaluation results.
Running muxtree optimizer on module \data_router..
  Creating internal representation of mux trees.
  Evaluating internal representation of mux trees.
  Analyzing evaluation results.
Running muxtree optimizer on module \encryption_block..
  Creating internal representation of mux trees.
  Evaluating internal representation of mux trees.
  Analyzing evaluation results.
Running muxtree optimizer on module \hash_generator..
  Creating internal representation of mux trees.
  Evaluating internal representation of mux trees.
  Analyzing evaluation results.
Running muxtree optimizer on module \interface_fsm..
  Creating internal representation of mux trees.
  Evaluating internal representation of mux trees.
  Analyzing evaluation results.
Running muxtree optimizer on module \output_holder..
  Creating internal representation of mux trees.
  Evaluating internal representation of mux trees.
  Analyzing evaluation results.
Running muxtree optimizer on module \output_mux..
  Creating internal representation of mux trees.
  Evaluating internal representation of mux trees.
  Analyzing evaluation results.
Running muxtree optimizer on module \reader..
  Creating internal representation of mux trees.
  Evaluating internal representation of mux trees.
  Analyzing evaluation results.
Running muxtree optimizer on module \stream_cipher..
  Creating internal representation of mux trees.
  No muxes found in this module.
Running muxtree optimizer on module \top..
  Creating internal representation of mux trees.
  No muxes found in this module.
Removed 0 multiplexer ports.
<suppressed ~26 debug messages>

14.14.11. Executing OPT_REDUCE pass (consolidate $*mux and $reduce_* inputs).
  Optimizing cells in module $paramod\key_storage\KEY_WIDTH_BYTES=s32'00000000000000000000000000010000.
  Optimizing cells in module \data_router.
  Optimizing cells in module \encryption_block.
  Optimizing cells in module \hash_generator.
  Optimizing cells in module \interface_fsm.
  Optimizing cells in module \output_holder.
  Optimizing cells in module \output_mux.
  Optimizing cells in module \reader.
  Optimizing cells in module \stream_cipher.
  Optimizing cells in module \top.
Performed a total of 0 changes.

14.14.12. Executing OPT_MERGE pass (detect identical cells).
Finding identical cells in module `$paramod\key_storage\KEY_WIDTH_BYTES=s32'00000000000000000000000000010000'.
Finding identical cells in module `\data_router'.
Finding identical cells in module `\encryption_block'.
Finding identical cells in module `\hash_generator'.
Finding identical cells in module `\interface_fsm'.
Finding identical cells in module `\output_holder'.
Finding identical cells in module `\output_mux'.
Finding identical cells in module `\reader'.
Finding identical cells in module `\stream_cipher'.
Finding identical cells in module `\top'.
Removed a total of 0 cells.

14.14.13. Executing OPT_DFF pass (perform DFF optimizations).

14.14.14. Executing OPT_CLEAN pass (remove unused cells and wires).
Finding unused cells or wires in module $paramod\key_storage\KEY_WIDTH_BYTES=s32'00000000000000000000000000010000..
Finding unused cells or wires in module \data_router..
Finding unused cells or wires in module \encryption_block..
Finding unused cells or wires in module \hash_generator..
Finding unused cells or wires in module \interface_fsm..
Finding unused cells or wires in module \output_holder..
Finding unused cells or wires in module \output_mux..
Finding unused cells or wires in module \reader..
Finding unused cells or wires in module \stream_cipher..
Finding unused cells or wires in module \top..

14.14.15. Executing OPT_EXPR pass (perform const folding).
Optimizing module $paramod\key_storage\KEY_WIDTH_BYTES=s32'00000000000000000000000000010000.
Optimizing module data_router.
Optimizing module encryption_block.
Optimizing module hash_generator.
Optimizing module interface_fsm.
Optimizing module output_holder.
Optimizing module output_mux.
Optimizing module reader.
Optimizing module stream_cipher.
Optimizing module top.

14.14.16. Finished OPT passes. (There is nothing left to do.)

14.15. Executing MEMORY pass.

14.15.1. Executing OPT_MEM pass (optimize memories).
Performed a total of 0 transformations.

14.15.2. Executing OPT_MEM_PRIORITY pass (removing unnecessary memory write priority relations).
Performed a total of 0 transformations.

14.15.3. Executing OPT_MEM_FEEDBACK pass (finding memory read-to-write feedback paths).

14.15.4. Executing MEMORY_BMUX2ROM pass (converting muxes to ROMs).

14.15.5. Executing MEMORY_DFF pass (merging $dff cells to $memrd).

14.15.6. Executing OPT_CLEAN pass (remove unused cells and wires).
Finding unused cells or wires in module $paramod\key_storage\KEY_WIDTH_BYTES=s32'00000000000000000000000000010000..
Finding unused cells or wires in module \data_router..
Finding unused cells or wires in module \encryption_block..
Finding unused cells or wires in module \hash_generator..
Finding unused cells or wires in module \interface_fsm..
Finding unused cells or wires in module \output_holder..
Finding unused cells or wires in module \output_mux..
Finding unused cells or wires in module \reader..
Finding unused cells or wires in module \stream_cipher..
Finding unused cells or wires in module \top..

14.15.7. Executing MEMORY_SHARE pass (consolidating $memrd/$memwr cells).

14.15.8. Executing OPT_MEM_WIDEN pass (optimize memories where all ports are wide).
Performed a total of 0 transformations.

14.15.9. Executing OPT_CLEAN pass (remove unused cells and wires).
Finding unused cells or wires in module $paramod\key_storage\KEY_WIDTH_BYTES=s32'00000000000000000000000000010000..
Finding unused cells or wires in module \data_router..
Finding unused cells or wires in module \encryption_block..
Finding unused cells or wires in module \hash_generator..
Finding unused cells or wires in module \interface_fsm..
Finding unused cells or wires in module \output_holder..
Finding unused cells or wires in module \output_mux..
Finding unused cells or wires in module \reader..
Finding unused cells or wires in module \stream_cipher..
Finding unused cells or wires in module \top..

14.15.10. Executing MEMORY_COLLECT pass (generating $mem cells).

14.16. Executing OPT_CLEAN pass (remove unused cells and wires).
Finding unused cells or wires in module $paramod\key_storage\KEY_WIDTH_BYTES=s32'00000000000000000000000000010000..
Finding unused cells or wires in module \data_router..
Finding unused cells or wires in module \encryption_block..
Finding unused cells or wires in module \hash_generator..
Finding unused cells or wires in module \interface_fsm..
Finding unused cells or wires in module \output_holder..
Finding unused cells or wires in module \output_mux..
Finding unused cells or wires in module \reader..
Finding unused cells or wires in module \stream_cipher..
Finding unused cells or wires in module \top..

14.17. Executing OPT pass (performing simple optimizations).

14.17.1. Executing OPT_EXPR pass (perform const folding).
Optimizing module $paramod\key_storage\KEY_WIDTH_BYTES=s32'00000000000000000000000000010000.
<suppressed ~1 debug messages>
Optimizing module data_router.
<suppressed ~4 debug messages>
Optimizing module encryption_block.
<suppressed ~8 debug messages>
Optimizing module hash_generator.
<suppressed ~27 debug messages>
Optimizing module interface_fsm.
<suppressed ~4 debug messages>
Optimizing module output_holder.
<suppressed ~3 debug messages>
Optimizing module output_mux.
<suppressed ~2 debug messages>
Optimizing module reader.
<suppressed ~3 debug messages>
Optimizing module stream_cipher.
Optimizing module top.

14.17.2. Executing OPT_MERGE pass (detect identical cells).
Finding identical cells in module `$paramod\key_storage\KEY_WIDTH_BYTES=s32'00000000000000000000000000010000'.
Finding identical cells in module `\data_router'.
Finding identical cells in module `\encryption_block'.
Finding identical cells in module `\hash_generator'.
Finding identical cells in module `\interface_fsm'.
Finding identical cells in module `\output_holder'.
Finding identical cells in module `\output_mux'.
Finding identical cells in module `\reader'.
Finding identical cells in module `\stream_cipher'.
Finding identical cells in module `\top'.
Removed a total of 0 cells.

14.17.3. Executing OPT_DFF pass (perform DFF optimizations).

14.17.4. Executing OPT_CLEAN pass (remove unused cells and wires).
Finding unused cells or wires in module $paramod\key_storage\KEY_WIDTH_BYTES=s32'00000000000000000000000000010000..
Finding unused cells or wires in module \data_router..
Finding unused cells or wires in module \encryption_block..
Finding unused cells or wires in module \hash_generator..
Finding unused cells or wires in module \interface_fsm..
Finding unused cells or wires in module \output_holder..
Finding unused cells or wires in module \output_mux..
Finding unused cells or wires in module \reader..
Finding unused cells or wires in module \stream_cipher..
Finding unused cells or wires in module \top..
Removed 0 unused cells and 39 unused wires.
<suppressed ~7 debug messages>

14.17.5. Finished fast OPT passes.

14.18. Executing MEMORY_MAP pass (converting memories to logic and flip-flops).

14.19. Executing OPT pass (performing simple optimizations).

14.19.1. Executing OPT_EXPR pass (perform const folding).
Optimizing module $paramod\key_storage\KEY_WIDTH_BYTES=s32'00000000000000000000000000010000.
Optimizing module data_router.
Optimizing module encryption_block.
Optimizing module hash_generator.
Optimizing module interface_fsm.
Optimizing module output_holder.
Optimizing module output_mux.
Optimizing module reader.
Optimizing module stream_cipher.
Optimizing module top.

14.19.2. Executing OPT_MERGE pass (detect identical cells).
Finding identical cells in module `$paramod\key_storage\KEY_WIDTH_BYTES=s32'00000000000000000000000000010000'.
Finding identical cells in module `\data_router'.
Finding identical cells in module `\encryption_block'.
Finding identical cells in module `\hash_generator'.
Finding identical cells in module `\interface_fsm'.
Finding identical cells in module `\output_holder'.
Finding identical cells in module `\output_mux'.
Finding identical cells in module `\reader'.
Finding identical cells in module `\stream_cipher'.
Finding identical cells in module `\top'.
Removed a total of 0 cells.

14.19.3. Executing OPT_MUXTREE pass (detect dead branches in mux trees).
Running muxtree optimizer on module $paramod\key_storage\KEY_WIDTH_BYTES=s32'00000000000000000000000000010000..
  Creating internal representation of mux trees.
  Evaluating internal representation of mux trees.
  Analyzing evaluation results.
Running muxtree optimizer on module \data_router..
  Creating internal representation of mux trees.
  Evaluating internal representation of mux trees.
  Analyzing evaluation results.
Running muxtree optimizer on module \encryption_block..
  Creating internal representation of mux trees.
  Evaluating internal representation of mux trees.
  Analyzing evaluation results.
Running muxtree optimizer on module \hash_generator..
  Creating internal representation of mux trees.
  Evaluating internal representation of mux trees.
  Analyzing evaluation results.
Running muxtree optimizer on module \interface_fsm..
  Creating internal representation of mux trees.
  Evaluating internal representation of mux trees.
  Analyzing evaluation results.
Running muxtree optimizer on module \output_holder..
  Creating internal representation of mux trees.
  No muxes found in this module.
Running muxtree optimizer on module \output_mux..
  Creating internal representation of mux trees.
  No muxes found in this module.
Running muxtree optimizer on module \reader..
  Creating internal representation of mux trees.
  Evaluating internal representation of mux trees.
  Analyzing evaluation results.
Running muxtree optimizer on module \stream_cipher..
  Creating internal representation of mux trees.
  No muxes found in this module.
Running muxtree optimizer on module \top..
  Creating internal representation of mux trees.
  No muxes found in this module.
Removed 0 multiplexer ports.
<suppressed ~16 debug messages>

14.19.4. Executing OPT_REDUCE pass (consolidate $*mux and $reduce_* inputs).
  Optimizing cells in module $paramod\key_storage\KEY_WIDTH_BYTES=s32'00000000000000000000000000010000.
  Optimizing cells in module \data_router.
  Optimizing cells in module \encryption_block.
  Optimizing cells in module \hash_generator.
    Consolidated identical input bits for $mux cell $procmux$357:
      Old ports: A=3'010, B=3'101, Y=$5\generator_next_state[2:0]
      New ports: A=2'10, B=2'01, Y=$5\generator_next_state[2:0] [1:0]
      New connections: $5\generator_next_state[2:0] [2] = $5\generator_next_state[2:0] [0]
    New ctrl vector for $pmux cell $procmux$392: { $auto$opt_reduce.cc:137:opt_pmux$844 \next_hash_byte_pulse $procmux$344_CMP $eq$verilog/rtl/stream_cipher/hash_generator.sv:204$23_Y }
  Optimizing cells in module \hash_generator.
  Optimizing cells in module \interface_fsm.
  Optimizing cells in module \output_holder.
  Optimizing cells in module \output_mux.
  Optimizing cells in module \reader.
  Optimizing cells in module \stream_cipher.
  Optimizing cells in module \top.
Performed a total of 2 changes.

14.19.5. Executing OPT_MERGE pass (detect identical cells).
Finding identical cells in module `$paramod\key_storage\KEY_WIDTH_BYTES=s32'00000000000000000000000000010000'.
Finding identical cells in module `\data_router'.
Finding identical cells in module `\encryption_block'.
Finding identical cells in module `\hash_generator'.
Finding identical cells in module `\interface_fsm'.
Finding identical cells in module `\output_holder'.
Finding identical cells in module `\output_mux'.
Finding identical cells in module `\reader'.
Finding identical cells in module `\stream_cipher'.
Finding identical cells in module `\top'.
Removed a total of 0 cells.

14.19.6. Executing OPT_SHARE pass.

14.19.7. Executing OPT_DFF pass (perform DFF optimizations).

14.19.8. Executing OPT_CLEAN pass (remove unused cells and wires).
Finding unused cells or wires in module $paramod\key_storage\KEY_WIDTH_BYTES=s32'00000000000000000000000000010000..
Finding unused cells or wires in module \data_router..
Finding unused cells or wires in module \encryption_block..
Finding unused cells or wires in module \hash_generator..
Finding unused cells or wires in module \interface_fsm..
Finding unused cells or wires in module \output_holder..
Finding unused cells or wires in module \output_mux..
Finding unused cells or wires in module \reader..
Finding unused cells or wires in module \stream_cipher..
Finding unused cells or wires in module \top..

14.19.9. Executing OPT_EXPR pass (perform const folding).
Optimizing module $paramod\key_storage\KEY_WIDTH_BYTES=s32'00000000000000000000000000010000.
Optimizing module data_router.
Optimizing module encryption_block.
Optimizing module hash_generator.
Optimizing module interface_fsm.
Optimizing module output_holder.
Optimizing module output_mux.
Optimizing module reader.
Optimizing module stream_cipher.
Optimizing module top.

14.19.10. Rerunning OPT passes. (Maybe there is more to do..)

14.19.11. Executing OPT_MUXTREE pass (detect dead branches in mux trees).
Running muxtree optimizer on module $paramod\key_storage\KEY_WIDTH_BYTES=s32'00000000000000000000000000010000..
  Creating internal representation of mux trees.
  Evaluating internal representation of mux trees.
  Analyzing evaluation results.
Running muxtree optimizer on module \data_router..
  Creating internal representation of mux trees.
  Evaluating internal representation of mux trees.
  Analyzing evaluation results.
Running muxtree optimizer on module \encryption_block..
  Creating internal representation of mux trees.
  Evaluating internal representation of mux trees.
  Analyzing evaluation results.
Running muxtree optimizer on module \hash_generator..
  Creating internal representation of mux trees.
  Evaluating internal representation of mux trees.
  Analyzing evaluation results.
Running muxtree optimizer on module \interface_fsm..
  Creating internal representation of mux trees.
  Evaluating internal representation of mux trees.
  Analyzing evaluation results.
Running muxtree optimizer on module \output_holder..
  Creating internal representation of mux trees.
  No muxes found in this module.
Running muxtree optimizer on module \output_mux..
  Creating internal representation of mux trees.
  No muxes found in this module.
Running muxtree optimizer on module \reader..
  Creating internal representation of mux trees.
  Evaluating internal representation of mux trees.
  Analyzing evaluation results.
Running muxtree optimizer on module \stream_cipher..
  Creating internal representation of mux trees.
  No muxes found in this module.
Running muxtree optimizer on module \top..
  Creating internal representation of mux trees.
  No muxes found in this module.
Removed 0 multiplexer ports.
<suppressed ~16 debug messages>

14.19.12. Executing OPT_REDUCE pass (consolidate $*mux and $reduce_* inputs).
  Optimizing cells in module $paramod\key_storage\KEY_WIDTH_BYTES=s32'00000000000000000000000000010000.
  Optimizing cells in module \data_router.
  Optimizing cells in module \encryption_block.
  Optimizing cells in module \hash_generator.
  Optimizing cells in module \interface_fsm.
  Optimizing cells in module \output_holder.
  Optimizing cells in module \output_mux.
  Optimizing cells in module \reader.
  Optimizing cells in module \stream_cipher.
  Optimizing cells in module \top.
Performed a total of 0 changes.

14.19.13. Executing OPT_MERGE pass (detect identical cells).
Finding identical cells in module `$paramod\key_storage\KEY_WIDTH_BYTES=s32'00000000000000000000000000010000'.
Finding identical cells in module `\data_router'.
Finding identical cells in module `\encryption_block'.
Finding identical cells in module `\hash_generator'.
Finding identical cells in module `\interface_fsm'.
Finding identical cells in module `\output_holder'.
Finding identical cells in module `\output_mux'.
Finding identical cells in module `\reader'.
Finding identical cells in module `\stream_cipher'.
Finding identical cells in module `\top'.
Removed a total of 0 cells.

14.19.14. Executing OPT_SHARE pass.

14.19.15. Executing OPT_DFF pass (perform DFF optimizations).

14.19.16. Executing OPT_CLEAN pass (remove unused cells and wires).
Finding unused cells or wires in module $paramod\key_storage\KEY_WIDTH_BYTES=s32'00000000000000000000000000010000..
Finding unused cells or wires in module \data_router..
Finding unused cells or wires in module \encryption_block..
Finding unused cells or wires in module \hash_generator..
Finding unused cells or wires in module \interface_fsm..
Finding unused cells or wires in module \output_holder..
Finding unused cells or wires in module \output_mux..
Finding unused cells or wires in module \reader..
Finding unused cells or wires in module \stream_cipher..
Finding unused cells or wires in module \top..

14.19.17. Executing OPT_EXPR pass (perform const folding).
Optimizing module $paramod\key_storage\KEY_WIDTH_BYTES=s32'00000000000000000000000000010000.
Optimizing module data_router.
Optimizing module encryption_block.
Optimizing module hash_generator.
Optimizing module interface_fsm.
Optimizing module output_holder.
Optimizing module output_mux.
Optimizing module reader.
Optimizing module stream_cipher.
Optimizing module top.

14.19.18. Finished OPT passes. (There is nothing left to do.)

14.20. Executing TECHMAP pass (map to technology primitives).

14.20.1. Executing Verilog-2005 frontend: /usr/bin/../share/yosys/techmap.v
Parsing Verilog input from `/usr/bin/../share/yosys/techmap.v' to AST representation.
Generating RTLIL representation for module `\_90_simplemap_bool_ops'.
Generating RTLIL representation for module `\_90_simplemap_reduce_ops'.
Generating RTLIL representation for module `\_90_simplemap_logic_ops'.
Generating RTLIL representation for module `\_90_simplemap_compare_ops'.
Generating RTLIL representation for module `\_90_simplemap_various'.
Generating RTLIL representation for module `\_90_simplemap_registers'.
Generating RTLIL representation for module `\_90_shift_ops_shr_shl_sshl_sshr'.
Generating RTLIL representation for module `\_90_shift_shiftx'.
Generating RTLIL representation for module `\_90_fa'.
Generating RTLIL representation for module `\_90_lcu_brent_kung'.
Generating RTLIL representation for module `\_90_alu'.
Generating RTLIL representation for module `\_90_macc'.
Generating RTLIL representation for module `\_90_alumacc'.
Generating RTLIL representation for module `\$__div_mod_u'.
Generating RTLIL representation for module `\$__div_mod_trunc'.
Generating RTLIL representation for module `\_90_div'.
Generating RTLIL representation for module `\_90_mod'.
Generating RTLIL representation for module `\$__div_mod_floor'.
Generating RTLIL representation for module `\_90_divfloor'.
Generating RTLIL representation for module `\_90_modfloor'.
Generating RTLIL representation for module `\_90_pow'.
Generating RTLIL representation for module `\_90_pmux'.
Generating RTLIL representation for module `\_90_demux'.
Generating RTLIL representation for module `\_90_lut'.
Successfully finished Verilog frontend.

14.20.2. Continuing TECHMAP pass.
Using extmapper simplemap for cells of type $logic_or.
Using extmapper simplemap for cells of type $and.
Using extmapper simplemap for cells of type $not.
Using extmapper simplemap for cells of type $mux.
Using extmapper simplemap for cells of type $logic_not.
Using extmapper simplemap for cells of type $logic_and.
Using extmapper simplemap for cells of type $reduce_and.
Using extmapper simplemap for cells of type $adff.
Using extmapper simplemap for cells of type $adffe.
Using extmapper simplemap for cells of type $reduce_bool.
Using extmapper simplemap for cells of type $eq.
Using template $paramod$521ce43182eecb9f60c72393a788160d2c356bf5\_90_pmux for cells of type $pmux.
Using extmapper simplemap for cells of type $ne.
Using extmapper simplemap for cells of type $reduce_or.
Using template $paramod$constmap:e06a0a1adb0f8985cfbbf8ba025518fcec6d3b16$paramod$3bc42dccc683f8adaddd1d2d9861164873fa59f0\_90_shift_shiftx for cells of type $shiftx.
Using template $paramod$fbc7873bff55778c0b3173955b7e4bce1d9d6834\_90_alu for cells of type $alu.
Using template $paramod$6a42b6fefed750f8a1c58eab59479d960557103c\_90_alu for cells of type $alu.
Using template $paramod$ba698a254f9a5947e85cbe7beae6b161eefc5386\_90_alu for cells of type $alu.
Using template $paramod$constmap:8d725965b4345b93a463cf613bda6b40f5fc4212$paramod$9a5e85de2634293e098361b0804876bff8c5a36f\_90_shift_shiftx for cells of type $shiftx.
Using extmapper simplemap for cells of type $xor.
Using template $paramod$53700bbee849b2010ad0b60a61ccd204a10e24ca\_90_alu for cells of type $alu.
Using template $paramod$3ef7d3dd227da7627a99c5e5a6a4deb817573e39\_90_alu for cells of type $alu.
Using extmapper simplemap for cells of type $or.
Using template $paramod$d31bf4d7d72e59528d18fbd4f322e9d608532043\_90_pmux for cells of type $pmux.
Using template $paramod$78e969f2586efcf3a5b0b0440bcca0db83d5cca2\_90_alu for cells of type $alu.
Using template $paramod\_90_lcu_brent_kung\WIDTH=32'00000000000000000000000000100000 for cells of type $lcu.
Using extmapper simplemap for cells of type $pos.
Using template $paramod\_90_lcu_brent_kung\WIDTH=32'00000000000000000000000000000010 for cells of type $lcu.
Using template $paramod\_90_lcu_brent_kung\WIDTH=32'00000000000000000000000000001001 for cells of type $lcu.
Using template $paramod\_90_lcu_brent_kung\WIDTH=32'00000000000000000000000000000011 for cells of type $lcu.
Using template $paramod$3e2546d640bb80c4407ce51aec1dbdbdc5bff143\_90_alu for cells of type $alu.
Using template $paramod$constmap:0a5066471a34f60e973d392b0f8a69ac616f6e53$paramod$725c87e39d9cfa8e3f87960d3d9518e9172132b3\_90_shift_shiftx for cells of type $shift.
Using template $paramod$32a7b7b86c07519b7537abc18e96f0331f97914d\_90_alu for cells of type $alu.
Analyzing pattern of constant bits for this cell:
Creating constmapped module `$paramod$constmap:d3a9dbfbcdb01b8f2b0053b3a234a39cfa4a68b0$paramod$725c87e39d9cfa8e3f87960d3d9518e9172132b3\_90_shift_shiftx'.

14.20.54. Executing OPT_MUXTREE pass (detect dead branches in mux trees).
Running muxtree optimizer on module $paramod$constmap:d3a9dbfbcdb01b8f2b0053b3a234a39cfa4a68b0$paramod$725c87e39d9cfa8e3f87960d3d9518e9172132b3\_90_shift_shiftx..
  Creating internal representation of mux trees.
  Evaluating internal representation of mux trees.
  Analyzing evaluation results.
    dead port 2/2 on $mux $procmux$7108.
    dead port 2/2 on $mux $procmux$7102.
    dead port 2/2 on $mux $procmux$7096.
    dead port 2/2 on $mux $procmux$7090.
    dead port 2/2 on $mux $procmux$7084.
    dead port 2/2 on $mux $procmux$7078.
    dead port 2/2 on $mux $procmux$7072.
    dead port 2/2 on $mux $procmux$7066.
Removed 8 multiplexer ports.
<suppressed ~3089 debug messages>

14.20.55. Executing OPT_EXPR pass (perform const folding).
Optimizing module $paramod$constmap:d3a9dbfbcdb01b8f2b0053b3a234a39cfa4a68b0$paramod$725c87e39d9cfa8e3f87960d3d9518e9172132b3\_90_shift_shiftx.
<suppressed ~26 debug messages>
Removed 0 unused cells and 13 unused wires.
Using template $paramod$constmap:d3a9dbfbcdb01b8f2b0053b3a234a39cfa4a68b0$paramod$725c87e39d9cfa8e3f87960d3d9518e9172132b3\_90_shift_shiftx for cells of type $shift.
Using template $paramod\_90_lcu_brent_kung\WIDTH=32'00000000000000000000000000100001 for cells of type $lcu.
Using template $paramod\_90_lcu_brent_kung\WIDTH=32'00000000000000000000000000000100 for cells of type $lcu.
No more expansions possible.
<suppressed ~538 debug messages>

14.21. Executing OPT pass (performing simple optimizations).

14.21.1. Executing OPT_EXPR pass (perform const folding).
Optimizing module $paramod\key_storage\KEY_WIDTH_BYTES=s32'00000000000000000000000000010000.
<suppressed ~7447 debug messages>
Optimizing module data_router.
Optimizing module encryption_block.
<suppressed ~22 debug messages>
Optimizing module hash_generator.
<suppressed ~1598 debug messages>
Optimizing module interface_fsm.
<suppressed ~19 debug messages>
Optimizing module output_holder.
Optimizing module output_mux.
Optimizing module reader.
Optimizing module stream_cipher.
Optimizing module top.

14.21.2. Executing OPT_MERGE pass (detect identical cells).
Finding identical cells in module `$paramod\key_storage\KEY_WIDTH_BYTES=s32'00000000000000000000000000010000'.
<suppressed ~2115 debug messages>
Finding identical cells in module `\data_router'.
Finding identical cells in module `\encryption_block'.
<suppressed ~3 debug messages>
Finding identical cells in module `\hash_generator'.
<suppressed ~414 debug messages>
Finding identical cells in module `\interface_fsm'.
Finding identical cells in module `\output_holder'.
Finding identical cells in module `\output_mux'.
Finding identical cells in module `\reader'.
Finding identical cells in module `\stream_cipher'.
Finding identical cells in module `\top'.
Removed a total of 844 cells.

14.21.3. Executing OPT_DFF pass (perform DFF optimizations).

14.21.4. Executing OPT_CLEAN pass (remove unused cells and wires).
Finding unused cells or wires in module $paramod\key_storage\KEY_WIDTH_BYTES=s32'00000000000000000000000000010000..
Finding unused cells or wires in module \data_router..
Finding unused cells or wires in module \encryption_block..
Finding unused cells or wires in module \hash_generator..
Finding unused cells or wires in module \interface_fsm..
Finding unused cells or wires in module \output_holder..
Finding unused cells or wires in module \output_mux..
Finding unused cells or wires in module \reader..
Finding unused cells or wires in module \stream_cipher..
Finding unused cells or wires in module \top..
Removed 1026 unused cells and 1252 unused wires.
<suppressed ~1033 debug messages>

14.21.5. Finished fast OPT passes.

14.22. Executing ABC pass (technology mapping using ABC).

14.22.1. Extracting gate netlist of module `$paramod\key_storage\KEY_WIDTH_BYTES=s32'00000000000000000000000000010000' to `<abc-temp-dir>/input.blif'..
Extracted 790 gates and 931 wires to a netlist network with 140 inputs and 132 outputs.

14.22.1.1. Executing ABC.
Running ABC command: "abc" -s -f <abc-temp-dir>/abc.script 2>&1
ABC: ABC command line: "source <abc-temp-dir>/abc.script".
ABC: 
ABC: + read_blif <abc-temp-dir>/input.blif 
ABC: + read_library <abc-temp-dir>/stdcells.genlib 
ABC: Entered genlib library with 13 gates from file "<abc-temp-dir>/stdcells.genlib".
ABC: + strash 
ABC: + dretime 
ABC: + map 
ABC: + write_blif <abc-temp-dir>/output.blif 

14.22.1.2. Re-integrating ABC results.
ABC RESULTS:               AND cells:        1
ABC RESULTS:            ANDNOT cells:      273
ABC RESULTS:              NAND cells:       11
ABC RESULTS:               NOR cells:       10
ABC RESULTS:               NOT cells:       13
ABC RESULTS:                OR cells:      364
ABC RESULTS:             ORNOT cells:       68
ABC RESULTS:              XNOR cells:        2
ABC RESULTS:               XOR cells:        3
ABC RESULTS:        internal signals:      659
ABC RESULTS:           input signals:      140
ABC RESULTS:          output signals:      132
Removing temp directory.

14.22.2. Extracting gate netlist of module `\data_router' to `<abc-temp-dir>/input.blif'..
Extracted 35 gates and 46 wires to a netlist network with 10 inputs and 18 outputs.

14.22.2.1. Executing ABC.
Running ABC command: "abc" -s -f <abc-temp-dir>/abc.script 2>&1
ABC: ABC command line: "source <abc-temp-dir>/abc.script".
ABC: 
ABC: + read_blif <abc-temp-dir>/input.blif 
ABC: + read_library <abc-temp-dir>/stdcells.genlib 
ABC: Entered genlib library with 13 gates from file "<abc-temp-dir>/stdcells.genlib".
ABC: + strash 
ABC: + dretime 
ABC: + map 
ABC: + write_blif <abc-temp-dir>/output.blif 

14.22.2.2. Re-integrating ABC results.
ABC RESULTS:               AND cells:        1
ABC RESULTS:            ANDNOT cells:       17
ABC RESULTS:              NAND cells:        8
ABC RESULTS:             ORNOT cells:        8
ABC RESULTS:        internal signals:       18
ABC RESULTS:           input signals:       10
ABC RESULTS:          output signals:       18
Removing temp directory.

14.22.3. Extracting gate netlist of module `\encryption_block' to `<abc-temp-dir>/input.blif'..
Extracted 37 gates and 61 wires to a netlist network with 23 inputs and 14 outputs.

14.22.3.1. Executing ABC.
Running ABC command: "abc" -s -f <abc-temp-dir>/abc.script 2>&1
ABC: ABC command line: "source <abc-temp-dir>/abc.script".
ABC: 
ABC: + read_blif <abc-temp-dir>/input.blif 
ABC: + read_library <abc-temp-dir>/stdcells.genlib 
ABC: Entered genlib library with 13 gates from file "<abc-temp-dir>/stdcells.genlib".
ABC: + strash 
ABC: + dretime 
ABC: + map 
ABC: + write_blif <abc-temp-dir>/output.blif 

14.22.3.2. Re-integrating ABC results.
ABC RESULTS:               AND cells:        2
ABC RESULTS:            ANDNOT cells:        8
ABC RESULTS:               NOR cells:        2
ABC RESULTS:                OR cells:        5
ABC RESULTS:             ORNOT cells:        3
ABC RESULTS:               XOR cells:        8
ABC RESULTS:        internal signals:       24
ABC RESULTS:           input signals:       23
ABC RESULTS:          output signals:       14
Removing temp directory.

14.22.4. Extracting gate netlist of module `\hash_generator' to `<abc-temp-dir>/input.blif'..
Extracted 2574 gates and 2948 wires to a netlist network with 372 inputs and 256 outputs.

14.22.4.1. Executing ABC.
Running ABC command: "abc" -s -f <abc-temp-dir>/abc.script 2>&1
ABC: ABC command line: "source <abc-temp-dir>/abc.script".
ABC: 
ABC: + read_blif <abc-temp-dir>/input.blif 
ABC: + read_library <abc-temp-dir>/stdcells.genlib 
ABC: Entered genlib library with 13 gates from file "<abc-temp-dir>/stdcells.genlib".
ABC: + strash 
ABC: + dretime 
ABC: + map 
ABC: + write_blif <abc-temp-dir>/output.blif 

14.22.4.2. Re-integrating ABC results.
ABC RESULTS:               AND cells:       25
ABC RESULTS:            ANDNOT cells:      787
ABC RESULTS:               MUX cells:      250
ABC RESULTS:              NAND cells:      116
ABC RESULTS:               NOR cells:      226
ABC RESULTS:               NOT cells:      249
ABC RESULTS:                OR cells:      327
ABC RESULTS:             ORNOT cells:      109
ABC RESULTS:              XNOR cells:      143
ABC RESULTS:               XOR cells:      480
ABC RESULTS:        internal signals:     2320
ABC RESULTS:           input signals:      372
ABC RESULTS:          output signals:      256
Removing temp directory.

14.22.5. Extracting gate netlist of module `\interface_fsm' to `<abc-temp-dir>/input.blif'..
Extracted 15 gates and 21 wires to a netlist network with 5 inputs and 3 outputs.

14.22.5.1. Executing ABC.
Running ABC command: "abc" -s -f <abc-temp-dir>/abc.script 2>&1
ABC: ABC command line: "source <abc-temp-dir>/abc.script".
ABC: 
ABC: + read_blif <abc-temp-dir>/input.blif 
ABC: + read_library <abc-temp-dir>/stdcells.genlib 
ABC: Entered genlib library with 13 gates from file "<abc-temp-dir>/stdcells.genlib".
ABC: + strash 
ABC: + dretime 
ABC: + map 
ABC: + write_blif <abc-temp-dir>/output.blif 

14.22.5.2. Re-integrating ABC results.
ABC RESULTS:            ANDNOT cells:        7
ABC RESULTS:               NOR cells:        1
ABC RESULTS:                OR cells:        1
ABC RESULTS:             ORNOT cells:        1
ABC RESULTS:        internal signals:       13
ABC RESULTS:           input signals:        5
ABC RESULTS:          output signals:        3
Removing temp directory.

14.22.6. Extracting gate netlist of module `\output_holder' to `<abc-temp-dir>/input.blif'..
Extracted 3 gates and 6 wires to a netlist network with 3 inputs and 1 outputs.

14.22.6.1. Executing ABC.
Running ABC command: "abc" -s -f <abc-temp-dir>/abc.script 2>&1
ABC: ABC command line: "source <abc-temp-dir>/abc.script".
ABC: 
ABC: + read_blif <abc-temp-dir>/input.blif 
ABC: + read_library <abc-temp-dir>/stdcells.genlib 
ABC: Entered genlib library with 13 gates from file "<abc-temp-dir>/stdcells.genlib".
ABC: + strash 
ABC: + dretime 
ABC: + map 
ABC: + write_blif <abc-temp-dir>/output.blif 

14.22.6.2. Re-integrating ABC results.
ABC RESULTS:               NOR cells:        1
ABC RESULTS:                OR cells:        1
ABC RESULTS:        internal signals:        2
ABC RESULTS:           input signals:        3
ABC RESULTS:          output signals:        1
Removing temp directory.

14.22.7. Extracting gate netlist of module `\output_mux' to `<abc-temp-dir>/input.blif'..
Extracted 1 gates and 3 wires to a netlist network with 2 inputs and 1 outputs.

14.22.7.1. Executing ABC.
Running ABC command: "abc" -s -f <abc-temp-dir>/abc.script 2>&1
ABC: ABC command line: "source <abc-temp-dir>/abc.script".
ABC: 
ABC: + read_blif <abc-temp-dir>/input.blif 
ABC: + read_library <abc-temp-dir>/stdcells.genlib 
ABC: Entered genlib library with 13 gates from file "<abc-temp-dir>/stdcells.genlib".
ABC: + strash 
ABC: + dretime 
ABC: + map 
ABC: + write_blif <abc-temp-dir>/output.blif 

14.22.7.2. Re-integrating ABC results.
ABC RESULTS:                OR cells:        1
ABC RESULTS:        internal signals:        0
ABC RESULTS:           input signals:        2
ABC RESULTS:          output signals:        1
Removing temp directory.

14.22.8. Extracting gate netlist of module `\reader' to `<abc-temp-dir>/input.blif'..
Extracted 24 gates and 38 wires to a netlist network with 13 inputs and 11 outputs.

14.22.8.1. Executing ABC.
Running ABC command: "abc" -s -f <abc-temp-dir>/abc.script 2>&1
ABC: ABC command line: "source <abc-temp-dir>/abc.script".
ABC: 
ABC: + read_blif <abc-temp-dir>/input.blif 
ABC: + read_library <abc-temp-dir>/stdcells.genlib 
ABC: Entered genlib library with 13 gates from file "<abc-temp-dir>/stdcells.genlib".
ABC: + strash 
ABC: + dretime 
ABC: + map 
ABC: + write_blif <abc-temp-dir>/output.blif 

14.22.8.2. Re-integrating ABC results.
ABC RESULTS:               AND cells:        1
ABC RESULTS:            ANDNOT cells:       11
ABC RESULTS:                OR cells:        1
ABC RESULTS:             ORNOT cells:        9
ABC RESULTS:        internal signals:       14
ABC RESULTS:           input signals:       13
ABC RESULTS:          output signals:       11
Removing temp directory.

14.22.9. Extracting gate netlist of module `\stream_cipher' to `<abc-temp-dir>/input.blif'..
Extracted 0 gates and 0 wires to a netlist network with 0 inputs and 0 outputs.
Don't call ABC as there is nothing to map.
Removing temp directory.

14.22.10. Extracting gate netlist of module `\top' to `<abc-temp-dir>/input.blif'..
Extracted 1 gates and 3 wires to a netlist network with 2 inputs and 1 outputs.

14.22.10.1. Executing ABC.
Running ABC command: "abc" -s -f <abc-temp-dir>/abc.script 2>&1
ABC: ABC command line: "source <abc-temp-dir>/abc.script".
ABC: 
ABC: + read_blif <abc-temp-dir>/input.blif 
ABC: + read_library <abc-temp-dir>/stdcells.genlib 
ABC: Entered genlib library with 13 gates from file "<abc-temp-dir>/stdcells.genlib".
ABC: + strash 
ABC: + dretime 
ABC: + map 
ABC: + write_blif <abc-temp-dir>/output.blif 

14.22.10.2. Re-integrating ABC results.
ABC RESULTS:                OR cells:        1
ABC RESULTS:        internal signals:        0
ABC RESULTS:           input signals:        2
ABC RESULTS:          output signals:        1
Removing temp directory.

14.23. Executing OPT pass (performing simple optimizations).

14.23.1. Executing OPT_EXPR pass (perform const folding).
Optimizing module $paramod\key_storage\KEY_WIDTH_BYTES=s32'00000000000000000000000000010000.
Optimizing module data_router.
Optimizing module encryption_block.
Optimizing module hash_generator.
<suppressed ~56 debug messages>
Optimizing module interface_fsm.
Optimizing module output_holder.
Optimizing module output_mux.
Optimizing module reader.
Optimizing module stream_cipher.
Optimizing module top.

14.23.2. Executing OPT_MERGE pass (detect identical cells).
Finding identical cells in module `$paramod\key_storage\KEY_WIDTH_BYTES=s32'00000000000000000000000000010000'.
<suppressed ~3 debug messages>
Finding identical cells in module `\data_router'.
Finding identical cells in module `\encryption_block'.
Finding identical cells in module `\hash_generator'.
<suppressed ~6 debug messages>
Finding identical cells in module `\interface_fsm'.
Finding identical cells in module `\output_holder'.
Finding identical cells in module `\output_mux'.
Finding identical cells in module `\reader'.
Finding identical cells in module `\stream_cipher'.
Finding identical cells in module `\top'.
Removed a total of 3 cells.

14.23.3. Executing OPT_DFF pass (perform DFF optimizations).

14.23.4. Executing OPT_CLEAN pass (remove unused cells and wires).
Finding unused cells or wires in module $paramod\key_storage\KEY_WIDTH_BYTES=s32'00000000000000000000000000010000..
Finding unused cells or wires in module \data_router..
Finding unused cells or wires in module \encryption_block..
Finding unused cells or wires in module \hash_generator..
Finding unused cells or wires in module \interface_fsm..
Finding unused cells or wires in module \output_holder..
Finding unused cells or wires in module \output_mux..
Finding unused cells or wires in module \reader..
Finding unused cells or wires in module \stream_cipher..
Finding unused cells or wires in module \top..
Removed 2 unused cells and 1869 unused wires.
<suppressed ~11 debug messages>

14.23.5. Finished fast OPT passes.

14.24. Executing HIERARCHY pass (managing design hierarchy).
Attribute `top' found on module `stream_cipher'. Setting top module to stream_cipher.

14.24.1. Analyzing design hierarchy..
Top module:  \stream_cipher
Used module:     \top
Used module:         \data_router
Used module:         \encryption_block
Used module:         \hash_generator
Used module:         \interface_fsm
Used module:         $paramod\key_storage\KEY_WIDTH_BYTES=s32'00000000000000000000000000010000
Used module:         \output_holder
Used module:         \output_mux
Used module:         \reader

14.24.2. Analyzing design hierarchy..
Top module:  \stream_cipher
Used module:     \top
Used module:         \data_router
Used module:         \encryption_block
Used module:         \hash_generator
Used module:         \interface_fsm
Used module:         $paramod\key_storage\KEY_WIDTH_BYTES=s32'00000000000000000000000000010000
Used module:         \output_holder
Used module:         \output_mux
Used module:         \reader
Removed 0 unused modules.

14.25. Printing statistics.

=== $paramod\key_storage\KEY_WIDTH_BYTES=s32'00000000000000000000000000010000 ===

   Number of wires:                753
   Number of wire bits:           1017
   Number of public wires:           9
   Number of public wire bits:     273
   Number of ports:                  6
   Number of port bits:            140
   Number of memories:               0
   Number of memory bits:            0
   Number of processes:              0
   Number of cells:                877
     $_ANDNOT_                     273
     $_AND_                          1
     $_DFFE_PN0P_                  132
     $_DFF_PN0_                      1
     $_NAND_                        11
     $_NOR_                         10
     $_NOT_                         13
     $_ORNOT_                       68
     $_OR_                         363
     $_XNOR_                         2
     $_XOR_                          3

=== data_router ===

   Number of wires:                 23
   Number of wire bits:             44
   Number of public wires:           7
   Number of public wire bits:      28
   Number of ports:                  7
   Number of port bits:             28
   Number of memories:               0
   Number of memory bits:            0
   Number of processes:              0
   Number of cells:                 34
     $_ANDNOT_                      17
     $_AND_                          1
     $_NAND_                         8
     $_ORNOT_                        8

=== encryption_block ===

   Number of wires:                 34
   Number of wire bits:             67
   Number of public wires:          18
   Number of public wire bits:      51
   Number of ports:                 11
   Number of port bits:             35
   Number of memories:               0
   Number of memory bits:            0
   Number of processes:              0
   Number of cells:                 40
     $_ANDNOT_                       8
     $_AND_                          2
     $_DFFE_PN0P_                   10
     $_DFF_PN0_                      2
     $_NOR_                          2
     $_ORNOT_                        3
     $_OR_                           5
     $_XOR_                          8

=== hash_generator ===

   Number of wires:               2490
   Number of wire bits:           3151
   Number of public wires:          30
   Number of public wire bits:     691
   Number of ports:                  8
   Number of port bits:            144
   Number of memories:               0
   Number of memory bits:            0
   Number of processes:              0
   Number of cells:               2951
     $_ANDNOT_                     787
     $_AND_                         25
     $_DFFE_PN0P_                  239
     $_DFF_PN0_                      3
     $_DFF_PN1_                      1
     $_MUX_                        250
     $_NAND_                       116
     $_NOR_                        226
     $_NOT_                        247
     $_ORNOT_                      109
     $_OR_                         325
     $_XNOR_                       143
     $_XOR_                        480

=== interface_fsm ===

   Number of wires:                 16
   Number of wire bits:             19
   Number of public wires:           8
   Number of public wire bits:      11
   Number of ports:                  6
   Number of port bits:              7
   Number of memories:               0
   Number of memory bits:            0
   Number of processes:              0
   Number of cells:                 12
     $_ANDNOT_                       7
     $_DFFE_PN0P_                    2
     $_NOR_                          1
     $_ORNOT_                        1
     $_OR_                           1

=== output_holder ===

   Number of wires:                 11
   Number of wire bits:             33
   Number of public wires:           9
   Number of public wire bits:      31
   Number of ports:                  7
   Number of port bits:             22
   Number of memories:               0
   Number of memory bits:            0
   Number of processes:              0
   Number of cells:                 11
     $_DFFE_PN0P_                    9
     $_NOR_                          1
     $_OR_                           1

=== output_mux ===

   Number of wires:                  6
   Number of wire bits:             21
   Number of public wires:           6
   Number of public wire bits:      21
   Number of ports:                  6
   Number of port bits:             21
   Number of memories:               0
   Number of memory bits:            0
   Number of processes:              0
   Number of cells:                  1
     $_OR_                           1

=== reader ===

   Number of wires:                 29
   Number of wire bits:             58
   Number of public wires:          14
   Number of public wire bits:      36
   Number of ports:                 11
   Number of port bits:             26
   Number of memories:               0
   Number of memory bits:            0
   Number of processes:              0
   Number of cells:                 33
     $_ANDNOT_                      11
     $_AND_                          1
     $_DFFE_PN0P_                    1
     $_DFF_PN0_                     10
     $_ORNOT_                        9
     $_OR_                           1

=== stream_cipher ===

   Number of wires:                  9
   Number of wire bits:             44
   Number of public wires:           9
   Number of public wire bits:      44
   Number of ports:                  8
   Number of port bits:             43
   Number of memories:               0
   Number of memory bits:            0
   Number of processes:              0
   Number of cells:                  1
     top                             1

=== top ===

   Number of wires:                 31
   Number of wire bits:            218
   Number of public wires:          31
   Number of public wire bits:     218
   Number of ports:                 10
   Number of port bits:             24
   Number of memories:               0
   Number of memory bits:            0
   Number of processes:              0
   Number of cells:                  9
     $_OR_                           1
     $paramod\key_storage\KEY_WIDTH_BYTES=s32'00000000000000000000000000010000      1
     data_router                     1
     encryption_block                1
     hash_generator                  1
     interface_fsm                   1
     output_holder                   1
     output_mux                      1
     reader                          1

=== design hierarchy ===

   stream_cipher                     1
     top                             1
       $paramod\key_storage\KEY_WIDTH_BYTES=s32'00000000000000000000000000010000      1
       data_router                   1
       encryption_block              1
       hash_generator                1
       interface_fsm                 1
       output_holder                 1
       output_mux                    1
       reader                        1

   Number of wires:               3402
   Number of wire bits:           4672
   Number of public wires:         141
   Number of public wire bits:    1404
   Number of ports:                 80
   Number of port bits:            490
   Number of memories:               0
   Number of memory bits:            0
   Number of processes:              0
   Number of cells:               3960
     $_ANDNOT_                    1103
     $_AND_                         30
     $_DFFE_PN0P_                  393
     $_DFF_PN0_                     16
     $_DFF_PN1_                      1
     $_MUX_                        250
     $_NAND_                       135
     $_NOR_                        240
     $_NOT_                        260
     $_ORNOT_                      198
     $_OR_                         698
     $_XNOR_                       145
     $_XOR_                        491

14.26. Executing CHECK pass (checking for obvious problems).
Checking module $paramod\key_storage\KEY_WIDTH_BYTES=s32'00000000000000000000000000010000...
Checking module data_router...
Checking module encryption_block...
Checking module hash_generator...
Checking module interface_fsm...
Checking module output_holder...
Checking module output_mux...
Checking module reader...
Checking module stream_cipher...
Checking module top...
Found and reported 0 problems.

15. Executing DFFLIBMAP pass (mapping DFF cells to sequential cells from liberty file).
  cell sky130_fd_sc_hd__dfxtp_1 (noninv, pins=3, area=20.02) is a direct match for cell type $_DFF_P_.
  cell sky130_fd_sc_hd__dfrtn_1 (noninv, pins=4, area=25.02) is a direct match for cell type $_DFF_NN0_.
  cell sky130_fd_sc_hd__dfrtp_1 (noninv, pins=4, area=25.02) is a direct match for cell type $_DFF_PN0_.
  cell sky130_fd_sc_hd__dfstp_2 (noninv, pins=4, area=26.28) is a direct match for cell type $_DFF_PN1_.
  cell sky130_fd_sc_hd__edfxtp_1 (noninv, pins=4, area=30.03) is a direct match for cell type $_DFFE_PP_.
  cell sky130_fd_sc_hd__dfbbn_1 (noninv, pins=6, area=32.53) is a direct match for cell type $_DFFSR_NNN_.
  cell sky130_fd_sc_hd__dfbbp_1 (noninv, pins=6, area=32.53) is a direct match for cell type $_DFFSR_PNN_.
  final dff cell mappings:
    unmapped dff cell: $_DFF_N_
    \sky130_fd_sc_hd__dfxtp_1 _DFF_P_ (.CLK( C), .D( D), .Q( Q));
    \sky130_fd_sc_hd__dfrtn_1 _DFF_NN0_ (.CLK_N( C), .D( D), .Q( Q), .RESET_B( R));
    unmapped dff cell: $_DFF_NN1_
    unmapped dff cell: $_DFF_NP0_
    unmapped dff cell: $_DFF_NP1_
    \sky130_fd_sc_hd__dfrtp_1 _DFF_PN0_ (.CLK( C), .D( D), .Q( Q), .RESET_B( R));
    \sky130_fd_sc_hd__dfstp_2 _DFF_PN1_ (.CLK( C), .D( D), .Q( Q), .SET_B( R));
    unmapped dff cell: $_DFF_PP0_
    unmapped dff cell: $_DFF_PP1_
    unmapped dff cell: $_DFFE_NN_
    unmapped dff cell: $_DFFE_NP_
    unmapped dff cell: $_DFFE_PN_
    \sky130_fd_sc_hd__edfxtp_1 _DFFE_PP_ (.CLK( C), .D( D), .DE( E), .Q( Q));
    \sky130_fd_sc_hd__dfbbn_1 _DFFSR_NNN_ (.CLK_N( C), .D( D), .Q( Q), .Q_N(~Q), .RESET_B( R), .SET_B( S));
    unmapped dff cell: $_DFFSR_NNP_
    unmapped dff cell: $_DFFSR_NPN_
    unmapped dff cell: $_DFFSR_NPP_
    \sky130_fd_sc_hd__dfbbp_1 _DFFSR_PNN_ (.CLK( C), .D( D), .Q( Q), .Q_N(~Q), .RESET_B( R), .SET_B( S));
    unmapped dff cell: $_DFFSR_PNP_
    unmapped dff cell: $_DFFSR_PPN_
    unmapped dff cell: $_DFFSR_PPP_

15.1. Executing DFFLEGALIZE pass (convert FFs to types supported by the target).
<suppressed ~24 debug messages>
Mapping DFF cells in module `$paramod\key_storage\KEY_WIDTH_BYTES=s32'00000000000000000000000000010000':
  mapped 133 $_DFF_PN0_ cells to \sky130_fd_sc_hd__dfrtp_1 cells.
Mapping DFF cells in module `\data_router':
Mapping DFF cells in module `\encryption_block':
  mapped 12 $_DFF_PN0_ cells to \sky130_fd_sc_hd__dfrtp_1 cells.
Mapping DFF cells in module `\hash_generator':
  mapped 242 $_DFF_PN0_ cells to \sky130_fd_sc_hd__dfrtp_1 cells.
  mapped 1 $_DFF_PN1_ cells to \sky130_fd_sc_hd__dfstp_2 cells.
Mapping DFF cells in module `\interface_fsm':
  mapped 2 $_DFF_PN0_ cells to \sky130_fd_sc_hd__dfrtp_1 cells.
Mapping DFF cells in module `\output_holder':
  mapped 9 $_DFF_PN0_ cells to \sky130_fd_sc_hd__dfrtp_1 cells.
Mapping DFF cells in module `\output_mux':
Mapping DFF cells in module `\reader':
  mapped 11 $_DFF_PN0_ cells to \sky130_fd_sc_hd__dfrtp_1 cells.
Mapping DFF cells in module `\stream_cipher':
Mapping DFF cells in module `\top':

16. Executing ABC pass (technology mapping using ABC).

16.1. Extracting gate netlist of module `$paramod\key_storage\KEY_WIDTH_BYTES=s32'00000000000000000000000000010000' to `<abc-temp-dir>/input.blif'..
Extracted 876 gates and 1017 wires to a netlist network with 141 inputs and 132 outputs.

16.1.1. Executing ABC.
Running ABC command: "abc" -s -f <abc-temp-dir>/abc.script 2>&1
ABC: ABC command line: "source <abc-temp-dir>/abc.script".
ABC: 
ABC: + read_blif <abc-temp-dir>/input.blif 
ABC: + read_lib -w /home/fuex/.volare/volare/sky130/versions/0fe599b2afb6708d281543108caf8310912f54af/sky130A/libs.ref/sky130_fd_sc_hd/lib/sky130_fd_sc_hd__tt_100C_1v80.lib 
ABC: Parsing finished successfully.  Parsing time =     0.06 sec
ABC: Scl_LibertyReadGenlib() skipped cell "sky130_fd_sc_hd__decap_12" without logic function.
ABC: Scl_LibertyReadGenlib() skipped cell "sky130_fd_sc_hd__decap_3" without logic function.
ABC: Scl_LibertyReadGenlib() skipped cell "sky130_fd_sc_hd__decap_4" without logic function.
ABC: Scl_LibertyReadGenlib() skipped cell "sky130_fd_sc_hd__decap_6" without logic function.
ABC: Scl_LibertyReadGenlib() skipped cell "sky130_fd_sc_hd__decap_8" without logic function.
ABC: Scl_LibertyReadGenlib() skipped sequential cell "sky130_fd_sc_hd__dfbbn_1".
ABC: Scl_LibertyReadGenlib() skipped sequential cell "sky130_fd_sc_hd__dfbbn_2".
ABC: Scl_LibertyReadGenlib() skipped sequential cell "sky130_fd_sc_hd__dfbbp_1".
ABC: Scl_LibertyReadGenlib() skipped sequential cell "sky130_fd_sc_hd__dfrbp_1".
ABC: Scl_LibertyReadGenlib() skipped sequential cell "sky130_fd_sc_hd__dfrbp_2".
ABC: Scl_LibertyReadGenlib() skipped sequential cell "sky130_fd_sc_hd__dfrtn_1".
ABC: Scl_LibertyReadGenlib() skipped sequential cell "sky130_fd_sc_hd__dfrtp_1".
ABC: Scl_LibertyReadGenlib() skipped sequential cell "sky130_fd_sc_hd__dfrtp_2".
ABC: Scl_LibertyReadGenlib() skipped sequential cell "sky130_fd_sc_hd__dfrtp_4".
ABC: Scl_LibertyReadGenlib() skipped sequential cell "sky130_fd_sc_hd__dfsbp_1".
ABC: Scl_LibertyReadGenlib() skipped sequential cell "sky130_fd_sc_hd__dfsbp_2".
ABC: Scl_LibertyReadGenlib() skipped sequential cell "sky130_fd_sc_hd__dfstp_1".
ABC: Scl_LibertyReadGenlib() skipped sequential cell "sky130_fd_sc_hd__dfstp_2".
ABC: Scl_LibertyReadGenlib() skipped sequential cell "sky130_fd_sc_hd__dfstp_4".
ABC: Scl_LibertyReadGenlib() skipped sequential cell "sky130_fd_sc_hd__dfxbp_1".
ABC: Scl_LibertyReadGenlib() skipped sequential cell "sky130_fd_sc_hd__dfxbp_2".
ABC: Scl_LibertyReadGenlib() skipped sequential cell "sky130_fd_sc_hd__dfxtp_1".
ABC: Scl_LibertyReadGenlib() skipped sequential cell "sky130_fd_sc_hd__dfxtp_2".
ABC: Scl_LibertyReadGenlib() skipped sequential cell "sky130_fd_sc_hd__dfxtp_4".
ABC: Scl_LibertyReadGenlib() skipped cell "sky130_fd_sc_hd__diode_2" without logic function.
ABC: Scl_LibertyReadGenlib() skipped cell "sky130_fd_sc_hd__dlclkp_1" without logic function.
ABC: Scl_LibertyReadGenlib() skipped cell "sky130_fd_sc_hd__dlclkp_2" without logic function.
ABC: Scl_LibertyReadGenlib() skipped cell "sky130_fd_sc_hd__dlclkp_4" without logic function.
ABC: Scl_LibertyReadGenlib() skipped sequential cell "sky130_fd_sc_hd__dlrbn_1".
ABC: Scl_LibertyReadGenlib() skipped sequential cell "sky130_fd_sc_hd__dlrbn_2".
ABC: Scl_LibertyReadGenlib() skipped sequential cell "sky130_fd_sc_hd__dlrbp_1".
ABC: Scl_LibertyReadGenlib() skipped sequential cell "sky130_fd_sc_hd__dlrbp_2".
ABC: Scl_LibertyReadGenlib() skipped sequential cell "sky130_fd_sc_hd__dlrtn_1".
ABC: Scl_LibertyReadGenlib() skipped sequential cell "sky130_fd_sc_hd__dlrtn_2".
ABC: Scl_LibertyReadGenlib() skipped sequential cell "sky130_fd_sc_hd__dlrtn_4".
ABC: Scl_LibertyReadGenlib() skipped sequential cell "sky130_fd_sc_hd__dlrtp_1".
ABC: Scl_LibertyReadGenlib() skipped sequential cell "sky130_fd_sc_hd__dlrtp_2".
ABC: Scl_LibertyReadGenlib() skipped sequential cell "sky130_fd_sc_hd__dlrtp_4".
ABC: Scl_LibertyReadGenlib() skipped sequential cell "sky130_fd_sc_hd__dlxbn_1".
ABC: Scl_LibertyReadGenlib() skipped sequential cell "sky130_fd_sc_hd__dlxbn_2".
ABC: Scl_LibertyReadGenlib() skipped sequential cell "sky130_fd_sc_hd__dlxbp_1".
ABC: Scl_LibertyReadGenlib() skipped sequential cell "sky130_fd_sc_hd__dlxtn_1".
ABC: Scl_LibertyReadGenlib() skipped sequential cell "sky130_fd_sc_hd__dlxtn_2".
ABC: Scl_LibertyReadGenlib() skipped sequential cell "sky130_fd_sc_hd__dlxtn_4".
ABC: Scl_LibertyReadGenlib() skipped sequential cell "sky130_fd_sc_hd__dlxtp_1".
ABC: Scl_LibertyReadGenlib() skipped three-state cell "sky130_fd_sc_hd__ebufn_1".
ABC: Scl_LibertyReadGenlib() skipped three-state cell "sky130_fd_sc_hd__ebufn_2".
ABC: Scl_LibertyReadGenlib() skipped three-state cell "sky130_fd_sc_hd__ebufn_4".
ABC: Scl_LibertyReadGenlib() skipped three-state cell "sky130_fd_sc_hd__ebufn_8".
ABC: Scl_LibertyReadGenlib() skipped sequential cell "sky130_fd_sc_hd__edfxbp_1".
ABC: Scl_LibertyReadGenlib() skipped sequential cell "sky130_fd_sc_hd__edfxtp_1".
ABC: Scl_LibertyReadGenlib() skipped three-state cell "sky130_fd_sc_hd__einvn_0".
ABC: Scl_LibertyReadGenlib() skipped three-state cell "sky130_fd_sc_hd__einvn_1".
ABC: Scl_LibertyReadGenlib() skipped three-state cell "sky130_fd_sc_hd__einvn_2".
ABC: Scl_LibertyReadGenlib() skipped three-state cell "sky130_fd_sc_hd__einvn_4".
ABC: Scl_LibertyReadGenlib() skipped three-state cell "sky130_fd_sc_hd__einvn_8".
ABC: Scl_LibertyReadGenlib() skipped three-state cell "sky130_fd_sc_hd__einvp_1".
ABC: Scl_LibertyReadGenlib() skipped three-state cell "sky130_fd_sc_hd__einvp_2".
ABC: Scl_LibertyReadGenlib() skipped three-state cell "sky130_fd_sc_hd__einvp_4".
ABC: Scl_LibertyReadGenlib() skipped three-state cell "sky130_fd_sc_hd__einvp_8".
ABC: Scl_LibertyReadGenlib() skipped cell "sky130_fd_sc_hd__lpflow_bleeder_1" without logic function.
ABC: Scl_LibertyReadGenlib() skipped cell "sky130_fd_sc_hd__lpflow_decapkapwr_12" without logic function.
ABC: Scl_LibertyReadGenlib() skipped cell "sky130_fd_sc_hd__lpflow_decapkapwr_3" without logic function.
ABC: Scl_LibertyReadGenlib() skipped cell "sky130_fd_sc_hd__lpflow_decapkapwr_4" without logic function.
ABC: Scl_LibertyReadGenlib() skipped cell "sky130_fd_sc_hd__lpflow_decapkapwr_6" without logic function.
ABC: Scl_LibertyReadGenlib() skipped cell "sky130_fd_sc_hd__lpflow_decapkapwr_8" without logic function.
ABC: Scl_LibertyReadGenlib() skipped sequential cell "sky130_fd_sc_hd__lpflow_inputisolatch_1".
ABC: Scl_LibertyReadGenlib() skipped sequential cell "sky130_fd_sc_hd__sdfbbn_1".
ABC: Scl_LibertyReadGenlib() skipped sequential cell "sky130_fd_sc_hd__sdfbbn_2".
ABC: Scl_LibertyReadGenlib() skipped sequential cell "sky130_fd_sc_hd__sdfbbp_1".
ABC: Scl_LibertyReadGenlib() skipped sequential cell "sky130_fd_sc_hd__sdfrbp_1".
ABC: Scl_LibertyReadGenlib() skipped sequential cell "sky130_fd_sc_hd__sdfrbp_2".
ABC: Scl_LibertyReadGenlib() skipped sequential cell "sky130_fd_sc_hd__sdfrtn_1".
ABC: Scl_LibertyReadGenlib() skipped sequential cell "sky130_fd_sc_hd__sdfrtp_1".
ABC: Scl_LibertyReadGenlib() skipped sequential cell "sky130_fd_sc_hd__sdfrtp_2".
ABC: Scl_LibertyReadGenlib() skipped sequential cell "sky130_fd_sc_hd__sdfrtp_4".
ABC: Scl_LibertyReadGenlib() skipped sequential cell "sky130_fd_sc_hd__sdfsbp_1".
ABC: Scl_LibertyReadGenlib() skipped sequential cell "sky130_fd_sc_hd__sdfsbp_2".
ABC: Scl_LibertyReadGenlib() skipped sequential cell "sky130_fd_sc_hd__sdfstp_1".
ABC: Scl_LibertyReadGenlib() skipped sequential cell "sky130_fd_sc_hd__sdfstp_2".
ABC: Scl_LibertyReadGenlib() skipped sequential cell "sky130_fd_sc_hd__sdfstp_4".
ABC: Scl_LibertyReadGenlib() skipped sequential cell "sky130_fd_sc_hd__sdfxbp_1".
ABC: Scl_LibertyReadGenlib() skipped sequential cell "sky130_fd_sc_hd__sdfxbp_2".
ABC: Scl_LibertyReadGenlib() skipped sequential cell "sky130_fd_sc_hd__sdfxtp_1".
ABC: Scl_LibertyReadGenlib() skipped sequential cell "sky130_fd_sc_hd__sdfxtp_2".
ABC: Scl_LibertyReadGenlib() skipped sequential cell "sky130_fd_sc_hd__sdfxtp_4".
ABC: Scl_LibertyReadGenlib() skipped cell "sky130_fd_sc_hd__sdlclkp_1" without logic function.
ABC: Scl_LibertyReadGenlib() skipped cell "sky130_fd_sc_hd__sdlclkp_2" without logic function.
ABC: Scl_LibertyReadGenlib() skipped cell "sky130_fd_sc_hd__sdlclkp_4" without logic function.
ABC: Scl_LibertyReadGenlib() skipped sequential cell "sky130_fd_sc_hd__sedfxbp_1".
ABC: Scl_LibertyReadGenlib() skipped sequential cell "sky130_fd_sc_hd__sedfxbp_2".
ABC: Scl_LibertyReadGenlib() skipped sequential cell "sky130_fd_sc_hd__sedfxtp_1".
ABC: Scl_LibertyReadGenlib() skipped sequential cell "sky130_fd_sc_hd__sedfxtp_2".
ABC: Scl_LibertyReadGenlib() skipped sequential cell "sky130_fd_sc_hd__sedfxtp_4".
ABC: Library "sky130_fd_sc_hd__tt_100C_1v80" from "/home/fuex/.volare/volare/sky130/versions/0fe599b2afb6708d281543108caf8310912f54af/sky130A/libs.ref/sky130_fd_sc_hd/lib/sky130_fd_sc_hd__tt_100C_1v80.lib" has 334 cells (94 skipped: 63 seq; 13 tri-state; 18 no func; 0 dont_use).  Time =     0.09 sec
ABC: Memory =   16.05 MB. Time =     0.09 sec
ABC: Warning: Detected 9 multi-output gates (for example, "sky130_fd_sc_hd__fa_1").
ABC: + strash 
ABC: + &get -n 
ABC: + &fraig -x 
ABC: + &put 
ABC: + scorr 
ABC: Warning: The network is combinational (run "fraig" or "fraig_sweep").
ABC: + dc2 
ABC: + dretime 
ABC: + strash 
ABC: + &get -n 
ABC: + &dch -f 
ABC: + &nf 
ABC: + &put 
ABC: + write_blif <abc-temp-dir>/output.blif 

16.1.2. Re-integrating ABC results.
ABC RESULTS:   sky130_fd_sc_hd__a21boi_0 cells:        1
ABC RESULTS:   sky130_fd_sc_hd__a21oi_1 cells:        2
ABC RESULTS:   sky130_fd_sc_hd__a22o_1 cells:       16
ABC RESULTS:   sky130_fd_sc_hd__and2_0 cells:        9
ABC RESULTS:   sky130_fd_sc_hd__and3_1 cells:        1
ABC RESULTS:   sky130_fd_sc_hd__and3b_1 cells:        1
ABC RESULTS:   sky130_fd_sc_hd__and4b_1 cells:        1
ABC RESULTS:   sky130_fd_sc_hd__clkinv_1 cells:        1
ABC RESULTS:   sky130_fd_sc_hd__lpflow_inputiso1p_1 cells:        3
ABC RESULTS:   sky130_fd_sc_hd__lpflow_isobufsrc_1 cells:        2
ABC RESULTS:   sky130_fd_sc_hd__mux2_1 cells:       56
ABC RESULTS:   sky130_fd_sc_hd__nand2_1 cells:       27
ABC RESULTS:   sky130_fd_sc_hd__nand3_1 cells:       18
ABC RESULTS:   sky130_fd_sc_hd__nand3b_1 cells:        1
ABC RESULTS:   sky130_fd_sc_hd__nand4_1 cells:       10
ABC RESULTS:   sky130_fd_sc_hd__nor2_1 cells:       10
ABC RESULTS:   sky130_fd_sc_hd__nor3_1 cells:        1
ABC RESULTS:   sky130_fd_sc_hd__nor3b_1 cells:        2
ABC RESULTS:   sky130_fd_sc_hd__nor4_1 cells:        1
ABC RESULTS:   sky130_fd_sc_hd__o211a_1 cells:        1
ABC RESULTS:   sky130_fd_sc_hd__o21ai_0 cells:        2
ABC RESULTS:   sky130_fd_sc_hd__o2bb2ai_1 cells:       56
ABC RESULTS:   sky130_fd_sc_hd__o31a_1 cells:        1
ABC RESULTS:   sky130_fd_sc_hd__o31ai_1 cells:        1
ABC RESULTS:   sky130_fd_sc_hd__or3_1 cells:        1
ABC RESULTS:   sky130_fd_sc_hd__or4_1 cells:        1
ABC RESULTS:   sky130_fd_sc_hd__or4b_1 cells:        1
ABC RESULTS:   sky130_fd_sc_hd__xnor2_1 cells:        1
ABC RESULTS:   sky130_fd_sc_hd__xor2_1 cells:        1
ABC RESULTS:        internal signals:      744
ABC RESULTS:           input signals:      141
ABC RESULTS:          output signals:      132
Removing temp directory.

16.2. Extracting gate netlist of module `\data_router' to `<abc-temp-dir>/input.blif'..
Extracted 34 gates and 44 wires to a netlist network with 10 inputs and 18 outputs.

16.2.1. Executing ABC.
Running ABC command: "abc" -s -f <abc-temp-dir>/abc.script 2>&1
ABC: ABC command line: "source <abc-temp-dir>/abc.script".
ABC: 
ABC: + read_blif <abc-temp-dir>/input.blif 
ABC: + read_lib -w /home/fuex/.volare/volare/sky130/versions/0fe599b2afb6708d281543108caf8310912f54af/sky130A/libs.ref/sky130_fd_sc_hd/lib/sky130_fd_sc_hd__tt_100C_1v80.lib 
ABC: Parsing finished successfully.  Parsing time =     0.06 sec
ABC: Scl_LibertyReadGenlib() skipped cell "sky130_fd_sc_hd__decap_12" without logic function.
ABC: Scl_LibertyReadGenlib() skipped cell "sky130_fd_sc_hd__decap_3" without logic function.
ABC: Scl_LibertyReadGenlib() skipped cell "sky130_fd_sc_hd__decap_4" without logic function.
ABC: Scl_LibertyReadGenlib() skipped cell "sky130_fd_sc_hd__decap_6" without logic function.
ABC: Scl_LibertyReadGenlib() skipped cell "sky130_fd_sc_hd__decap_8" without logic function.
ABC: Scl_LibertyReadGenlib() skipped sequential cell "sky130_fd_sc_hd__dfbbn_1".
ABC: Scl_LibertyReadGenlib() skipped sequential cell "sky130_fd_sc_hd__dfbbn_2".
ABC: Scl_LibertyReadGenlib() skipped sequential cell "sky130_fd_sc_hd__dfbbp_1".
ABC: Scl_LibertyReadGenlib() skipped sequential cell "sky130_fd_sc_hd__dfrbp_1".
ABC: Scl_LibertyReadGenlib() skipped sequential cell "sky130_fd_sc_hd__dfrbp_2".
ABC: Scl_LibertyReadGenlib() skipped sequential cell "sky130_fd_sc_hd__dfrtn_1".
ABC: Scl_LibertyReadGenlib() skipped sequential cell "sky130_fd_sc_hd__dfrtp_1".
ABC: Scl_LibertyReadGenlib() skipped sequential cell "sky130_fd_sc_hd__dfrtp_2".
ABC: Scl_LibertyReadGenlib() skipped sequential cell "sky130_fd_sc_hd__dfrtp_4".
ABC: Scl_LibertyReadGenlib() skipped sequential cell "sky130_fd_sc_hd__dfsbp_1".
ABC: Scl_LibertyReadGenlib() skipped sequential cell "sky130_fd_sc_hd__dfsbp_2".
ABC: Scl_LibertyReadGenlib() skipped sequential cell "sky130_fd_sc_hd__dfstp_1".
ABC: Scl_LibertyReadGenlib() skipped sequential cell "sky130_fd_sc_hd__dfstp_2".
ABC: Scl_LibertyReadGenlib() skipped sequential cell "sky130_fd_sc_hd__dfstp_4".
ABC: Scl_LibertyReadGenlib() skipped sequential cell "sky130_fd_sc_hd__dfxbp_1".
ABC: Scl_LibertyReadGenlib() skipped sequential cell "sky130_fd_sc_hd__dfxbp_2".
ABC: Scl_LibertyReadGenlib() skipped sequential cell "sky130_fd_sc_hd__dfxtp_1".
ABC: Scl_LibertyReadGenlib() skipped sequential cell "sky130_fd_sc_hd__dfxtp_2".
ABC: Scl_LibertyReadGenlib() skipped sequential cell "sky130_fd_sc_hd__dfxtp_4".
ABC: Scl_LibertyReadGenlib() skipped cell "sky130_fd_sc_hd__diode_2" without logic function.
ABC: Scl_LibertyReadGenlib() skipped cell "sky130_fd_sc_hd__dlclkp_1" without logic function.
ABC: Scl_LibertyReadGenlib() skipped cell "sky130_fd_sc_hd__dlclkp_2" without logic function.
ABC: Scl_LibertyReadGenlib() skipped cell "sky130_fd_sc_hd__dlclkp_4" without logic function.
ABC: Scl_LibertyReadGenlib() skipped sequential cell "sky130_fd_sc_hd__dlrbn_1".
ABC: Scl_LibertyReadGenlib() skipped sequential cell "sky130_fd_sc_hd__dlrbn_2".
ABC: Scl_LibertyReadGenlib() skipped sequential cell "sky130_fd_sc_hd__dlrbp_1".
ABC: Scl_LibertyReadGenlib() skipped sequential cell "sky130_fd_sc_hd__dlrbp_2".
ABC: Scl_LibertyReadGenlib() skipped sequential cell "sky130_fd_sc_hd__dlrtn_1".
ABC: Scl_LibertyReadGenlib() skipped sequential cell "sky130_fd_sc_hd__dlrtn_2".
ABC: Scl_LibertyReadGenlib() skipped sequential cell "sky130_fd_sc_hd__dlrtn_4".
ABC: Scl_LibertyReadGenlib() skipped sequential cell "sky130_fd_sc_hd__dlrtp_1".
ABC: Scl_LibertyReadGenlib() skipped sequential cell "sky130_fd_sc_hd__dlrtp_2".
ABC: Scl_LibertyReadGenlib() skipped sequential cell "sky130_fd_sc_hd__dlrtp_4".
ABC: Scl_LibertyReadGenlib() skipped sequential cell "sky130_fd_sc_hd__dlxbn_1".
ABC: Scl_LibertyReadGenlib() skipped sequential cell "sky130_fd_sc_hd__dlxbn_2".
ABC: Scl_LibertyReadGenlib() skipped sequential cell "sky130_fd_sc_hd__dlxbp_1".
ABC: Scl_LibertyReadGenlib() skipped sequential cell "sky130_fd_sc_hd__dlxtn_1".
ABC: Scl_LibertyReadGenlib() skipped sequential cell "sky130_fd_sc_hd__dlxtn_2".
ABC: Scl_LibertyReadGenlib() skipped sequential cell "sky130_fd_sc_hd__dlxtn_4".
ABC: Scl_LibertyReadGenlib() skipped sequential cell "sky130_fd_sc_hd__dlxtp_1".
ABC: Scl_LibertyReadGenlib() skipped three-state cell "sky130_fd_sc_hd__ebufn_1".
ABC: Scl_LibertyReadGenlib() skipped three-state cell "sky130_fd_sc_hd__ebufn_2".
ABC: Scl_LibertyReadGenlib() skipped three-state cell "sky130_fd_sc_hd__ebufn_4".
ABC: Scl_LibertyReadGenlib() skipped three-state cell "sky130_fd_sc_hd__ebufn_8".
ABC: Scl_LibertyReadGenlib() skipped sequential cell "sky130_fd_sc_hd__edfxbp_1".
ABC: Scl_LibertyReadGenlib() skipped sequential cell "sky130_fd_sc_hd__edfxtp_1".
ABC: Scl_LibertyReadGenlib() skipped three-state cell "sky130_fd_sc_hd__einvn_0".
ABC: Scl_LibertyReadGenlib() skipped three-state cell "sky130_fd_sc_hd__einvn_1".
ABC: Scl_LibertyReadGenlib() skipped three-state cell "sky130_fd_sc_hd__einvn_2".
ABC: Scl_LibertyReadGenlib() skipped three-state cell "sky130_fd_sc_hd__einvn_4".
ABC: Scl_LibertyReadGenlib() skipped three-state cell "sky130_fd_sc_hd__einvn_8".
ABC: Scl_LibertyReadGenlib() skipped three-state cell "sky130_fd_sc_hd__einvp_1".
ABC: Scl_LibertyReadGenlib() skipped three-state cell "sky130_fd_sc_hd__einvp_2".
ABC: Scl_LibertyReadGenlib() skipped three-state cell "sky130_fd_sc_hd__einvp_4".
ABC: Scl_LibertyReadGenlib() skipped three-state cell "sky130_fd_sc_hd__einvp_8".
ABC: Scl_LibertyReadGenlib() skipped cell "sky130_fd_sc_hd__lpflow_bleeder_1" without logic function.
ABC: Scl_LibertyReadGenlib() skipped cell "sky130_fd_sc_hd__lpflow_decapkapwr_12" without logic function.
ABC: Scl_LibertyReadGenlib() skipped cell "sky130_fd_sc_hd__lpflow_decapkapwr_3" without logic function.
ABC: Scl_LibertyReadGenlib() skipped cell "sky130_fd_sc_hd__lpflow_decapkapwr_4" without logic function.
ABC: Scl_LibertyReadGenlib() skipped cell "sky130_fd_sc_hd__lpflow_decapkapwr_6" without logic function.
ABC: Scl_LibertyReadGenlib() skipped cell "sky130_fd_sc_hd__lpflow_decapkapwr_8" without logic function.
ABC: Scl_LibertyReadGenlib() skipped sequential cell "sky130_fd_sc_hd__lpflow_inputisolatch_1".
ABC: Scl_LibertyReadGenlib() skipped sequential cell "sky130_fd_sc_hd__sdfbbn_1".
ABC: Scl_LibertyReadGenlib() skipped sequential cell "sky130_fd_sc_hd__sdfbbn_2".
ABC: Scl_LibertyReadGenlib() skipped sequential cell "sky130_fd_sc_hd__sdfbbp_1".
ABC: Scl_LibertyReadGenlib() skipped sequential cell "sky130_fd_sc_hd__sdfrbp_1".
ABC: Scl_LibertyReadGenlib() skipped sequential cell "sky130_fd_sc_hd__sdfrbp_2".
ABC: Scl_LibertyReadGenlib() skipped sequential cell "sky130_fd_sc_hd__sdfrtn_1".
ABC: Scl_LibertyReadGenlib() skipped sequential cell "sky130_fd_sc_hd__sdfrtp_1".
ABC: Scl_LibertyReadGenlib() skipped sequential cell "sky130_fd_sc_hd__sdfrtp_2".
ABC: Scl_LibertyReadGenlib() skipped sequential cell "sky130_fd_sc_hd__sdfrtp_4".
ABC: Scl_LibertyReadGenlib() skipped sequential cell "sky130_fd_sc_hd__sdfsbp_1".
ABC: Scl_LibertyReadGenlib() skipped sequential cell "sky130_fd_sc_hd__sdfsbp_2".
ABC: Scl_LibertyReadGenlib() skipped sequential cell "sky130_fd_sc_hd__sdfstp_1".
ABC: Scl_LibertyReadGenlib() skipped sequential cell "sky130_fd_sc_hd__sdfstp_2".
ABC: Scl_LibertyReadGenlib() skipped sequential cell "sky130_fd_sc_hd__sdfstp_4".
ABC: Scl_LibertyReadGenlib() skipped sequential cell "sky130_fd_sc_hd__sdfxbp_1".
ABC: Scl_LibertyReadGenlib() skipped sequential cell "sky130_fd_sc_hd__sdfxbp_2".
ABC: Scl_LibertyReadGenlib() skipped sequential cell "sky130_fd_sc_hd__sdfxtp_1".
ABC: Scl_LibertyReadGenlib() skipped sequential cell "sky130_fd_sc_hd__sdfxtp_2".
ABC: Scl_LibertyReadGenlib() skipped sequential cell "sky130_fd_sc_hd__sdfxtp_4".
ABC: Scl_LibertyReadGenlib() skipped cell "sky130_fd_sc_hd__sdlclkp_1" without logic function.
ABC: Scl_LibertyReadGenlib() skipped cell "sky130_fd_sc_hd__sdlclkp_2" without logic function.
ABC: Scl_LibertyReadGenlib() skipped cell "sky130_fd_sc_hd__sdlclkp_4" without logic function.
ABC: Scl_LibertyReadGenlib() skipped sequential cell "sky130_fd_sc_hd__sedfxbp_1".
ABC: Scl_LibertyReadGenlib() skipped sequential cell "sky130_fd_sc_hd__sedfxbp_2".
ABC: Scl_LibertyReadGenlib() skipped sequential cell "sky130_fd_sc_hd__sedfxtp_1".
ABC: Scl_LibertyReadGenlib() skipped sequential cell "sky130_fd_sc_hd__sedfxtp_2".
ABC: Scl_LibertyReadGenlib() skipped sequential cell "sky130_fd_sc_hd__sedfxtp_4".
ABC: Library "sky130_fd_sc_hd__tt_100C_1v80" from "/home/fuex/.volare/volare/sky130/versions/0fe599b2afb6708d281543108caf8310912f54af/sky130A/libs.ref/sky130_fd_sc_hd/lib/sky130_fd_sc_hd__tt_100C_1v80.lib" has 334 cells (94 skipped: 63 seq; 13 tri-state; 18 no func; 0 dont_use).  Time =     0.09 sec
ABC: Memory =   16.05 MB. Time =     0.09 sec
ABC: Warning: Detected 9 multi-output gates (for example, "sky130_fd_sc_hd__fa_1").
ABC: + strash 
ABC: + &get -n 
ABC: + &fraig -x 
ABC: + &put 
ABC: + scorr 
ABC: Warning: The network is combinational (run "fraig" or "fraig_sweep").
ABC: + dc2 
ABC: + dretime 
ABC: + strash 
ABC: + &get -n 
ABC: + &dch -f 
ABC: + &nf 
ABC: + &put 
ABC: + write_blif <abc-temp-dir>/output.blif 

16.2.2. Re-integrating ABC results.
ABC RESULTS:   sky130_fd_sc_hd__and2_0 cells:        1
ABC RESULTS:   sky130_fd_sc_hd__and3_1 cells:        8
ABC RESULTS:   sky130_fd_sc_hd__and3b_1 cells:        8
ABC RESULTS:   sky130_fd_sc_hd__lpflow_isobufsrc_1 cells:        1
ABC RESULTS:        internal signals:       16
ABC RESULTS:           input signals:       10
ABC RESULTS:          output signals:       18
Removing temp directory.

16.3. Extracting gate netlist of module `\encryption_block' to `<abc-temp-dir>/input.blif'..
Extracted 38 gates and 69 wires to a netlist network with 31 inputs and 20 outputs.

16.3.1. Executing ABC.
Running ABC command: "abc" -s -f <abc-temp-dir>/abc.script 2>&1
ABC: ABC command line: "source <abc-temp-dir>/abc.script".
ABC: 
ABC: + read_blif <abc-temp-dir>/input.blif 
ABC: + read_lib -w /home/fuex/.volare/volare/sky130/versions/0fe599b2afb6708d281543108caf8310912f54af/sky130A/libs.ref/sky130_fd_sc_hd/lib/sky130_fd_sc_hd__tt_100C_1v80.lib 
ABC: Parsing finished successfully.  Parsing time =     0.06 sec
ABC: Scl_LibertyReadGenlib() skipped cell "sky130_fd_sc_hd__decap_12" without logic function.
ABC: Scl_LibertyReadGenlib() skipped cell "sky130_fd_sc_hd__decap_3" without logic function.
ABC: Scl_LibertyReadGenlib() skipped cell "sky130_fd_sc_hd__decap_4" without logic function.
ABC: Scl_LibertyReadGenlib() skipped cell "sky130_fd_sc_hd__decap_6" without logic function.
ABC: Scl_LibertyReadGenlib() skipped cell "sky130_fd_sc_hd__decap_8" without logic function.
ABC: Scl_LibertyReadGenlib() skipped sequential cell "sky130_fd_sc_hd__dfbbn_1".
ABC: Scl_LibertyReadGenlib() skipped sequential cell "sky130_fd_sc_hd__dfbbn_2".
ABC: Scl_LibertyReadGenlib() skipped sequential cell "sky130_fd_sc_hd__dfbbp_1".
ABC: Scl_LibertyReadGenlib() skipped sequential cell "sky130_fd_sc_hd__dfrbp_1".
ABC: Scl_LibertyReadGenlib() skipped sequential cell "sky130_fd_sc_hd__dfrbp_2".
ABC: Scl_LibertyReadGenlib() skipped sequential cell "sky130_fd_sc_hd__dfrtn_1".
ABC: Scl_LibertyReadGenlib() skipped sequential cell "sky130_fd_sc_hd__dfrtp_1".
ABC: Scl_LibertyReadGenlib() skipped sequential cell "sky130_fd_sc_hd__dfrtp_2".
ABC: Scl_LibertyReadGenlib() skipped sequential cell "sky130_fd_sc_hd__dfrtp_4".
ABC: Scl_LibertyReadGenlib() skipped sequential cell "sky130_fd_sc_hd__dfsbp_1".
ABC: Scl_LibertyReadGenlib() skipped sequential cell "sky130_fd_sc_hd__dfsbp_2".
ABC: Scl_LibertyReadGenlib() skipped sequential cell "sky130_fd_sc_hd__dfstp_1".
ABC: Scl_LibertyReadGenlib() skipped sequential cell "sky130_fd_sc_hd__dfstp_2".
ABC: Scl_LibertyReadGenlib() skipped sequential cell "sky130_fd_sc_hd__dfstp_4".
ABC: Scl_LibertyReadGenlib() skipped sequential cell "sky130_fd_sc_hd__dfxbp_1".
ABC: Scl_LibertyReadGenlib() skipped sequential cell "sky130_fd_sc_hd__dfxbp_2".
ABC: Scl_LibertyReadGenlib() skipped sequential cell "sky130_fd_sc_hd__dfxtp_1".
ABC: Scl_LibertyReadGenlib() skipped sequential cell "sky130_fd_sc_hd__dfxtp_2".
ABC: Scl_LibertyReadGenlib() skipped sequential cell "sky130_fd_sc_hd__dfxtp_4".
ABC: Scl_LibertyReadGenlib() skipped cell "sky130_fd_sc_hd__diode_2" without logic function.
ABC: Scl_LibertyReadGenlib() skipped cell "sky130_fd_sc_hd__dlclkp_1" without logic function.
ABC: Scl_LibertyReadGenlib() skipped cell "sky130_fd_sc_hd__dlclkp_2" without logic function.
ABC: Scl_LibertyReadGenlib() skipped cell "sky130_fd_sc_hd__dlclkp_4" without logic function.
ABC: Scl_LibertyReadGenlib() skipped sequential cell "sky130_fd_sc_hd__dlrbn_1".
ABC: Scl_LibertyReadGenlib() skipped sequential cell "sky130_fd_sc_hd__dlrbn_2".
ABC: Scl_LibertyReadGenlib() skipped sequential cell "sky130_fd_sc_hd__dlrbp_1".
ABC: Scl_LibertyReadGenlib() skipped sequential cell "sky130_fd_sc_hd__dlrbp_2".
ABC: Scl_LibertyReadGenlib() skipped sequential cell "sky130_fd_sc_hd__dlrtn_1".
ABC: Scl_LibertyReadGenlib() skipped sequential cell "sky130_fd_sc_hd__dlrtn_2".
ABC: Scl_LibertyReadGenlib() skipped sequential cell "sky130_fd_sc_hd__dlrtn_4".
ABC: Scl_LibertyReadGenlib() skipped sequential cell "sky130_fd_sc_hd__dlrtp_1".
ABC: Scl_LibertyReadGenlib() skipped sequential cell "sky130_fd_sc_hd__dlrtp_2".
ABC: Scl_LibertyReadGenlib() skipped sequential cell "sky130_fd_sc_hd__dlrtp_4".
ABC: Scl_LibertyReadGenlib() skipped sequential cell "sky130_fd_sc_hd__dlxbn_1".
ABC: Scl_LibertyReadGenlib() skipped sequential cell "sky130_fd_sc_hd__dlxbn_2".
ABC: Scl_LibertyReadGenlib() skipped sequential cell "sky130_fd_sc_hd__dlxbp_1".
ABC: Scl_LibertyReadGenlib() skipped sequential cell "sky130_fd_sc_hd__dlxtn_1".
ABC: Scl_LibertyReadGenlib() skipped sequential cell "sky130_fd_sc_hd__dlxtn_2".
ABC: Scl_LibertyReadGenlib() skipped sequential cell "sky130_fd_sc_hd__dlxtn_4".
ABC: Scl_LibertyReadGenlib() skipped sequential cell "sky130_fd_sc_hd__dlxtp_1".
ABC: Scl_LibertyReadGenlib() skipped three-state cell "sky130_fd_sc_hd__ebufn_1".
ABC: Scl_LibertyReadGenlib() skipped three-state cell "sky130_fd_sc_hd__ebufn_2".
ABC: Scl_LibertyReadGenlib() skipped three-state cell "sky130_fd_sc_hd__ebufn_4".
ABC: Scl_LibertyReadGenlib() skipped three-state cell "sky130_fd_sc_hd__ebufn_8".
ABC: Scl_LibertyReadGenlib() skipped sequential cell "sky130_fd_sc_hd__edfxbp_1".
ABC: Scl_LibertyReadGenlib() skipped sequential cell "sky130_fd_sc_hd__edfxtp_1".
ABC: Scl_LibertyReadGenlib() skipped three-state cell "sky130_fd_sc_hd__einvn_0".
ABC: Scl_LibertyReadGenlib() skipped three-state cell "sky130_fd_sc_hd__einvn_1".
ABC: Scl_LibertyReadGenlib() skipped three-state cell "sky130_fd_sc_hd__einvn_2".
ABC: Scl_LibertyReadGenlib() skipped three-state cell "sky130_fd_sc_hd__einvn_4".
ABC: Scl_LibertyReadGenlib() skipped three-state cell "sky130_fd_sc_hd__einvn_8".
ABC: Scl_LibertyReadGenlib() skipped three-state cell "sky130_fd_sc_hd__einvp_1".
ABC: Scl_LibertyReadGenlib() skipped three-state cell "sky130_fd_sc_hd__einvp_2".
ABC: Scl_LibertyReadGenlib() skipped three-state cell "sky130_fd_sc_hd__einvp_4".
ABC: Scl_LibertyReadGenlib() skipped three-state cell "sky130_fd_sc_hd__einvp_8".
ABC: Scl_LibertyReadGenlib() skipped cell "sky130_fd_sc_hd__lpflow_bleeder_1" without logic function.
ABC: Scl_LibertyReadGenlib() skipped cell "sky130_fd_sc_hd__lpflow_decapkapwr_12" without logic function.
ABC: Scl_LibertyReadGenlib() skipped cell "sky130_fd_sc_hd__lpflow_decapkapwr_3" without logic function.
ABC: Scl_LibertyReadGenlib() skipped cell "sky130_fd_sc_hd__lpflow_decapkapwr_4" without logic function.
ABC: Scl_LibertyReadGenlib() skipped cell "sky130_fd_sc_hd__lpflow_decapkapwr_6" without logic function.
ABC: Scl_LibertyReadGenlib() skipped cell "sky130_fd_sc_hd__lpflow_decapkapwr_8" without logic function.
ABC: Scl_LibertyReadGenlib() skipped sequential cell "sky130_fd_sc_hd__lpflow_inputisolatch_1".
ABC: Scl_LibertyReadGenlib() skipped sequential cell "sky130_fd_sc_hd__sdfbbn_1".
ABC: Scl_LibertyReadGenlib() skipped sequential cell "sky130_fd_sc_hd__sdfbbn_2".
ABC: Scl_LibertyReadGenlib() skipped sequential cell "sky130_fd_sc_hd__sdfbbp_1".
ABC: Scl_LibertyReadGenlib() skipped sequential cell "sky130_fd_sc_hd__sdfrbp_1".
ABC: Scl_LibertyReadGenlib() skipped sequential cell "sky130_fd_sc_hd__sdfrbp_2".
ABC: Scl_LibertyReadGenlib() skipped sequential cell "sky130_fd_sc_hd__sdfrtn_1".
ABC: Scl_LibertyReadGenlib() skipped sequential cell "sky130_fd_sc_hd__sdfrtp_1".
ABC: Scl_LibertyReadGenlib() skipped sequential cell "sky130_fd_sc_hd__sdfrtp_2".
ABC: Scl_LibertyReadGenlib() skipped sequential cell "sky130_fd_sc_hd__sdfrtp_4".
ABC: Scl_LibertyReadGenlib() skipped sequential cell "sky130_fd_sc_hd__sdfsbp_1".
ABC: Scl_LibertyReadGenlib() skipped sequential cell "sky130_fd_sc_hd__sdfsbp_2".
ABC: Scl_LibertyReadGenlib() skipped sequential cell "sky130_fd_sc_hd__sdfstp_1".
ABC: Scl_LibertyReadGenlib() skipped sequential cell "sky130_fd_sc_hd__sdfstp_2".
ABC: Scl_LibertyReadGenlib() skipped sequential cell "sky130_fd_sc_hd__sdfstp_4".
ABC: Scl_LibertyReadGenlib() skipped sequential cell "sky130_fd_sc_hd__sdfxbp_1".
ABC: Scl_LibertyReadGenlib() skipped sequential cell "sky130_fd_sc_hd__sdfxbp_2".
ABC: Scl_LibertyReadGenlib() skipped sequential cell "sky130_fd_sc_hd__sdfxtp_1".
ABC: Scl_LibertyReadGenlib() skipped sequential cell "sky130_fd_sc_hd__sdfxtp_2".
ABC: Scl_LibertyReadGenlib() skipped sequential cell "sky130_fd_sc_hd__sdfxtp_4".
ABC: Scl_LibertyReadGenlib() skipped cell "sky130_fd_sc_hd__sdlclkp_1" without logic function.
ABC: Scl_LibertyReadGenlib() skipped cell "sky130_fd_sc_hd__sdlclkp_2" without logic function.
ABC: Scl_LibertyReadGenlib() skipped cell "sky130_fd_sc_hd__sdlclkp_4" without logic function.
ABC: Scl_LibertyReadGenlib() skipped sequential cell "sky130_fd_sc_hd__sedfxbp_1".
ABC: Scl_LibertyReadGenlib() skipped sequential cell "sky130_fd_sc_hd__sedfxbp_2".
ABC: Scl_LibertyReadGenlib() skipped sequential cell "sky130_fd_sc_hd__sedfxtp_1".
ABC: Scl_LibertyReadGenlib() skipped sequential cell "sky130_fd_sc_hd__sedfxtp_2".
ABC: Scl_LibertyReadGenlib() skipped sequential cell "sky130_fd_sc_hd__sedfxtp_4".
ABC: Library "sky130_fd_sc_hd__tt_100C_1v80" from "/home/fuex/.volare/volare/sky130/versions/0fe599b2afb6708d281543108caf8310912f54af/sky130A/libs.ref/sky130_fd_sc_hd/lib/sky130_fd_sc_hd__tt_100C_1v80.lib" has 334 cells (94 skipped: 63 seq; 13 tri-state; 18 no func; 0 dont_use).  Time =     0.09 sec
ABC: Memory =   16.05 MB. Time =     0.09 sec
ABC: Warning: Detected 9 multi-output gates (for example, "sky130_fd_sc_hd__fa_1").
ABC: + strash 
ABC: + &get -n 
ABC: + &fraig -x 
ABC: + &put 
ABC: + scorr 
ABC: Warning: The network is combinational (run "fraig" or "fraig_sweep").
ABC: + dc2 
ABC: + dretime 
ABC: + strash 
ABC: + &get -n 
ABC: + &dch -f 
ABC: + &nf 
ABC: + &put 
ABC: + write_blif <abc-temp-dir>/output.blif 

16.3.2. Re-integrating ABC results.
ABC RESULTS:   sky130_fd_sc_hd__a22o_1 cells:        1
ABC RESULTS:   sky130_fd_sc_hd__and2_0 cells:        1
ABC RESULTS:   sky130_fd_sc_hd__clkinv_1 cells:        1
ABC RESULTS:   sky130_fd_sc_hd__lpflow_isobufsrc_1 cells:        1
ABC RESULTS:   sky130_fd_sc_hd__mux2_1 cells:        8
ABC RESULTS:   sky130_fd_sc_hd__nand2b_1 cells:        1
ABC RESULTS:   sky130_fd_sc_hd__nor3_1 cells:        1
ABC RESULTS:   sky130_fd_sc_hd__nor3b_1 cells:        1
ABC RESULTS:   sky130_fd_sc_hd__o21bai_1 cells:        1
ABC RESULTS:   sky130_fd_sc_hd__xor2_1 cells:        8
ABC RESULTS:        internal signals:       18
ABC RESULTS:           input signals:       31
ABC RESULTS:          output signals:       20
Removing temp directory.

16.4. Extracting gate netlist of module `\hash_generator' to `<abc-temp-dir>/input.blif'..
Extracted 2947 gates and 3319 wires to a netlist network with 372 inputs and 251 outputs.

16.4.1. Executing ABC.
Running ABC command: "abc" -s -f <abc-temp-dir>/abc.script 2>&1
ABC: ABC command line: "source <abc-temp-dir>/abc.script".
ABC: 
ABC: + read_blif <abc-temp-dir>/input.blif 
ABC: + read_lib -w /home/fuex/.volare/volare/sky130/versions/0fe599b2afb6708d281543108caf8310912f54af/sky130A/libs.ref/sky130_fd_sc_hd/lib/sky130_fd_sc_hd__tt_100C_1v80.lib 
ABC: Parsing finished successfully.  Parsing time =     0.06 sec
ABC: Scl_LibertyReadGenlib() skipped cell "sky130_fd_sc_hd__decap_12" without logic function.
ABC: Scl_LibertyReadGenlib() skipped cell "sky130_fd_sc_hd__decap_3" without logic function.
ABC: Scl_LibertyReadGenlib() skipped cell "sky130_fd_sc_hd__decap_4" without logic function.
ABC: Scl_LibertyReadGenlib() skipped cell "sky130_fd_sc_hd__decap_6" without logic function.
ABC: Scl_LibertyReadGenlib() skipped cell "sky130_fd_sc_hd__decap_8" without logic function.
ABC: Scl_LibertyReadGenlib() skipped sequential cell "sky130_fd_sc_hd__dfbbn_1".
ABC: Scl_LibertyReadGenlib() skipped sequential cell "sky130_fd_sc_hd__dfbbn_2".
ABC: Scl_LibertyReadGenlib() skipped sequential cell "sky130_fd_sc_hd__dfbbp_1".
ABC: Scl_LibertyReadGenlib() skipped sequential cell "sky130_fd_sc_hd__dfrbp_1".
ABC: Scl_LibertyReadGenlib() skipped sequential cell "sky130_fd_sc_hd__dfrbp_2".
ABC: Scl_LibertyReadGenlib() skipped sequential cell "sky130_fd_sc_hd__dfrtn_1".
ABC: Scl_LibertyReadGenlib() skipped sequential cell "sky130_fd_sc_hd__dfrtp_1".
ABC: Scl_LibertyReadGenlib() skipped sequential cell "sky130_fd_sc_hd__dfrtp_2".
ABC: Scl_LibertyReadGenlib() skipped sequential cell "sky130_fd_sc_hd__dfrtp_4".
ABC: Scl_LibertyReadGenlib() skipped sequential cell "sky130_fd_sc_hd__dfsbp_1".
ABC: Scl_LibertyReadGenlib() skipped sequential cell "sky130_fd_sc_hd__dfsbp_2".
ABC: Scl_LibertyReadGenlib() skipped sequential cell "sky130_fd_sc_hd__dfstp_1".
ABC: Scl_LibertyReadGenlib() skipped sequential cell "sky130_fd_sc_hd__dfstp_2".
ABC: Scl_LibertyReadGenlib() skipped sequential cell "sky130_fd_sc_hd__dfstp_4".
ABC: Scl_LibertyReadGenlib() skipped sequential cell "sky130_fd_sc_hd__dfxbp_1".
ABC: Scl_LibertyReadGenlib() skipped sequential cell "sky130_fd_sc_hd__dfxbp_2".
ABC: Scl_LibertyReadGenlib() skipped sequential cell "sky130_fd_sc_hd__dfxtp_1".
ABC: Scl_LibertyReadGenlib() skipped sequential cell "sky130_fd_sc_hd__dfxtp_2".
ABC: Scl_LibertyReadGenlib() skipped sequential cell "sky130_fd_sc_hd__dfxtp_4".
ABC: Scl_LibertyReadGenlib() skipped cell "sky130_fd_sc_hd__diode_2" without logic function.
ABC: Scl_LibertyReadGenlib() skipped cell "sky130_fd_sc_hd__dlclkp_1" without logic function.
ABC: Scl_LibertyReadGenlib() skipped cell "sky130_fd_sc_hd__dlclkp_2" without logic function.
ABC: Scl_LibertyReadGenlib() skipped cell "sky130_fd_sc_hd__dlclkp_4" without logic function.
ABC: Scl_LibertyReadGenlib() skipped sequential cell "sky130_fd_sc_hd__dlrbn_1".
ABC: Scl_LibertyReadGenlib() skipped sequential cell "sky130_fd_sc_hd__dlrbn_2".
ABC: Scl_LibertyReadGenlib() skipped sequential cell "sky130_fd_sc_hd__dlrbp_1".
ABC: Scl_LibertyReadGenlib() skipped sequential cell "sky130_fd_sc_hd__dlrbp_2".
ABC: Scl_LibertyReadGenlib() skipped sequential cell "sky130_fd_sc_hd__dlrtn_1".
ABC: Scl_LibertyReadGenlib() skipped sequential cell "sky130_fd_sc_hd__dlrtn_2".
ABC: Scl_LibertyReadGenlib() skipped sequential cell "sky130_fd_sc_hd__dlrtn_4".
ABC: Scl_LibertyReadGenlib() skipped sequential cell "sky130_fd_sc_hd__dlrtp_1".
ABC: Scl_LibertyReadGenlib() skipped sequential cell "sky130_fd_sc_hd__dlrtp_2".
ABC: Scl_LibertyReadGenlib() skipped sequential cell "sky130_fd_sc_hd__dlrtp_4".
ABC: Scl_LibertyReadGenlib() skipped sequential cell "sky130_fd_sc_hd__dlxbn_1".
ABC: Scl_LibertyReadGenlib() skipped sequential cell "sky130_fd_sc_hd__dlxbn_2".
ABC: Scl_LibertyReadGenlib() skipped sequential cell "sky130_fd_sc_hd__dlxbp_1".
ABC: Scl_LibertyReadGenlib() skipped sequential cell "sky130_fd_sc_hd__dlxtn_1".
ABC: Scl_LibertyReadGenlib() skipped sequential cell "sky130_fd_sc_hd__dlxtn_2".
ABC: Scl_LibertyReadGenlib() skipped sequential cell "sky130_fd_sc_hd__dlxtn_4".
ABC: Scl_LibertyReadGenlib() skipped sequential cell "sky130_fd_sc_hd__dlxtp_1".
ABC: Scl_LibertyReadGenlib() skipped three-state cell "sky130_fd_sc_hd__ebufn_1".
ABC: Scl_LibertyReadGenlib() skipped three-state cell "sky130_fd_sc_hd__ebufn_2".
ABC: Scl_LibertyReadGenlib() skipped three-state cell "sky130_fd_sc_hd__ebufn_4".
ABC: Scl_LibertyReadGenlib() skipped three-state cell "sky130_fd_sc_hd__ebufn_8".
ABC: Scl_LibertyReadGenlib() skipped sequential cell "sky130_fd_sc_hd__edfxbp_1".
ABC: Scl_LibertyReadGenlib() skipped sequential cell "sky130_fd_sc_hd__edfxtp_1".
ABC: Scl_LibertyReadGenlib() skipped three-state cell "sky130_fd_sc_hd__einvn_0".
ABC: Scl_LibertyReadGenlib() skipped three-state cell "sky130_fd_sc_hd__einvn_1".
ABC: Scl_LibertyReadGenlib() skipped three-state cell "sky130_fd_sc_hd__einvn_2".
ABC: Scl_LibertyReadGenlib() skipped three-state cell "sky130_fd_sc_hd__einvn_4".
ABC: Scl_LibertyReadGenlib() skipped three-state cell "sky130_fd_sc_hd__einvn_8".
ABC: Scl_LibertyReadGenlib() skipped three-state cell "sky130_fd_sc_hd__einvp_1".
ABC: Scl_LibertyReadGenlib() skipped three-state cell "sky130_fd_sc_hd__einvp_2".
ABC: Scl_LibertyReadGenlib() skipped three-state cell "sky130_fd_sc_hd__einvp_4".
ABC: Scl_LibertyReadGenlib() skipped three-state cell "sky130_fd_sc_hd__einvp_8".
ABC: Scl_LibertyReadGenlib() skipped cell "sky130_fd_sc_hd__lpflow_bleeder_1" without logic function.
ABC: Scl_LibertyReadGenlib() skipped cell "sky130_fd_sc_hd__lpflow_decapkapwr_12" without logic function.
ABC: Scl_LibertyReadGenlib() skipped cell "sky130_fd_sc_hd__lpflow_decapkapwr_3" without logic function.
ABC: Scl_LibertyReadGenlib() skipped cell "sky130_fd_sc_hd__lpflow_decapkapwr_4" without logic function.
ABC: Scl_LibertyReadGenlib() skipped cell "sky130_fd_sc_hd__lpflow_decapkapwr_6" without logic function.
ABC: Scl_LibertyReadGenlib() skipped cell "sky130_fd_sc_hd__lpflow_decapkapwr_8" without logic function.
ABC: Scl_LibertyReadGenlib() skipped sequential cell "sky130_fd_sc_hd__lpflow_inputisolatch_1".
ABC: Scl_LibertyReadGenlib() skipped sequential cell "sky130_fd_sc_hd__sdfbbn_1".
ABC: Scl_LibertyReadGenlib() skipped sequential cell "sky130_fd_sc_hd__sdfbbn_2".
ABC: Scl_LibertyReadGenlib() skipped sequential cell "sky130_fd_sc_hd__sdfbbp_1".
ABC: Scl_LibertyReadGenlib() skipped sequential cell "sky130_fd_sc_hd__sdfrbp_1".
ABC: Scl_LibertyReadGenlib() skipped sequential cell "sky130_fd_sc_hd__sdfrbp_2".
ABC: Scl_LibertyReadGenlib() skipped sequential cell "sky130_fd_sc_hd__sdfrtn_1".
ABC: Scl_LibertyReadGenlib() skipped sequential cell "sky130_fd_sc_hd__sdfrtp_1".
ABC: Scl_LibertyReadGenlib() skipped sequential cell "sky130_fd_sc_hd__sdfrtp_2".
ABC: Scl_LibertyReadGenlib() skipped sequential cell "sky130_fd_sc_hd__sdfrtp_4".
ABC: Scl_LibertyReadGenlib() skipped sequential cell "sky130_fd_sc_hd__sdfsbp_1".
ABC: Scl_LibertyReadGenlib() skipped sequential cell "sky130_fd_sc_hd__sdfsbp_2".
ABC: Scl_LibertyReadGenlib() skipped sequential cell "sky130_fd_sc_hd__sdfstp_1".
ABC: Scl_LibertyReadGenlib() skipped sequential cell "sky130_fd_sc_hd__sdfstp_2".
ABC: Scl_LibertyReadGenlib() skipped sequential cell "sky130_fd_sc_hd__sdfstp_4".
ABC: Scl_LibertyReadGenlib() skipped sequential cell "sky130_fd_sc_hd__sdfxbp_1".
ABC: Scl_LibertyReadGenlib() skipped sequential cell "sky130_fd_sc_hd__sdfxbp_2".
ABC: Scl_LibertyReadGenlib() skipped sequential cell "sky130_fd_sc_hd__sdfxtp_1".
ABC: Scl_LibertyReadGenlib() skipped sequential cell "sky130_fd_sc_hd__sdfxtp_2".
ABC: Scl_LibertyReadGenlib() skipped sequential cell "sky130_fd_sc_hd__sdfxtp_4".
ABC: Scl_LibertyReadGenlib() skipped cell "sky130_fd_sc_hd__sdlclkp_1" without logic function.
ABC: Scl_LibertyReadGenlib() skipped cell "sky130_fd_sc_hd__sdlclkp_2" without logic function.
ABC: Scl_LibertyReadGenlib() skipped cell "sky130_fd_sc_hd__sdlclkp_4" without logic function.
ABC: Scl_LibertyReadGenlib() skipped sequential cell "sky130_fd_sc_hd__sedfxbp_1".
ABC: Scl_LibertyReadGenlib() skipped sequential cell "sky130_fd_sc_hd__sedfxbp_2".
ABC: Scl_LibertyReadGenlib() skipped sequential cell "sky130_fd_sc_hd__sedfxtp_1".
ABC: Scl_LibertyReadGenlib() skipped sequential cell "sky130_fd_sc_hd__sedfxtp_2".
ABC: Scl_LibertyReadGenlib() skipped sequential cell "sky130_fd_sc_hd__sedfxtp_4".
ABC: Library "sky130_fd_sc_hd__tt_100C_1v80" from "/home/fuex/.volare/volare/sky130/versions/0fe599b2afb6708d281543108caf8310912f54af/sky130A/libs.ref/sky130_fd_sc_hd/lib/sky130_fd_sc_hd__tt_100C_1v80.lib" has 334 cells (94 skipped: 63 seq; 13 tri-state; 18 no func; 0 dont_use).  Time =     0.09 sec
ABC: Memory =   16.05 MB. Time =     0.09 sec
ABC: Warning: Detected 9 multi-output gates (for example, "sky130_fd_sc_hd__fa_1").
ABC: + strash 
ABC: + &get -n 
ABC: + &fraig -x 
ABC: + &put 
ABC: + scorr 
ABC: Warning: The network is combinational (run "fraig" or "fraig_sweep").
ABC: + dc2 
ABC: + dretime 
ABC: + strash 
ABC: + &get -n 
ABC: + &dch -f 
ABC: + &nf 
ABC: + &put 
ABC: + write_blif <abc-temp-dir>/output.blif 

16.4.2. Re-integrating ABC results.
ABC RESULTS:   sky130_fd_sc_hd__a211o_1 cells:        1
ABC RESULTS:   sky130_fd_sc_hd__a211oi_1 cells:       12
ABC RESULTS:   sky130_fd_sc_hd__a21boi_0 cells:        3
ABC RESULTS:   sky130_fd_sc_hd__a21o_1 cells:        9
ABC RESULTS:   sky130_fd_sc_hd__a21oi_1 cells:       99
ABC RESULTS:   sky130_fd_sc_hd__a22o_1 cells:       95
ABC RESULTS:   sky130_fd_sc_hd__a22oi_1 cells:        5
ABC RESULTS:   sky130_fd_sc_hd__a311oi_1 cells:        6
ABC RESULTS:   sky130_fd_sc_hd__a31oi_1 cells:       13
ABC RESULTS:   sky130_fd_sc_hd__a32o_1 cells:        4
ABC RESULTS:   sky130_fd_sc_hd__and2_0 cells:       45
ABC RESULTS:   sky130_fd_sc_hd__and3_1 cells:       17
ABC RESULTS:   sky130_fd_sc_hd__and4_1 cells:        2
ABC RESULTS:   sky130_fd_sc_hd__clkinv_1 cells:       86
ABC RESULTS:   sky130_fd_sc_hd__lpflow_inputiso1p_1 cells:       18
ABC RESULTS:   sky130_fd_sc_hd__lpflow_isobufsrc_1 cells:       34
ABC RESULTS:   sky130_fd_sc_hd__maj3_1 cells:       88
ABC RESULTS:   sky130_fd_sc_hd__mux2_1 cells:       20
ABC RESULTS:   sky130_fd_sc_hd__mux2i_1 cells:        8
ABC RESULTS:   sky130_fd_sc_hd__mux4_2 cells:       63
ABC RESULTS:   sky130_fd_sc_hd__nand2_1 cells:      195
ABC RESULTS:   sky130_fd_sc_hd__nand2b_1 cells:       55
ABC RESULTS:   sky130_fd_sc_hd__nand3_1 cells:       24
ABC RESULTS:   sky130_fd_sc_hd__nand4_1 cells:        8
ABC RESULTS:   sky130_fd_sc_hd__nand4b_1 cells:        1
ABC RESULTS:   sky130_fd_sc_hd__nor2_1 cells:      165
ABC RESULTS:   sky130_fd_sc_hd__nor2b_1 cells:        5
ABC RESULTS:   sky130_fd_sc_hd__nor3_1 cells:       67
ABC RESULTS:   sky130_fd_sc_hd__nor4_1 cells:        5
ABC RESULTS:   sky130_fd_sc_hd__o2111ai_1 cells:        1
ABC RESULTS:   sky130_fd_sc_hd__o211a_1 cells:        1
ABC RESULTS:   sky130_fd_sc_hd__o211ai_1 cells:        7
ABC RESULTS:   sky130_fd_sc_hd__o21a_1 cells:       11
ABC RESULTS:   sky130_fd_sc_hd__o21ai_0 cells:      114
ABC RESULTS:   sky130_fd_sc_hd__o21bai_1 cells:       17
ABC RESULTS:   sky130_fd_sc_hd__o221a_1 cells:        1
ABC RESULTS:   sky130_fd_sc_hd__o22ai_1 cells:        6
ABC RESULTS:   sky130_fd_sc_hd__o2bb2ai_1 cells:        1
ABC RESULTS:   sky130_fd_sc_hd__o311ai_0 cells:        8
ABC RESULTS:   sky130_fd_sc_hd__o31a_1 cells:        1
ABC RESULTS:   sky130_fd_sc_hd__o31ai_1 cells:       13
ABC RESULTS:   sky130_fd_sc_hd__o32ai_1 cells:        3
ABC RESULTS:   sky130_fd_sc_hd__or3_1 cells:        5
ABC RESULTS:   sky130_fd_sc_hd__or3b_1 cells:        1
ABC RESULTS:   sky130_fd_sc_hd__or4b_1 cells:        1
ABC RESULTS:   sky130_fd_sc_hd__xnor2_1 cells:      247
ABC RESULTS:   sky130_fd_sc_hd__xnor3_1 cells:       37
ABC RESULTS:   sky130_fd_sc_hd__xor2_1 cells:      124
ABC RESULTS:   sky130_fd_sc_hd__xor3_1 cells:        4
ABC RESULTS:        internal signals:     2696
ABC RESULTS:           input signals:      372
ABC RESULTS:          output signals:      251
Removing temp directory.

16.5. Extracting gate netlist of module `\interface_fsm' to `<abc-temp-dir>/input.blif'..
Extracted 12 gates and 17 wires to a netlist network with 5 inputs and 2 outputs.

16.5.1. Executing ABC.
Running ABC command: "abc" -s -f <abc-temp-dir>/abc.script 2>&1
ABC: ABC command line: "source <abc-temp-dir>/abc.script".
ABC: 
ABC: + read_blif <abc-temp-dir>/input.blif 
ABC: + read_lib -w /home/fuex/.volare/volare/sky130/versions/0fe599b2afb6708d281543108caf8310912f54af/sky130A/libs.ref/sky130_fd_sc_hd/lib/sky130_fd_sc_hd__tt_100C_1v80.lib 
ABC: Parsing finished successfully.  Parsing time =     0.06 sec
ABC: Scl_LibertyReadGenlib() skipped cell "sky130_fd_sc_hd__decap_12" without logic function.
ABC: Scl_LibertyReadGenlib() skipped cell "sky130_fd_sc_hd__decap_3" without logic function.
ABC: Scl_LibertyReadGenlib() skipped cell "sky130_fd_sc_hd__decap_4" without logic function.
ABC: Scl_LibertyReadGenlib() skipped cell "sky130_fd_sc_hd__decap_6" without logic function.
ABC: Scl_LibertyReadGenlib() skipped cell "sky130_fd_sc_hd__decap_8" without logic function.
ABC: Scl_LibertyReadGenlib() skipped sequential cell "sky130_fd_sc_hd__dfbbn_1".
ABC: Scl_LibertyReadGenlib() skipped sequential cell "sky130_fd_sc_hd__dfbbn_2".
ABC: Scl_LibertyReadGenlib() skipped sequential cell "sky130_fd_sc_hd__dfbbp_1".
ABC: Scl_LibertyReadGenlib() skipped sequential cell "sky130_fd_sc_hd__dfrbp_1".
ABC: Scl_LibertyReadGenlib() skipped sequential cell "sky130_fd_sc_hd__dfrbp_2".
ABC: Scl_LibertyReadGenlib() skipped sequential cell "sky130_fd_sc_hd__dfrtn_1".
ABC: Scl_LibertyReadGenlib() skipped sequential cell "sky130_fd_sc_hd__dfrtp_1".
ABC: Scl_LibertyReadGenlib() skipped sequential cell "sky130_fd_sc_hd__dfrtp_2".
ABC: Scl_LibertyReadGenlib() skipped sequential cell "sky130_fd_sc_hd__dfrtp_4".
ABC: Scl_LibertyReadGenlib() skipped sequential cell "sky130_fd_sc_hd__dfsbp_1".
ABC: Scl_LibertyReadGenlib() skipped sequential cell "sky130_fd_sc_hd__dfsbp_2".
ABC: Scl_LibertyReadGenlib() skipped sequential cell "sky130_fd_sc_hd__dfstp_1".
ABC: Scl_LibertyReadGenlib() skipped sequential cell "sky130_fd_sc_hd__dfstp_2".
ABC: Scl_LibertyReadGenlib() skipped sequential cell "sky130_fd_sc_hd__dfstp_4".
ABC: Scl_LibertyReadGenlib() skipped sequential cell "sky130_fd_sc_hd__dfxbp_1".
ABC: Scl_LibertyReadGenlib() skipped sequential cell "sky130_fd_sc_hd__dfxbp_2".
ABC: Scl_LibertyReadGenlib() skipped sequential cell "sky130_fd_sc_hd__dfxtp_1".
ABC: Scl_LibertyReadGenlib() skipped sequential cell "sky130_fd_sc_hd__dfxtp_2".
ABC: Scl_LibertyReadGenlib() skipped sequential cell "sky130_fd_sc_hd__dfxtp_4".
ABC: Scl_LibertyReadGenlib() skipped cell "sky130_fd_sc_hd__diode_2" without logic function.
ABC: Scl_LibertyReadGenlib() skipped cell "sky130_fd_sc_hd__dlclkp_1" without logic function.
ABC: Scl_LibertyReadGenlib() skipped cell "sky130_fd_sc_hd__dlclkp_2" without logic function.
ABC: Scl_LibertyReadGenlib() skipped cell "sky130_fd_sc_hd__dlclkp_4" without logic function.
ABC: Scl_LibertyReadGenlib() skipped sequential cell "sky130_fd_sc_hd__dlrbn_1".
ABC: Scl_LibertyReadGenlib() skipped sequential cell "sky130_fd_sc_hd__dlrbn_2".
ABC: Scl_LibertyReadGenlib() skipped sequential cell "sky130_fd_sc_hd__dlrbp_1".
ABC: Scl_LibertyReadGenlib() skipped sequential cell "sky130_fd_sc_hd__dlrbp_2".
ABC: Scl_LibertyReadGenlib() skipped sequential cell "sky130_fd_sc_hd__dlrtn_1".
ABC: Scl_LibertyReadGenlib() skipped sequential cell "sky130_fd_sc_hd__dlrtn_2".
ABC: Scl_LibertyReadGenlib() skipped sequential cell "sky130_fd_sc_hd__dlrtn_4".
ABC: Scl_LibertyReadGenlib() skipped sequential cell "sky130_fd_sc_hd__dlrtp_1".
ABC: Scl_LibertyReadGenlib() skipped sequential cell "sky130_fd_sc_hd__dlrtp_2".
ABC: Scl_LibertyReadGenlib() skipped sequential cell "sky130_fd_sc_hd__dlrtp_4".
ABC: Scl_LibertyReadGenlib() skipped sequential cell "sky130_fd_sc_hd__dlxbn_1".
ABC: Scl_LibertyReadGenlib() skipped sequential cell "sky130_fd_sc_hd__dlxbn_2".
ABC: Scl_LibertyReadGenlib() skipped sequential cell "sky130_fd_sc_hd__dlxbp_1".
ABC: Scl_LibertyReadGenlib() skipped sequential cell "sky130_fd_sc_hd__dlxtn_1".
ABC: Scl_LibertyReadGenlib() skipped sequential cell "sky130_fd_sc_hd__dlxtn_2".
ABC: Scl_LibertyReadGenlib() skipped sequential cell "sky130_fd_sc_hd__dlxtn_4".
ABC: Scl_LibertyReadGenlib() skipped sequential cell "sky130_fd_sc_hd__dlxtp_1".
ABC: Scl_LibertyReadGenlib() skipped three-state cell "sky130_fd_sc_hd__ebufn_1".
ABC: Scl_LibertyReadGenlib() skipped three-state cell "sky130_fd_sc_hd__ebufn_2".
ABC: Scl_LibertyReadGenlib() skipped three-state cell "sky130_fd_sc_hd__ebufn_4".
ABC: Scl_LibertyReadGenlib() skipped three-state cell "sky130_fd_sc_hd__ebufn_8".
ABC: Scl_LibertyReadGenlib() skipped sequential cell "sky130_fd_sc_hd__edfxbp_1".
ABC: Scl_LibertyReadGenlib() skipped sequential cell "sky130_fd_sc_hd__edfxtp_1".
ABC: Scl_LibertyReadGenlib() skipped three-state cell "sky130_fd_sc_hd__einvn_0".
ABC: Scl_LibertyReadGenlib() skipped three-state cell "sky130_fd_sc_hd__einvn_1".
ABC: Scl_LibertyReadGenlib() skipped three-state cell "sky130_fd_sc_hd__einvn_2".
ABC: Scl_LibertyReadGenlib() skipped three-state cell "sky130_fd_sc_hd__einvn_4".
ABC: Scl_LibertyReadGenlib() skipped three-state cell "sky130_fd_sc_hd__einvn_8".
ABC: Scl_LibertyReadGenlib() skipped three-state cell "sky130_fd_sc_hd__einvp_1".
ABC: Scl_LibertyReadGenlib() skipped three-state cell "sky130_fd_sc_hd__einvp_2".
ABC: Scl_LibertyReadGenlib() skipped three-state cell "sky130_fd_sc_hd__einvp_4".
ABC: Scl_LibertyReadGenlib() skipped three-state cell "sky130_fd_sc_hd__einvp_8".
ABC: Scl_LibertyReadGenlib() skipped cell "sky130_fd_sc_hd__lpflow_bleeder_1" without logic function.
ABC: Scl_LibertyReadGenlib() skipped cell "sky130_fd_sc_hd__lpflow_decapkapwr_12" without logic function.
ABC: Scl_LibertyReadGenlib() skipped cell "sky130_fd_sc_hd__lpflow_decapkapwr_3" without logic function.
ABC: Scl_LibertyReadGenlib() skipped cell "sky130_fd_sc_hd__lpflow_decapkapwr_4" without logic function.
ABC: Scl_LibertyReadGenlib() skipped cell "sky130_fd_sc_hd__lpflow_decapkapwr_6" without logic function.
ABC: Scl_LibertyReadGenlib() skipped cell "sky130_fd_sc_hd__lpflow_decapkapwr_8" without logic function.
ABC: Scl_LibertyReadGenlib() skipped sequential cell "sky130_fd_sc_hd__lpflow_inputisolatch_1".
ABC: Scl_LibertyReadGenlib() skipped sequential cell "sky130_fd_sc_hd__sdfbbn_1".
ABC: Scl_LibertyReadGenlib() skipped sequential cell "sky130_fd_sc_hd__sdfbbn_2".
ABC: Scl_LibertyReadGenlib() skipped sequential cell "sky130_fd_sc_hd__sdfbbp_1".
ABC: Scl_LibertyReadGenlib() skipped sequential cell "sky130_fd_sc_hd__sdfrbp_1".
ABC: Scl_LibertyReadGenlib() skipped sequential cell "sky130_fd_sc_hd__sdfrbp_2".
ABC: Scl_LibertyReadGenlib() skipped sequential cell "sky130_fd_sc_hd__sdfrtn_1".
ABC: Scl_LibertyReadGenlib() skipped sequential cell "sky130_fd_sc_hd__sdfrtp_1".
ABC: Scl_LibertyReadGenlib() skipped sequential cell "sky130_fd_sc_hd__sdfrtp_2".
ABC: Scl_LibertyReadGenlib() skipped sequential cell "sky130_fd_sc_hd__sdfrtp_4".
ABC: Scl_LibertyReadGenlib() skipped sequential cell "sky130_fd_sc_hd__sdfsbp_1".
ABC: Scl_LibertyReadGenlib() skipped sequential cell "sky130_fd_sc_hd__sdfsbp_2".
ABC: Scl_LibertyReadGenlib() skipped sequential cell "sky130_fd_sc_hd__sdfstp_1".
ABC: Scl_LibertyReadGenlib() skipped sequential cell "sky130_fd_sc_hd__sdfstp_2".
ABC: Scl_LibertyReadGenlib() skipped sequential cell "sky130_fd_sc_hd__sdfstp_4".
ABC: Scl_LibertyReadGenlib() skipped sequential cell "sky130_fd_sc_hd__sdfxbp_1".
ABC: Scl_LibertyReadGenlib() skipped sequential cell "sky130_fd_sc_hd__sdfxbp_2".
ABC: Scl_LibertyReadGenlib() skipped sequential cell "sky130_fd_sc_hd__sdfxtp_1".
ABC: Scl_LibertyReadGenlib() skipped sequential cell "sky130_fd_sc_hd__sdfxtp_2".
ABC: Scl_LibertyReadGenlib() skipped sequential cell "sky130_fd_sc_hd__sdfxtp_4".
ABC: Scl_LibertyReadGenlib() skipped cell "sky130_fd_sc_hd__sdlclkp_1" without logic function.
ABC: Scl_LibertyReadGenlib() skipped cell "sky130_fd_sc_hd__sdlclkp_2" without logic function.
ABC: Scl_LibertyReadGenlib() skipped cell "sky130_fd_sc_hd__sdlclkp_4" without logic function.
ABC: Scl_LibertyReadGenlib() skipped sequential cell "sky130_fd_sc_hd__sedfxbp_1".
ABC: Scl_LibertyReadGenlib() skipped sequential cell "sky130_fd_sc_hd__sedfxbp_2".
ABC: Scl_LibertyReadGenlib() skipped sequential cell "sky130_fd_sc_hd__sedfxtp_1".
ABC: Scl_LibertyReadGenlib() skipped sequential cell "sky130_fd_sc_hd__sedfxtp_2".
ABC: Scl_LibertyReadGenlib() skipped sequential cell "sky130_fd_sc_hd__sedfxtp_4".
ABC: Library "sky130_fd_sc_hd__tt_100C_1v80" from "/home/fuex/.volare/volare/sky130/versions/0fe599b2afb6708d281543108caf8310912f54af/sky130A/libs.ref/sky130_fd_sc_hd/lib/sky130_fd_sc_hd__tt_100C_1v80.lib" has 334 cells (94 skipped: 63 seq; 13 tri-state; 18 no func; 0 dont_use).  Time =     0.09 sec
ABC: Memory =   16.05 MB. Time =     0.09 sec
ABC: Warning: Detected 9 multi-output gates (for example, "sky130_fd_sc_hd__fa_1").
ABC: + strash 
ABC: + &get -n 
ABC: + &fraig -x 
ABC: + &put 
ABC: + scorr 
ABC: Warning: The network is combinational (run "fraig" or "fraig_sweep").
ABC: + dc2 
ABC: + dretime 
ABC: + strash 
ABC: + &get -n 
ABC: + &dch -f 
ABC: + &nf 
ABC: + &put 
ABC: + write_blif <abc-temp-dir>/output.blif 

16.5.2. Re-integrating ABC results.
ABC RESULTS:   sky130_fd_sc_hd__a21o_1 cells:        1
ABC RESULTS:   sky130_fd_sc_hd__and3b_1 cells:        1
ABC RESULTS:   sky130_fd_sc_hd__clkinv_1 cells:        1
ABC RESULTS:   sky130_fd_sc_hd__lpflow_isobufsrc_1 cells:        1
ABC RESULTS:   sky130_fd_sc_hd__nor2_1 cells:        1
ABC RESULTS:   sky130_fd_sc_hd__nor3_1 cells:        1
ABC RESULTS:        internal signals:       10
ABC RESULTS:           input signals:        5
ABC RESULTS:          output signals:        2
Removing temp directory.

16.6. Extracting gate netlist of module `\output_holder' to `<abc-temp-dir>/input.blif'..
Extracted 11 gates and 31 wires to a netlist network with 20 inputs and 9 outputs.

16.6.1. Executing ABC.
Running ABC command: "abc" -s -f <abc-temp-dir>/abc.script 2>&1
ABC: ABC command line: "source <abc-temp-dir>/abc.script".
ABC: 
ABC: + read_blif <abc-temp-dir>/input.blif 
ABC: + read_lib -w /home/fuex/.volare/volare/sky130/versions/0fe599b2afb6708d281543108caf8310912f54af/sky130A/libs.ref/sky130_fd_sc_hd/lib/sky130_fd_sc_hd__tt_100C_1v80.lib 
ABC: Parsing finished successfully.  Parsing time =     0.06 sec
ABC: Scl_LibertyReadGenlib() skipped cell "sky130_fd_sc_hd__decap_12" without logic function.
ABC: Scl_LibertyReadGenlib() skipped cell "sky130_fd_sc_hd__decap_3" without logic function.
ABC: Scl_LibertyReadGenlib() skipped cell "sky130_fd_sc_hd__decap_4" without logic function.
ABC: Scl_LibertyReadGenlib() skipped cell "sky130_fd_sc_hd__decap_6" without logic function.
ABC: Scl_LibertyReadGenlib() skipped cell "sky130_fd_sc_hd__decap_8" without logic function.
ABC: Scl_LibertyReadGenlib() skipped sequential cell "sky130_fd_sc_hd__dfbbn_1".
ABC: Scl_LibertyReadGenlib() skipped sequential cell "sky130_fd_sc_hd__dfbbn_2".
ABC: Scl_LibertyReadGenlib() skipped sequential cell "sky130_fd_sc_hd__dfbbp_1".
ABC: Scl_LibertyReadGenlib() skipped sequential cell "sky130_fd_sc_hd__dfrbp_1".
ABC: Scl_LibertyReadGenlib() skipped sequential cell "sky130_fd_sc_hd__dfrbp_2".
ABC: Scl_LibertyReadGenlib() skipped sequential cell "sky130_fd_sc_hd__dfrtn_1".
ABC: Scl_LibertyReadGenlib() skipped sequential cell "sky130_fd_sc_hd__dfrtp_1".
ABC: Scl_LibertyReadGenlib() skipped sequential cell "sky130_fd_sc_hd__dfrtp_2".
ABC: Scl_LibertyReadGenlib() skipped sequential cell "sky130_fd_sc_hd__dfrtp_4".
ABC: Scl_LibertyReadGenlib() skipped sequential cell "sky130_fd_sc_hd__dfsbp_1".
ABC: Scl_LibertyReadGenlib() skipped sequential cell "sky130_fd_sc_hd__dfsbp_2".
ABC: Scl_LibertyReadGenlib() skipped sequential cell "sky130_fd_sc_hd__dfstp_1".
ABC: Scl_LibertyReadGenlib() skipped sequential cell "sky130_fd_sc_hd__dfstp_2".
ABC: Scl_LibertyReadGenlib() skipped sequential cell "sky130_fd_sc_hd__dfstp_4".
ABC: Scl_LibertyReadGenlib() skipped sequential cell "sky130_fd_sc_hd__dfxbp_1".
ABC: Scl_LibertyReadGenlib() skipped sequential cell "sky130_fd_sc_hd__dfxbp_2".
ABC: Scl_LibertyReadGenlib() skipped sequential cell "sky130_fd_sc_hd__dfxtp_1".
ABC: Scl_LibertyReadGenlib() skipped sequential cell "sky130_fd_sc_hd__dfxtp_2".
ABC: Scl_LibertyReadGenlib() skipped sequential cell "sky130_fd_sc_hd__dfxtp_4".
ABC: Scl_LibertyReadGenlib() skipped cell "sky130_fd_sc_hd__diode_2" without logic function.
ABC: Scl_LibertyReadGenlib() skipped cell "sky130_fd_sc_hd__dlclkp_1" without logic function.
ABC: Scl_LibertyReadGenlib() skipped cell "sky130_fd_sc_hd__dlclkp_2" without logic function.
ABC: Scl_LibertyReadGenlib() skipped cell "sky130_fd_sc_hd__dlclkp_4" without logic function.
ABC: Scl_LibertyReadGenlib() skipped sequential cell "sky130_fd_sc_hd__dlrbn_1".
ABC: Scl_LibertyReadGenlib() skipped sequential cell "sky130_fd_sc_hd__dlrbn_2".
ABC: Scl_LibertyReadGenlib() skipped sequential cell "sky130_fd_sc_hd__dlrbp_1".
ABC: Scl_LibertyReadGenlib() skipped sequential cell "sky130_fd_sc_hd__dlrbp_2".
ABC: Scl_LibertyReadGenlib() skipped sequential cell "sky130_fd_sc_hd__dlrtn_1".
ABC: Scl_LibertyReadGenlib() skipped sequential cell "sky130_fd_sc_hd__dlrtn_2".
ABC: Scl_LibertyReadGenlib() skipped sequential cell "sky130_fd_sc_hd__dlrtn_4".
ABC: Scl_LibertyReadGenlib() skipped sequential cell "sky130_fd_sc_hd__dlrtp_1".
ABC: Scl_LibertyReadGenlib() skipped sequential cell "sky130_fd_sc_hd__dlrtp_2".
ABC: Scl_LibertyReadGenlib() skipped sequential cell "sky130_fd_sc_hd__dlrtp_4".
ABC: Scl_LibertyReadGenlib() skipped sequential cell "sky130_fd_sc_hd__dlxbn_1".
ABC: Scl_LibertyReadGenlib() skipped sequential cell "sky130_fd_sc_hd__dlxbn_2".
ABC: Scl_LibertyReadGenlib() skipped sequential cell "sky130_fd_sc_hd__dlxbp_1".
ABC: Scl_LibertyReadGenlib() skipped sequential cell "sky130_fd_sc_hd__dlxtn_1".
ABC: Scl_LibertyReadGenlib() skipped sequential cell "sky130_fd_sc_hd__dlxtn_2".
ABC: Scl_LibertyReadGenlib() skipped sequential cell "sky130_fd_sc_hd__dlxtn_4".
ABC: Scl_LibertyReadGenlib() skipped sequential cell "sky130_fd_sc_hd__dlxtp_1".
ABC: Scl_LibertyReadGenlib() skipped three-state cell "sky130_fd_sc_hd__ebufn_1".
ABC: Scl_LibertyReadGenlib() skipped three-state cell "sky130_fd_sc_hd__ebufn_2".
ABC: Scl_LibertyReadGenlib() skipped three-state cell "sky130_fd_sc_hd__ebufn_4".
ABC: Scl_LibertyReadGenlib() skipped three-state cell "sky130_fd_sc_hd__ebufn_8".
ABC: Scl_LibertyReadGenlib() skipped sequential cell "sky130_fd_sc_hd__edfxbp_1".
ABC: Scl_LibertyReadGenlib() skipped sequential cell "sky130_fd_sc_hd__edfxtp_1".
ABC: Scl_LibertyReadGenlib() skipped three-state cell "sky130_fd_sc_hd__einvn_0".
ABC: Scl_LibertyReadGenlib() skipped three-state cell "sky130_fd_sc_hd__einvn_1".
ABC: Scl_LibertyReadGenlib() skipped three-state cell "sky130_fd_sc_hd__einvn_2".
ABC: Scl_LibertyReadGenlib() skipped three-state cell "sky130_fd_sc_hd__einvn_4".
ABC: Scl_LibertyReadGenlib() skipped three-state cell "sky130_fd_sc_hd__einvn_8".
ABC: Scl_LibertyReadGenlib() skipped three-state cell "sky130_fd_sc_hd__einvp_1".
ABC: Scl_LibertyReadGenlib() skipped three-state cell "sky130_fd_sc_hd__einvp_2".
ABC: Scl_LibertyReadGenlib() skipped three-state cell "sky130_fd_sc_hd__einvp_4".
ABC: Scl_LibertyReadGenlib() skipped three-state cell "sky130_fd_sc_hd__einvp_8".
ABC: Scl_LibertyReadGenlib() skipped cell "sky130_fd_sc_hd__lpflow_bleeder_1" without logic function.
ABC: Scl_LibertyReadGenlib() skipped cell "sky130_fd_sc_hd__lpflow_decapkapwr_12" without logic function.
ABC: Scl_LibertyReadGenlib() skipped cell "sky130_fd_sc_hd__lpflow_decapkapwr_3" without logic function.
ABC: Scl_LibertyReadGenlib() skipped cell "sky130_fd_sc_hd__lpflow_decapkapwr_4" without logic function.
ABC: Scl_LibertyReadGenlib() skipped cell "sky130_fd_sc_hd__lpflow_decapkapwr_6" without logic function.
ABC: Scl_LibertyReadGenlib() skipped cell "sky130_fd_sc_hd__lpflow_decapkapwr_8" without logic function.
ABC: Scl_LibertyReadGenlib() skipped sequential cell "sky130_fd_sc_hd__lpflow_inputisolatch_1".
ABC: Scl_LibertyReadGenlib() skipped sequential cell "sky130_fd_sc_hd__sdfbbn_1".
ABC: Scl_LibertyReadGenlib() skipped sequential cell "sky130_fd_sc_hd__sdfbbn_2".
ABC: Scl_LibertyReadGenlib() skipped sequential cell "sky130_fd_sc_hd__sdfbbp_1".
ABC: Scl_LibertyReadGenlib() skipped sequential cell "sky130_fd_sc_hd__sdfrbp_1".
ABC: Scl_LibertyReadGenlib() skipped sequential cell "sky130_fd_sc_hd__sdfrbp_2".
ABC: Scl_LibertyReadGenlib() skipped sequential cell "sky130_fd_sc_hd__sdfrtn_1".
ABC: Scl_LibertyReadGenlib() skipped sequential cell "sky130_fd_sc_hd__sdfrtp_1".
ABC: Scl_LibertyReadGenlib() skipped sequential cell "sky130_fd_sc_hd__sdfrtp_2".
ABC: Scl_LibertyReadGenlib() skipped sequential cell "sky130_fd_sc_hd__sdfrtp_4".
ABC: Scl_LibertyReadGenlib() skipped sequential cell "sky130_fd_sc_hd__sdfsbp_1".
ABC: Scl_LibertyReadGenlib() skipped sequential cell "sky130_fd_sc_hd__sdfsbp_2".
ABC: Scl_LibertyReadGenlib() skipped sequential cell "sky130_fd_sc_hd__sdfstp_1".
ABC: Scl_LibertyReadGenlib() skipped sequential cell "sky130_fd_sc_hd__sdfstp_2".
ABC: Scl_LibertyReadGenlib() skipped sequential cell "sky130_fd_sc_hd__sdfstp_4".
ABC: Scl_LibertyReadGenlib() skipped sequential cell "sky130_fd_sc_hd__sdfxbp_1".
ABC: Scl_LibertyReadGenlib() skipped sequential cell "sky130_fd_sc_hd__sdfxbp_2".
ABC: Scl_LibertyReadGenlib() skipped sequential cell "sky130_fd_sc_hd__sdfxtp_1".
ABC: Scl_LibertyReadGenlib() skipped sequential cell "sky130_fd_sc_hd__sdfxtp_2".
ABC: Scl_LibertyReadGenlib() skipped sequential cell "sky130_fd_sc_hd__sdfxtp_4".
ABC: Scl_LibertyReadGenlib() skipped cell "sky130_fd_sc_hd__sdlclkp_1" without logic function.
ABC: Scl_LibertyReadGenlib() skipped cell "sky130_fd_sc_hd__sdlclkp_2" without logic function.
ABC: Scl_LibertyReadGenlib() skipped cell "sky130_fd_sc_hd__sdlclkp_4" without logic function.
ABC: Scl_LibertyReadGenlib() skipped sequential cell "sky130_fd_sc_hd__sedfxbp_1".
ABC: Scl_LibertyReadGenlib() skipped sequential cell "sky130_fd_sc_hd__sedfxbp_2".
ABC: Scl_LibertyReadGenlib() skipped sequential cell "sky130_fd_sc_hd__sedfxtp_1".
ABC: Scl_LibertyReadGenlib() skipped sequential cell "sky130_fd_sc_hd__sedfxtp_2".
ABC: Scl_LibertyReadGenlib() skipped sequential cell "sky130_fd_sc_hd__sedfxtp_4".
ABC: Library "sky130_fd_sc_hd__tt_100C_1v80" from "/home/fuex/.volare/volare/sky130/versions/0fe599b2afb6708d281543108caf8310912f54af/sky130A/libs.ref/sky130_fd_sc_hd/lib/sky130_fd_sc_hd__tt_100C_1v80.lib" has 334 cells (94 skipped: 63 seq; 13 tri-state; 18 no func; 0 dont_use).  Time =     0.09 sec
ABC: Memory =   16.05 MB. Time =     0.09 sec
ABC: Warning: Detected 9 multi-output gates (for example, "sky130_fd_sc_hd__fa_1").
ABC: + strash 
ABC: + &get -n 
ABC: + &fraig -x 
ABC: + &put 
ABC: + scorr 
ABC: Warning: The network is combinational (run "fraig" or "fraig_sweep").
ABC: + dc2 
ABC: + dretime 
ABC: + strash 
ABC: + &get -n 
ABC: + &dch -f 
ABC: + &nf 
ABC: + &put 
ABC: + write_blif <abc-temp-dir>/output.blif 

16.6.2. Re-integrating ABC results.
ABC RESULTS:   sky130_fd_sc_hd__mux2_1 cells:        8
ABC RESULTS:   sky130_fd_sc_hd__nand2b_1 cells:        1
ABC RESULTS:   sky130_fd_sc_hd__o21ai_0 cells:        1
ABC RESULTS:        internal signals:        2
ABC RESULTS:           input signals:       20
ABC RESULTS:          output signals:        9
Removing temp directory.

16.7. Extracting gate netlist of module `\output_mux' to `<abc-temp-dir>/input.blif'..
Extracted 1 gates and 3 wires to a netlist network with 2 inputs and 1 outputs.

16.7.1. Executing ABC.
Running ABC command: "abc" -s -f <abc-temp-dir>/abc.script 2>&1
ABC: ABC command line: "source <abc-temp-dir>/abc.script".
ABC: 
ABC: + read_blif <abc-temp-dir>/input.blif 
ABC: + read_lib -w /home/fuex/.volare/volare/sky130/versions/0fe599b2afb6708d281543108caf8310912f54af/sky130A/libs.ref/sky130_fd_sc_hd/lib/sky130_fd_sc_hd__tt_100C_1v80.lib 
ABC: Parsing finished successfully.  Parsing time =     0.06 sec
ABC: Scl_LibertyReadGenlib() skipped cell "sky130_fd_sc_hd__decap_12" without logic function.
ABC: Scl_LibertyReadGenlib() skipped cell "sky130_fd_sc_hd__decap_3" without logic function.
ABC: Scl_LibertyReadGenlib() skipped cell "sky130_fd_sc_hd__decap_4" without logic function.
ABC: Scl_LibertyReadGenlib() skipped cell "sky130_fd_sc_hd__decap_6" without logic function.
ABC: Scl_LibertyReadGenlib() skipped cell "sky130_fd_sc_hd__decap_8" without logic function.
ABC: Scl_LibertyReadGenlib() skipped sequential cell "sky130_fd_sc_hd__dfbbn_1".
ABC: Scl_LibertyReadGenlib() skipped sequential cell "sky130_fd_sc_hd__dfbbn_2".
ABC: Scl_LibertyReadGenlib() skipped sequential cell "sky130_fd_sc_hd__dfbbp_1".
ABC: Scl_LibertyReadGenlib() skipped sequential cell "sky130_fd_sc_hd__dfrbp_1".
ABC: Scl_LibertyReadGenlib() skipped sequential cell "sky130_fd_sc_hd__dfrbp_2".
ABC: Scl_LibertyReadGenlib() skipped sequential cell "sky130_fd_sc_hd__dfrtn_1".
ABC: Scl_LibertyReadGenlib() skipped sequential cell "sky130_fd_sc_hd__dfrtp_1".
ABC: Scl_LibertyReadGenlib() skipped sequential cell "sky130_fd_sc_hd__dfrtp_2".
ABC: Scl_LibertyReadGenlib() skipped sequential cell "sky130_fd_sc_hd__dfrtp_4".
ABC: Scl_LibertyReadGenlib() skipped sequential cell "sky130_fd_sc_hd__dfsbp_1".
ABC: Scl_LibertyReadGenlib() skipped sequential cell "sky130_fd_sc_hd__dfsbp_2".
ABC: Scl_LibertyReadGenlib() skipped sequential cell "sky130_fd_sc_hd__dfstp_1".
ABC: Scl_LibertyReadGenlib() skipped sequential cell "sky130_fd_sc_hd__dfstp_2".
ABC: Scl_LibertyReadGenlib() skipped sequential cell "sky130_fd_sc_hd__dfstp_4".
ABC: Scl_LibertyReadGenlib() skipped sequential cell "sky130_fd_sc_hd__dfxbp_1".
ABC: Scl_LibertyReadGenlib() skipped sequential cell "sky130_fd_sc_hd__dfxbp_2".
ABC: Scl_LibertyReadGenlib() skipped sequential cell "sky130_fd_sc_hd__dfxtp_1".
ABC: Scl_LibertyReadGenlib() skipped sequential cell "sky130_fd_sc_hd__dfxtp_2".
ABC: Scl_LibertyReadGenlib() skipped sequential cell "sky130_fd_sc_hd__dfxtp_4".
ABC: Scl_LibertyReadGenlib() skipped cell "sky130_fd_sc_hd__diode_2" without logic function.
ABC: Scl_LibertyReadGenlib() skipped cell "sky130_fd_sc_hd__dlclkp_1" without logic function.
ABC: Scl_LibertyReadGenlib() skipped cell "sky130_fd_sc_hd__dlclkp_2" without logic function.
ABC: Scl_LibertyReadGenlib() skipped cell "sky130_fd_sc_hd__dlclkp_4" without logic function.
ABC: Scl_LibertyReadGenlib() skipped sequential cell "sky130_fd_sc_hd__dlrbn_1".
ABC: Scl_LibertyReadGenlib() skipped sequential cell "sky130_fd_sc_hd__dlrbn_2".
ABC: Scl_LibertyReadGenlib() skipped sequential cell "sky130_fd_sc_hd__dlrbp_1".
ABC: Scl_LibertyReadGenlib() skipped sequential cell "sky130_fd_sc_hd__dlrbp_2".
ABC: Scl_LibertyReadGenlib() skipped sequential cell "sky130_fd_sc_hd__dlrtn_1".
ABC: Scl_LibertyReadGenlib() skipped sequential cell "sky130_fd_sc_hd__dlrtn_2".
ABC: Scl_LibertyReadGenlib() skipped sequential cell "sky130_fd_sc_hd__dlrtn_4".
ABC: Scl_LibertyReadGenlib() skipped sequential cell "sky130_fd_sc_hd__dlrtp_1".
ABC: Scl_LibertyReadGenlib() skipped sequential cell "sky130_fd_sc_hd__dlrtp_2".
ABC: Scl_LibertyReadGenlib() skipped sequential cell "sky130_fd_sc_hd__dlrtp_4".
ABC: Scl_LibertyReadGenlib() skipped sequential cell "sky130_fd_sc_hd__dlxbn_1".
ABC: Scl_LibertyReadGenlib() skipped sequential cell "sky130_fd_sc_hd__dlxbn_2".
ABC: Scl_LibertyReadGenlib() skipped sequential cell "sky130_fd_sc_hd__dlxbp_1".
ABC: Scl_LibertyReadGenlib() skipped sequential cell "sky130_fd_sc_hd__dlxtn_1".
ABC: Scl_LibertyReadGenlib() skipped sequential cell "sky130_fd_sc_hd__dlxtn_2".
ABC: Scl_LibertyReadGenlib() skipped sequential cell "sky130_fd_sc_hd__dlxtn_4".
ABC: Scl_LibertyReadGenlib() skipped sequential cell "sky130_fd_sc_hd__dlxtp_1".
ABC: Scl_LibertyReadGenlib() skipped three-state cell "sky130_fd_sc_hd__ebufn_1".
ABC: Scl_LibertyReadGenlib() skipped three-state cell "sky130_fd_sc_hd__ebufn_2".
ABC: Scl_LibertyReadGenlib() skipped three-state cell "sky130_fd_sc_hd__ebufn_4".
ABC: Scl_LibertyReadGenlib() skipped three-state cell "sky130_fd_sc_hd__ebufn_8".
ABC: Scl_LibertyReadGenlib() skipped sequential cell "sky130_fd_sc_hd__edfxbp_1".
ABC: Scl_LibertyReadGenlib() skipped sequential cell "sky130_fd_sc_hd__edfxtp_1".
ABC: Scl_LibertyReadGenlib() skipped three-state cell "sky130_fd_sc_hd__einvn_0".
ABC: Scl_LibertyReadGenlib() skipped three-state cell "sky130_fd_sc_hd__einvn_1".
ABC: Scl_LibertyReadGenlib() skipped three-state cell "sky130_fd_sc_hd__einvn_2".
ABC: Scl_LibertyReadGenlib() skipped three-state cell "sky130_fd_sc_hd__einvn_4".
ABC: Scl_LibertyReadGenlib() skipped three-state cell "sky130_fd_sc_hd__einvn_8".
ABC: Scl_LibertyReadGenlib() skipped three-state cell "sky130_fd_sc_hd__einvp_1".
ABC: Scl_LibertyReadGenlib() skipped three-state cell "sky130_fd_sc_hd__einvp_2".
ABC: Scl_LibertyReadGenlib() skipped three-state cell "sky130_fd_sc_hd__einvp_4".
ABC: Scl_LibertyReadGenlib() skipped three-state cell "sky130_fd_sc_hd__einvp_8".
ABC: Scl_LibertyReadGenlib() skipped cell "sky130_fd_sc_hd__lpflow_bleeder_1" without logic function.
ABC: Scl_LibertyReadGenlib() skipped cell "sky130_fd_sc_hd__lpflow_decapkapwr_12" without logic function.
ABC: Scl_LibertyReadGenlib() skipped cell "sky130_fd_sc_hd__lpflow_decapkapwr_3" without logic function.
ABC: Scl_LibertyReadGenlib() skipped cell "sky130_fd_sc_hd__lpflow_decapkapwr_4" without logic function.
ABC: Scl_LibertyReadGenlib() skipped cell "sky130_fd_sc_hd__lpflow_decapkapwr_6" without logic function.
ABC: Scl_LibertyReadGenlib() skipped cell "sky130_fd_sc_hd__lpflow_decapkapwr_8" without logic function.
ABC: Scl_LibertyReadGenlib() skipped sequential cell "sky130_fd_sc_hd__lpflow_inputisolatch_1".
ABC: Scl_LibertyReadGenlib() skipped sequential cell "sky130_fd_sc_hd__sdfbbn_1".
ABC: Scl_LibertyReadGenlib() skipped sequential cell "sky130_fd_sc_hd__sdfbbn_2".
ABC: Scl_LibertyReadGenlib() skipped sequential cell "sky130_fd_sc_hd__sdfbbp_1".
ABC: Scl_LibertyReadGenlib() skipped sequential cell "sky130_fd_sc_hd__sdfrbp_1".
ABC: Scl_LibertyReadGenlib() skipped sequential cell "sky130_fd_sc_hd__sdfrbp_2".
ABC: Scl_LibertyReadGenlib() skipped sequential cell "sky130_fd_sc_hd__sdfrtn_1".
ABC: Scl_LibertyReadGenlib() skipped sequential cell "sky130_fd_sc_hd__sdfrtp_1".
ABC: Scl_LibertyReadGenlib() skipped sequential cell "sky130_fd_sc_hd__sdfrtp_2".
ABC: Scl_LibertyReadGenlib() skipped sequential cell "sky130_fd_sc_hd__sdfrtp_4".
ABC: Scl_LibertyReadGenlib() skipped sequential cell "sky130_fd_sc_hd__sdfsbp_1".
ABC: Scl_LibertyReadGenlib() skipped sequential cell "sky130_fd_sc_hd__sdfsbp_2".
ABC: Scl_LibertyReadGenlib() skipped sequential cell "sky130_fd_sc_hd__sdfstp_1".
ABC: Scl_LibertyReadGenlib() skipped sequential cell "sky130_fd_sc_hd__sdfstp_2".
ABC: Scl_LibertyReadGenlib() skipped sequential cell "sky130_fd_sc_hd__sdfstp_4".
ABC: Scl_LibertyReadGenlib() skipped sequential cell "sky130_fd_sc_hd__sdfxbp_1".
ABC: Scl_LibertyReadGenlib() skipped sequential cell "sky130_fd_sc_hd__sdfxbp_2".
ABC: Scl_LibertyReadGenlib() skipped sequential cell "sky130_fd_sc_hd__sdfxtp_1".
ABC: Scl_LibertyReadGenlib() skipped sequential cell "sky130_fd_sc_hd__sdfxtp_2".
ABC: Scl_LibertyReadGenlib() skipped sequential cell "sky130_fd_sc_hd__sdfxtp_4".
ABC: Scl_LibertyReadGenlib() skipped cell "sky130_fd_sc_hd__sdlclkp_1" without logic function.
ABC: Scl_LibertyReadGenlib() skipped cell "sky130_fd_sc_hd__sdlclkp_2" without logic function.
ABC: Scl_LibertyReadGenlib() skipped cell "sky130_fd_sc_hd__sdlclkp_4" without logic function.
ABC: Scl_LibertyReadGenlib() skipped sequential cell "sky130_fd_sc_hd__sedfxbp_1".
ABC: Scl_LibertyReadGenlib() skipped sequential cell "sky130_fd_sc_hd__sedfxbp_2".
ABC: Scl_LibertyReadGenlib() skipped sequential cell "sky130_fd_sc_hd__sedfxtp_1".
ABC: Scl_LibertyReadGenlib() skipped sequential cell "sky130_fd_sc_hd__sedfxtp_2".
ABC: Scl_LibertyReadGenlib() skipped sequential cell "sky130_fd_sc_hd__sedfxtp_4".
ABC: Library "sky130_fd_sc_hd__tt_100C_1v80" from "/home/fuex/.volare/volare/sky130/versions/0fe599b2afb6708d281543108caf8310912f54af/sky130A/libs.ref/sky130_fd_sc_hd/lib/sky130_fd_sc_hd__tt_100C_1v80.lib" has 334 cells (94 skipped: 63 seq; 13 tri-state; 18 no func; 0 dont_use).  Time =     0.10 sec
ABC: Memory =   16.05 MB. Time =     0.10 sec
ABC: Warning: Detected 9 multi-output gates (for example, "sky130_fd_sc_hd__fa_1").
ABC: + strash 
ABC: + &get -n 
ABC: + &fraig -x 
ABC: + &put 
ABC: + scorr 
ABC: Warning: The network is combinational (run "fraig" or "fraig_sweep").
ABC: + dc2 
ABC: + dretime 
ABC: + strash 
ABC: + &get -n 
ABC: + &dch -f 
ABC: + &nf 
ABC: + &put 
ABC: + write_blif <abc-temp-dir>/output.blif 

16.7.2. Re-integrating ABC results.
ABC RESULTS:   sky130_fd_sc_hd__lpflow_inputiso1p_1 cells:        1
ABC RESULTS:        internal signals:        0
ABC RESULTS:           input signals:        2
ABC RESULTS:          output signals:        1
Removing temp directory.

16.8. Extracting gate netlist of module `\reader' to `<abc-temp-dir>/input.blif'..
Extracted 23 gates and 38 wires to a netlist network with 14 inputs and 11 outputs.

16.8.1. Executing ABC.
Running ABC command: "abc" -s -f <abc-temp-dir>/abc.script 2>&1
ABC: ABC command line: "source <abc-temp-dir>/abc.script".
ABC: 
ABC: + read_blif <abc-temp-dir>/input.blif 
ABC: + read_lib -w /home/fuex/.volare/volare/sky130/versions/0fe599b2afb6708d281543108caf8310912f54af/sky130A/libs.ref/sky130_fd_sc_hd/lib/sky130_fd_sc_hd__tt_100C_1v80.lib 
ABC: Parsing finished successfully.  Parsing time =     0.06 sec
ABC: Scl_LibertyReadGenlib() skipped cell "sky130_fd_sc_hd__decap_12" without logic function.
ABC: Scl_LibertyReadGenlib() skipped cell "sky130_fd_sc_hd__decap_3" without logic function.
ABC: Scl_LibertyReadGenlib() skipped cell "sky130_fd_sc_hd__decap_4" without logic function.
ABC: Scl_LibertyReadGenlib() skipped cell "sky130_fd_sc_hd__decap_6" without logic function.
ABC: Scl_LibertyReadGenlib() skipped cell "sky130_fd_sc_hd__decap_8" without logic function.
ABC: Scl_LibertyReadGenlib() skipped sequential cell "sky130_fd_sc_hd__dfbbn_1".
ABC: Scl_LibertyReadGenlib() skipped sequential cell "sky130_fd_sc_hd__dfbbn_2".
ABC: Scl_LibertyReadGenlib() skipped sequential cell "sky130_fd_sc_hd__dfbbp_1".
ABC: Scl_LibertyReadGenlib() skipped sequential cell "sky130_fd_sc_hd__dfrbp_1".
ABC: Scl_LibertyReadGenlib() skipped sequential cell "sky130_fd_sc_hd__dfrbp_2".
ABC: Scl_LibertyReadGenlib() skipped sequential cell "sky130_fd_sc_hd__dfrtn_1".
ABC: Scl_LibertyReadGenlib() skipped sequential cell "sky130_fd_sc_hd__dfrtp_1".
ABC: Scl_LibertyReadGenlib() skipped sequential cell "sky130_fd_sc_hd__dfrtp_2".
ABC: Scl_LibertyReadGenlib() skipped sequential cell "sky130_fd_sc_hd__dfrtp_4".
ABC: Scl_LibertyReadGenlib() skipped sequential cell "sky130_fd_sc_hd__dfsbp_1".
ABC: Scl_LibertyReadGenlib() skipped sequential cell "sky130_fd_sc_hd__dfsbp_2".
ABC: Scl_LibertyReadGenlib() skipped sequential cell "sky130_fd_sc_hd__dfstp_1".
ABC: Scl_LibertyReadGenlib() skipped sequential cell "sky130_fd_sc_hd__dfstp_2".
ABC: Scl_LibertyReadGenlib() skipped sequential cell "sky130_fd_sc_hd__dfstp_4".
ABC: Scl_LibertyReadGenlib() skipped sequential cell "sky130_fd_sc_hd__dfxbp_1".
ABC: Scl_LibertyReadGenlib() skipped sequential cell "sky130_fd_sc_hd__dfxbp_2".
ABC: Scl_LibertyReadGenlib() skipped sequential cell "sky130_fd_sc_hd__dfxtp_1".
ABC: Scl_LibertyReadGenlib() skipped sequential cell "sky130_fd_sc_hd__dfxtp_2".
ABC: Scl_LibertyReadGenlib() skipped sequential cell "sky130_fd_sc_hd__dfxtp_4".
ABC: Scl_LibertyReadGenlib() skipped cell "sky130_fd_sc_hd__diode_2" without logic function.
ABC: Scl_LibertyReadGenlib() skipped cell "sky130_fd_sc_hd__dlclkp_1" without logic function.
ABC: Scl_LibertyReadGenlib() skipped cell "sky130_fd_sc_hd__dlclkp_2" without logic function.
ABC: Scl_LibertyReadGenlib() skipped cell "sky130_fd_sc_hd__dlclkp_4" without logic function.
ABC: Scl_LibertyReadGenlib() skipped sequential cell "sky130_fd_sc_hd__dlrbn_1".
ABC: Scl_LibertyReadGenlib() skipped sequential cell "sky130_fd_sc_hd__dlrbn_2".
ABC: Scl_LibertyReadGenlib() skipped sequential cell "sky130_fd_sc_hd__dlrbp_1".
ABC: Scl_LibertyReadGenlib() skipped sequential cell "sky130_fd_sc_hd__dlrbp_2".
ABC: Scl_LibertyReadGenlib() skipped sequential cell "sky130_fd_sc_hd__dlrtn_1".
ABC: Scl_LibertyReadGenlib() skipped sequential cell "sky130_fd_sc_hd__dlrtn_2".
ABC: Scl_LibertyReadGenlib() skipped sequential cell "sky130_fd_sc_hd__dlrtn_4".
ABC: Scl_LibertyReadGenlib() skipped sequential cell "sky130_fd_sc_hd__dlrtp_1".
ABC: Scl_LibertyReadGenlib() skipped sequential cell "sky130_fd_sc_hd__dlrtp_2".
ABC: Scl_LibertyReadGenlib() skipped sequential cell "sky130_fd_sc_hd__dlrtp_4".
ABC: Scl_LibertyReadGenlib() skipped sequential cell "sky130_fd_sc_hd__dlxbn_1".
ABC: Scl_LibertyReadGenlib() skipped sequential cell "sky130_fd_sc_hd__dlxbn_2".
ABC: Scl_LibertyReadGenlib() skipped sequential cell "sky130_fd_sc_hd__dlxbp_1".
ABC: Scl_LibertyReadGenlib() skipped sequential cell "sky130_fd_sc_hd__dlxtn_1".
ABC: Scl_LibertyReadGenlib() skipped sequential cell "sky130_fd_sc_hd__dlxtn_2".
ABC: Scl_LibertyReadGenlib() skipped sequential cell "sky130_fd_sc_hd__dlxtn_4".
ABC: Scl_LibertyReadGenlib() skipped sequential cell "sky130_fd_sc_hd__dlxtp_1".
ABC: Scl_LibertyReadGenlib() skipped three-state cell "sky130_fd_sc_hd__ebufn_1".
ABC: Scl_LibertyReadGenlib() skipped three-state cell "sky130_fd_sc_hd__ebufn_2".
ABC: Scl_LibertyReadGenlib() skipped three-state cell "sky130_fd_sc_hd__ebufn_4".
ABC: Scl_LibertyReadGenlib() skipped three-state cell "sky130_fd_sc_hd__ebufn_8".
ABC: Scl_LibertyReadGenlib() skipped sequential cell "sky130_fd_sc_hd__edfxbp_1".
ABC: Scl_LibertyReadGenlib() skipped sequential cell "sky130_fd_sc_hd__edfxtp_1".
ABC: Scl_LibertyReadGenlib() skipped three-state cell "sky130_fd_sc_hd__einvn_0".
ABC: Scl_LibertyReadGenlib() skipped three-state cell "sky130_fd_sc_hd__einvn_1".
ABC: Scl_LibertyReadGenlib() skipped three-state cell "sky130_fd_sc_hd__einvn_2".
ABC: Scl_LibertyReadGenlib() skipped three-state cell "sky130_fd_sc_hd__einvn_4".
ABC: Scl_LibertyReadGenlib() skipped three-state cell "sky130_fd_sc_hd__einvn_8".
ABC: Scl_LibertyReadGenlib() skipped three-state cell "sky130_fd_sc_hd__einvp_1".
ABC: Scl_LibertyReadGenlib() skipped three-state cell "sky130_fd_sc_hd__einvp_2".
ABC: Scl_LibertyReadGenlib() skipped three-state cell "sky130_fd_sc_hd__einvp_4".
ABC: Scl_LibertyReadGenlib() skipped three-state cell "sky130_fd_sc_hd__einvp_8".
ABC: Scl_LibertyReadGenlib() skipped cell "sky130_fd_sc_hd__lpflow_bleeder_1" without logic function.
ABC: Scl_LibertyReadGenlib() skipped cell "sky130_fd_sc_hd__lpflow_decapkapwr_12" without logic function.
ABC: Scl_LibertyReadGenlib() skipped cell "sky130_fd_sc_hd__lpflow_decapkapwr_3" without logic function.
ABC: Scl_LibertyReadGenlib() skipped cell "sky130_fd_sc_hd__lpflow_decapkapwr_4" without logic function.
ABC: Scl_LibertyReadGenlib() skipped cell "sky130_fd_sc_hd__lpflow_decapkapwr_6" without logic function.
ABC: Scl_LibertyReadGenlib() skipped cell "sky130_fd_sc_hd__lpflow_decapkapwr_8" without logic function.
ABC: Scl_LibertyReadGenlib() skipped sequential cell "sky130_fd_sc_hd__lpflow_inputisolatch_1".
ABC: Scl_LibertyReadGenlib() skipped sequential cell "sky130_fd_sc_hd__sdfbbn_1".
ABC: Scl_LibertyReadGenlib() skipped sequential cell "sky130_fd_sc_hd__sdfbbn_2".
ABC: Scl_LibertyReadGenlib() skipped sequential cell "sky130_fd_sc_hd__sdfbbp_1".
ABC: Scl_LibertyReadGenlib() skipped sequential cell "sky130_fd_sc_hd__sdfrbp_1".
ABC: Scl_LibertyReadGenlib() skipped sequential cell "sky130_fd_sc_hd__sdfrbp_2".
ABC: Scl_LibertyReadGenlib() skipped sequential cell "sky130_fd_sc_hd__sdfrtn_1".
ABC: Scl_LibertyReadGenlib() skipped sequential cell "sky130_fd_sc_hd__sdfrtp_1".
ABC: Scl_LibertyReadGenlib() skipped sequential cell "sky130_fd_sc_hd__sdfrtp_2".
ABC: Scl_LibertyReadGenlib() skipped sequential cell "sky130_fd_sc_hd__sdfrtp_4".
ABC: Scl_LibertyReadGenlib() skipped sequential cell "sky130_fd_sc_hd__sdfsbp_1".
ABC: Scl_LibertyReadGenlib() skipped sequential cell "sky130_fd_sc_hd__sdfsbp_2".
ABC: Scl_LibertyReadGenlib() skipped sequential cell "sky130_fd_sc_hd__sdfstp_1".
ABC: Scl_LibertyReadGenlib() skipped sequential cell "sky130_fd_sc_hd__sdfstp_2".
ABC: Scl_LibertyReadGenlib() skipped sequential cell "sky130_fd_sc_hd__sdfstp_4".
ABC: Scl_LibertyReadGenlib() skipped sequential cell "sky130_fd_sc_hd__sdfxbp_1".
ABC: Scl_LibertyReadGenlib() skipped sequential cell "sky130_fd_sc_hd__sdfxbp_2".
ABC: Scl_LibertyReadGenlib() skipped sequential cell "sky130_fd_sc_hd__sdfxtp_1".
ABC: Scl_LibertyReadGenlib() skipped sequential cell "sky130_fd_sc_hd__sdfxtp_2".
ABC: Scl_LibertyReadGenlib() skipped sequential cell "sky130_fd_sc_hd__sdfxtp_4".
ABC: Scl_LibertyReadGenlib() skipped cell "sky130_fd_sc_hd__sdlclkp_1" without logic function.
ABC: Scl_LibertyReadGenlib() skipped cell "sky130_fd_sc_hd__sdlclkp_2" without logic function.
ABC: Scl_LibertyReadGenlib() skipped cell "sky130_fd_sc_hd__sdlclkp_4" without logic function.
ABC: Scl_LibertyReadGenlib() skipped sequential cell "sky130_fd_sc_hd__sedfxbp_1".
ABC: Scl_LibertyReadGenlib() skipped sequential cell "sky130_fd_sc_hd__sedfxbp_2".
ABC: Scl_LibertyReadGenlib() skipped sequential cell "sky130_fd_sc_hd__sedfxtp_1".
ABC: Scl_LibertyReadGenlib() skipped sequential cell "sky130_fd_sc_hd__sedfxtp_2".
ABC: Scl_LibertyReadGenlib() skipped sequential cell "sky130_fd_sc_hd__sedfxtp_4".
ABC: Library "sky130_fd_sc_hd__tt_100C_1v80" from "/home/fuex/.volare/volare/sky130/versions/0fe599b2afb6708d281543108caf8310912f54af/sky130A/libs.ref/sky130_fd_sc_hd/lib/sky130_fd_sc_hd__tt_100C_1v80.lib" has 334 cells (94 skipped: 63 seq; 13 tri-state; 18 no func; 0 dont_use).  Time =     0.09 sec
ABC: Memory =   16.05 MB. Time =     0.09 sec
ABC: Warning: Detected 9 multi-output gates (for example, "sky130_fd_sc_hd__fa_1").
ABC: + strash 
ABC: + &get -n 
ABC: + &fraig -x 
ABC: + &put 
ABC: + scorr 
ABC: Warning: The network is combinational (run "fraig" or "fraig_sweep").
ABC: + dc2 
ABC: + dretime 
ABC: + strash 
ABC: + &get -n 
ABC: + &dch -f 
ABC: + &nf 
ABC: + &put 
ABC: + write_blif <abc-temp-dir>/output.blif 

16.8.2. Re-integrating ABC results.
ABC RESULTS:   sky130_fd_sc_hd__a21o_1 cells:        1
ABC RESULTS:   sky130_fd_sc_hd__and2_0 cells:        9
ABC RESULTS:   sky130_fd_sc_hd__nor3b_1 cells:        1
ABC RESULTS:   sky130_fd_sc_hd__nor4b_1 cells:        1
ABC RESULTS:        internal signals:       13
ABC RESULTS:           input signals:       14
ABC RESULTS:          output signals:       11
Removing temp directory.

16.9. Extracting gate netlist of module `\stream_cipher' to `<abc-temp-dir>/input.blif'..
Extracted 0 gates and 0 wires to a netlist network with 0 inputs and 0 outputs.
Don't call ABC as there is nothing to map.
Removing temp directory.

16.10. Extracting gate netlist of module `\top' to `<abc-temp-dir>/input.blif'..
Extracted 1 gates and 3 wires to a netlist network with 2 inputs and 1 outputs.

16.10.1. Executing ABC.
Running ABC command: "abc" -s -f <abc-temp-dir>/abc.script 2>&1
ABC: ABC command line: "source <abc-temp-dir>/abc.script".
ABC: 
ABC: + read_blif <abc-temp-dir>/input.blif 
ABC: + read_lib -w /home/fuex/.volare/volare/sky130/versions/0fe599b2afb6708d281543108caf8310912f54af/sky130A/libs.ref/sky130_fd_sc_hd/lib/sky130_fd_sc_hd__tt_100C_1v80.lib 
ABC: Parsing finished successfully.  Parsing time =     0.06 sec
ABC: Scl_LibertyReadGenlib() skipped cell "sky130_fd_sc_hd__decap_12" without logic function.
ABC: Scl_LibertyReadGenlib() skipped cell "sky130_fd_sc_hd__decap_3" without logic function.
ABC: Scl_LibertyReadGenlib() skipped cell "sky130_fd_sc_hd__decap_4" without logic function.
ABC: Scl_LibertyReadGenlib() skipped cell "sky130_fd_sc_hd__decap_6" without logic function.
ABC: Scl_LibertyReadGenlib() skipped cell "sky130_fd_sc_hd__decap_8" without logic function.
ABC: Scl_LibertyReadGenlib() skipped sequential cell "sky130_fd_sc_hd__dfbbn_1".
ABC: Scl_LibertyReadGenlib() skipped sequential cell "sky130_fd_sc_hd__dfbbn_2".
ABC: Scl_LibertyReadGenlib() skipped sequential cell "sky130_fd_sc_hd__dfbbp_1".
ABC: Scl_LibertyReadGenlib() skipped sequential cell "sky130_fd_sc_hd__dfrbp_1".
ABC: Scl_LibertyReadGenlib() skipped sequential cell "sky130_fd_sc_hd__dfrbp_2".
ABC: Scl_LibertyReadGenlib() skipped sequential cell "sky130_fd_sc_hd__dfrtn_1".
ABC: Scl_LibertyReadGenlib() skipped sequential cell "sky130_fd_sc_hd__dfrtp_1".
ABC: Scl_LibertyReadGenlib() skipped sequential cell "sky130_fd_sc_hd__dfrtp_2".
ABC: Scl_LibertyReadGenlib() skipped sequential cell "sky130_fd_sc_hd__dfrtp_4".
ABC: Scl_LibertyReadGenlib() skipped sequential cell "sky130_fd_sc_hd__dfsbp_1".
ABC: Scl_LibertyReadGenlib() skipped sequential cell "sky130_fd_sc_hd__dfsbp_2".
ABC: Scl_LibertyReadGenlib() skipped sequential cell "sky130_fd_sc_hd__dfstp_1".
ABC: Scl_LibertyReadGenlib() skipped sequential cell "sky130_fd_sc_hd__dfstp_2".
ABC: Scl_LibertyReadGenlib() skipped sequential cell "sky130_fd_sc_hd__dfstp_4".
ABC: Scl_LibertyReadGenlib() skipped sequential cell "sky130_fd_sc_hd__dfxbp_1".
ABC: Scl_LibertyReadGenlib() skipped sequential cell "sky130_fd_sc_hd__dfxbp_2".
ABC: Scl_LibertyReadGenlib() skipped sequential cell "sky130_fd_sc_hd__dfxtp_1".
ABC: Scl_LibertyReadGenlib() skipped sequential cell "sky130_fd_sc_hd__dfxtp_2".
ABC: Scl_LibertyReadGenlib() skipped sequential cell "sky130_fd_sc_hd__dfxtp_4".
ABC: Scl_LibertyReadGenlib() skipped cell "sky130_fd_sc_hd__diode_2" without logic function.
ABC: Scl_LibertyReadGenlib() skipped cell "sky130_fd_sc_hd__dlclkp_1" without logic function.
ABC: Scl_LibertyReadGenlib() skipped cell "sky130_fd_sc_hd__dlclkp_2" without logic function.
ABC: Scl_LibertyReadGenlib() skipped cell "sky130_fd_sc_hd__dlclkp_4" without logic function.
ABC: Scl_LibertyReadGenlib() skipped sequential cell "sky130_fd_sc_hd__dlrbn_1".
ABC: Scl_LibertyReadGenlib() skipped sequential cell "sky130_fd_sc_hd__dlrbn_2".
ABC: Scl_LibertyReadGenlib() skipped sequential cell "sky130_fd_sc_hd__dlrbp_1".
ABC: Scl_LibertyReadGenlib() skipped sequential cell "sky130_fd_sc_hd__dlrbp_2".
ABC: Scl_LibertyReadGenlib() skipped sequential cell "sky130_fd_sc_hd__dlrtn_1".
ABC: Scl_LibertyReadGenlib() skipped sequential cell "sky130_fd_sc_hd__dlrtn_2".
ABC: Scl_LibertyReadGenlib() skipped sequential cell "sky130_fd_sc_hd__dlrtn_4".
ABC: Scl_LibertyReadGenlib() skipped sequential cell "sky130_fd_sc_hd__dlrtp_1".
ABC: Scl_LibertyReadGenlib() skipped sequential cell "sky130_fd_sc_hd__dlrtp_2".
ABC: Scl_LibertyReadGenlib() skipped sequential cell "sky130_fd_sc_hd__dlrtp_4".
ABC: Scl_LibertyReadGenlib() skipped sequential cell "sky130_fd_sc_hd__dlxbn_1".
ABC: Scl_LibertyReadGenlib() skipped sequential cell "sky130_fd_sc_hd__dlxbn_2".
ABC: Scl_LibertyReadGenlib() skipped sequential cell "sky130_fd_sc_hd__dlxbp_1".
ABC: Scl_LibertyReadGenlib() skipped sequential cell "sky130_fd_sc_hd__dlxtn_1".
ABC: Scl_LibertyReadGenlib() skipped sequential cell "sky130_fd_sc_hd__dlxtn_2".
ABC: Scl_LibertyReadGenlib() skipped sequential cell "sky130_fd_sc_hd__dlxtn_4".
ABC: Scl_LibertyReadGenlib() skipped sequential cell "sky130_fd_sc_hd__dlxtp_1".
ABC: Scl_LibertyReadGenlib() skipped three-state cell "sky130_fd_sc_hd__ebufn_1".
ABC: Scl_LibertyReadGenlib() skipped three-state cell "sky130_fd_sc_hd__ebufn_2".
ABC: Scl_LibertyReadGenlib() skipped three-state cell "sky130_fd_sc_hd__ebufn_4".
ABC: Scl_LibertyReadGenlib() skipped three-state cell "sky130_fd_sc_hd__ebufn_8".
ABC: Scl_LibertyReadGenlib() skipped sequential cell "sky130_fd_sc_hd__edfxbp_1".
ABC: Scl_LibertyReadGenlib() skipped sequential cell "sky130_fd_sc_hd__edfxtp_1".
ABC: Scl_LibertyReadGenlib() skipped three-state cell "sky130_fd_sc_hd__einvn_0".
ABC: Scl_LibertyReadGenlib() skipped three-state cell "sky130_fd_sc_hd__einvn_1".
ABC: Scl_LibertyReadGenlib() skipped three-state cell "sky130_fd_sc_hd__einvn_2".
ABC: Scl_LibertyReadGenlib() skipped three-state cell "sky130_fd_sc_hd__einvn_4".
ABC: Scl_LibertyReadGenlib() skipped three-state cell "sky130_fd_sc_hd__einvn_8".
ABC: Scl_LibertyReadGenlib() skipped three-state cell "sky130_fd_sc_hd__einvp_1".
ABC: Scl_LibertyReadGenlib() skipped three-state cell "sky130_fd_sc_hd__einvp_2".
ABC: Scl_LibertyReadGenlib() skipped three-state cell "sky130_fd_sc_hd__einvp_4".
ABC: Scl_LibertyReadGenlib() skipped three-state cell "sky130_fd_sc_hd__einvp_8".
ABC: Scl_LibertyReadGenlib() skipped cell "sky130_fd_sc_hd__lpflow_bleeder_1" without logic function.
ABC: Scl_LibertyReadGenlib() skipped cell "sky130_fd_sc_hd__lpflow_decapkapwr_12" without logic function.
ABC: Scl_LibertyReadGenlib() skipped cell "sky130_fd_sc_hd__lpflow_decapkapwr_3" without logic function.
ABC: Scl_LibertyReadGenlib() skipped cell "sky130_fd_sc_hd__lpflow_decapkapwr_4" without logic function.
ABC: Scl_LibertyReadGenlib() skipped cell "sky130_fd_sc_hd__lpflow_decapkapwr_6" without logic function.
ABC: Scl_LibertyReadGenlib() skipped cell "sky130_fd_sc_hd__lpflow_decapkapwr_8" without logic function.
ABC: Scl_LibertyReadGenlib() skipped sequential cell "sky130_fd_sc_hd__lpflow_inputisolatch_1".
ABC: Scl_LibertyReadGenlib() skipped sequential cell "sky130_fd_sc_hd__sdfbbn_1".
ABC: Scl_LibertyReadGenlib() skipped sequential cell "sky130_fd_sc_hd__sdfbbn_2".
ABC: Scl_LibertyReadGenlib() skipped sequential cell "sky130_fd_sc_hd__sdfbbp_1".
ABC: Scl_LibertyReadGenlib() skipped sequential cell "sky130_fd_sc_hd__sdfrbp_1".
ABC: Scl_LibertyReadGenlib() skipped sequential cell "sky130_fd_sc_hd__sdfrbp_2".
ABC: Scl_LibertyReadGenlib() skipped sequential cell "sky130_fd_sc_hd__sdfrtn_1".
ABC: Scl_LibertyReadGenlib() skipped sequential cell "sky130_fd_sc_hd__sdfrtp_1".
ABC: Scl_LibertyReadGenlib() skipped sequential cell "sky130_fd_sc_hd__sdfrtp_2".
ABC: Scl_LibertyReadGenlib() skipped sequential cell "sky130_fd_sc_hd__sdfrtp_4".
ABC: Scl_LibertyReadGenlib() skipped sequential cell "sky130_fd_sc_hd__sdfsbp_1".
ABC: Scl_LibertyReadGenlib() skipped sequential cell "sky130_fd_sc_hd__sdfsbp_2".
ABC: Scl_LibertyReadGenlib() skipped sequential cell "sky130_fd_sc_hd__sdfstp_1".
ABC: Scl_LibertyReadGenlib() skipped sequential cell "sky130_fd_sc_hd__sdfstp_2".
ABC: Scl_LibertyReadGenlib() skipped sequential cell "sky130_fd_sc_hd__sdfstp_4".
ABC: Scl_LibertyReadGenlib() skipped sequential cell "sky130_fd_sc_hd__sdfxbp_1".
ABC: Scl_LibertyReadGenlib() skipped sequential cell "sky130_fd_sc_hd__sdfxbp_2".
ABC: Scl_LibertyReadGenlib() skipped sequential cell "sky130_fd_sc_hd__sdfxtp_1".
ABC: Scl_LibertyReadGenlib() skipped sequential cell "sky130_fd_sc_hd__sdfxtp_2".
ABC: Scl_LibertyReadGenlib() skipped sequential cell "sky130_fd_sc_hd__sdfxtp_4".
ABC: Scl_LibertyReadGenlib() skipped cell "sky130_fd_sc_hd__sdlclkp_1" without logic function.
ABC: Scl_LibertyReadGenlib() skipped cell "sky130_fd_sc_hd__sdlclkp_2" without logic function.
ABC: Scl_LibertyReadGenlib() skipped cell "sky130_fd_sc_hd__sdlclkp_4" without logic function.
ABC: Scl_LibertyReadGenlib() skipped sequential cell "sky130_fd_sc_hd__sedfxbp_1".
ABC: Scl_LibertyReadGenlib() skipped sequential cell "sky130_fd_sc_hd__sedfxbp_2".
ABC: Scl_LibertyReadGenlib() skipped sequential cell "sky130_fd_sc_hd__sedfxtp_1".
ABC: Scl_LibertyReadGenlib() skipped sequential cell "sky130_fd_sc_hd__sedfxtp_2".
ABC: Scl_LibertyReadGenlib() skipped sequential cell "sky130_fd_sc_hd__sedfxtp_4".
ABC: Library "sky130_fd_sc_hd__tt_100C_1v80" from "/home/fuex/.volare/volare/sky130/versions/0fe599b2afb6708d281543108caf8310912f54af/sky130A/libs.ref/sky130_fd_sc_hd/lib/sky130_fd_sc_hd__tt_100C_1v80.lib" has 334 cells (94 skipped: 63 seq; 13 tri-state; 18 no func; 0 dont_use).  Time =     0.09 sec
ABC: Memory =   16.05 MB. Time =     0.09 sec
ABC: Warning: Detected 9 multi-output gates (for example, "sky130_fd_sc_hd__fa_1").
ABC: + strash 
ABC: + &get -n 
ABC: + &fraig -x 
ABC: + &put 
ABC: + scorr 
ABC: Warning: The network is combinational (run "fraig" or "fraig_sweep").
ABC: + dc2 
ABC: + dretime 
ABC: + strash 
ABC: + &get -n 
ABC: + &dch -f 
ABC: + &nf 
ABC: + &put 
ABC: + write_blif <abc-temp-dir>/output.blif 

16.10.2. Re-integrating ABC results.
ABC RESULTS:   sky130_fd_sc_hd__lpflow_inputiso1p_1 cells:        1
ABC RESULTS:        internal signals:        0
ABC RESULTS:           input signals:        2
ABC RESULTS:          output signals:        1
Removing temp directory.
Removed 0 unused cells and 4308 unused wires.

17. Executing Verilog backend.
Dumping module `$paramod\key_storage\KEY_WIDTH_BYTES=s32'00000000000000000000000000010000'.
Dumping module `\data_router'.
Dumping module `\encryption_block'.
Dumping module `\hash_generator'.
Dumping module `\interface_fsm'.
Dumping module `\output_holder'.
Dumping module `\output_mux'.
Dumping module `\reader'.
Dumping module `\stream_cipher'.
Dumping module `\top'.

End of script. Logfile hash: e7fb5ac063, CPU: user 1.04s system 0.03s, MEM: 67.24 MB peak
Yosys 0.54 (git sha1 db72ec3bd, g++ 15.2.1 -march=x86-64 -mtune=generic -O2 -fno-plt -fexceptions -fstack-clash-protection -fcf-protection -fno-omit-frame-pointer -mno-omit-leaf-frame-pointer -ffile-prefix-map=/build/yosys/src=/usr/src/debug/yosys -fPIC -O3)
Time spent:
   68%     2 calls    2.148 sec abc
    8%    37 calls    0.263 sec opt_expr
    4%    24 calls    0.150 sec opt_clean
    4%     1 calls    0.126 sec techmap
    2%    18 calls    0.089 sec opt_dff
    2%    22 calls    0.073 sec opt_merge
    2%     8 calls    0.063 sec clean
    1%     1 calls    0.040 sec synth
    1%     1 calls    0.038 sec dfflibmap
    0%    13 calls    0.018 sec opt_muxtree
    0%    15 calls    0.016 sec read_verilog
    0%     2 calls    0.016 sec check
    0%    13 calls    0.015 sec opt
    0%    10 calls    0.011 sec proc_dlatch
    0%     2 calls    0.007 sec write_verilog
    0%    10 calls    0.006 sec proc_prune
    0%     1 calls    0.005 sec share
    0%     1 calls    0.005 sec memory_dff
    0%    10 calls    0.005 sec proc_mux
    0%     2 calls    0.004 sec hierarchy
    0%    10 calls    0.004 sec proc_dff
    0%     9 calls    0.004 sec opt_reduce
    0%     1 calls    0.003 sec dfflegalize
    0%     1 calls    0.002 sec opt_mem_priority
    0%     1 calls    0.002 sec memory_share
    0%     1 calls    0.002 sec fsm_detect
    0%     1 calls    0.002 sec wreduce
    0%     2 calls    0.001 sec opt_share
    0%     1 calls    0.001 sec fsm_extract
    0%     1 calls    0.001 sec clean_zerowidth
    0%     1 calls    0.001 sec peepopt
    0%    10 calls    0.001 sec proc_rom
    0%     1 calls    0.001 sec stat
    0%     1 calls    0.001 sec alumacc
    0%    10 calls    0.000 sec proc_arst
    0%     1 calls    0.000 sec opt_mem_feedback
    0%    20 calls    0.000 sec proc_clean
    0%    10 calls    0.000 sec proc_init
    0%    10 calls    0.000 sec proc
    0%     2 calls    0.000 sec fsm_opt
    0%     1 calls    0.000 sec fsm_map
    0%    10 calls    0.000 sec proc_rmdead
    0%    10 calls    0.000 sec proc_memwr
    0%     1 calls    0.000 sec fsm_info
    0%     1 calls    0.000 sec opt_mem
    0%     1 calls    0.000 sec fsm
    0%     1 calls    0.000 sec memory_map
    0%     1 calls    0.000 sec memory_bmux2rom
    0%     1 calls    0.000 sec memory
    0%     1 calls    0.000 sec opt_mem_widen
    0%     1 calls    0.000 sec memory_collect
    0%     1 calls    0.000 sec fsm_recode
