
 /----------------------------------------------------------------------------\
 |  yosys -- Yosys Open SYnthesis Suite                                       |
 |  Copyright (C) 2012 - 2026  Claire Xenia Wolf <claire@yosyshq.com>         |
 |  Distributed under an ISC-like license, type "license" to see terms        |
 \----------------------------------------------------------------------------/
 Yosys 0.63+194 (git sha1 a96cf8cc2, g++ 15.2.1 -march=x86-64 -mtune=generic -O2 -fno-plt -fexceptions -fstack-clash-protection -fcf-protection -fno-omit-frame-pointer -mno-omit-leaf-frame-pointer -ffile-prefix-map=/home/fuex/.cache/yay/yosys-nightly/src=/usr/src/debug/yosys-nightly -flto=auto -fPIC -O3) [yosys-nightly/yosys at makepkg]

-- Running command `read_verilog -sv -noblackbox verilog/rtl/stream_cipher/types_pkg.sv verilog/rtl/stream_cipher/*;                         synth -top top;                         dfflibmap -liberty /home/fuex/.volare/volare/sky130/versions/0fe599b2afb6708d281543108caf8310912f54af/sky130A/libs.ref/sky130_fd_sc_hd/lib/sky130_fd_sc_hd__tt_100C_1v80.lib;                         abc -liberty /home/fuex/.volare/volare/sky130/versions/0fe599b2afb6708d281543108caf8310912f54af/sky130A/libs.ref/sky130_fd_sc_hd/lib/sky130_fd_sc_hd__tt_100C_1v80.lib;                         clean;                         write_verilog -noattr -noexpr -nohex -nodec -defparam verilog/gl/stream_cipher/top.v' --

1. Executing Verilog-2005 frontend: verilog/rtl/stream_cipher/types_pkg.sv
Parsing SystemVerilog input from `verilog/rtl/stream_cipher/types_pkg.sv' to AST representation.
Successfully finished Verilog frontend.

2. Executing Verilog-2005 frontend: verilog/rtl/stream_cipher/data_router.sv
Parsing SystemVerilog input from `verilog/rtl/stream_cipher/data_router.sv' to AST representation.
Generating RTLIL representation for module `\data_router'.
Successfully finished Verilog frontend.

3. Executing Verilog-2005 frontend: verilog/rtl/stream_cipher/encryption_block.sv
Parsing SystemVerilog input from `verilog/rtl/stream_cipher/encryption_block.sv' to AST representation.
Generating RTLIL representation for module `\encryption_block'.
Successfully finished Verilog frontend.

4. Executing Verilog-2005 frontend: verilog/rtl/stream_cipher/hash_generator.sv
Parsing SystemVerilog input from `verilog/rtl/stream_cipher/hash_generator.sv' to AST representation.
Generating RTLIL representation for module `\hash_generator'.
Successfully finished Verilog frontend.

5. Executing Verilog-2005 frontend: verilog/rtl/stream_cipher/interface_fsm.sv
Parsing SystemVerilog input from `verilog/rtl/stream_cipher/interface_fsm.sv' to AST representation.
Generating RTLIL representation for module `\interface_fsm'.
Successfully finished Verilog frontend.

6. Executing Verilog-2005 frontend: verilog/rtl/stream_cipher/key_storage.sv
Parsing SystemVerilog input from `verilog/rtl/stream_cipher/key_storage.sv' to AST representation.
Generating RTLIL representation for module `\key_storage'.
Successfully finished Verilog frontend.

7. Executing Verilog-2005 frontend: verilog/rtl/stream_cipher/output_holder.sv
Parsing SystemVerilog input from `verilog/rtl/stream_cipher/output_holder.sv' to AST representation.
Generating RTLIL representation for module `\output_holder'.
Successfully finished Verilog frontend.

8. Executing Verilog-2005 frontend: verilog/rtl/stream_cipher/output_mux.sv
Parsing SystemVerilog input from `verilog/rtl/stream_cipher/output_mux.sv' to AST representation.
Generating RTLIL representation for module `\output_mux'.
Successfully finished Verilog frontend.

9. Executing Verilog-2005 frontend: verilog/rtl/stream_cipher/project.v
Parsing SystemVerilog input from `verilog/rtl/stream_cipher/project.v' to AST representation.
Generating RTLIL representation for module `\stream_cipher'.
Successfully finished Verilog frontend.

10. Executing Verilog-2005 frontend: verilog/rtl/stream_cipher/reader.sv
Parsing SystemVerilog input from `verilog/rtl/stream_cipher/reader.sv' to AST representation.
Generating RTLIL representation for module `\reader'.
Successfully finished Verilog frontend.

11. Executing Verilog-2005 frontend: verilog/rtl/stream_cipher/src1.sv
Parsing SystemVerilog input from `verilog/rtl/stream_cipher/src1.sv' to AST representation.
Generating RTLIL representation for module `\src1'.
Successfully finished Verilog frontend.

12. Executing Verilog-2005 frontend: verilog/rtl/stream_cipher/top.sv
Parsing SystemVerilog input from `verilog/rtl/stream_cipher/top.sv' to AST representation.
Generating RTLIL representation for module `\top'.
Successfully finished Verilog frontend.

13. Executing Verilog-2005 frontend: verilog/rtl/stream_cipher/types_pkg.sv
Parsing SystemVerilog input from `verilog/rtl/stream_cipher/types_pkg.sv' to AST representation.
Successfully finished Verilog frontend.

14. Executing SYNTH pass.

14.1. Executing HIERARCHY pass (managing design hierarchy).

14.1.1. Analyzing design hierarchy..
Top module:  \top
Used module:     \output_mux
Used module:     \output_holder
Used module:     \encryption_block
Used module:     \hash_generator
Used module:     \key_storage
Used module:     \data_router
Used module:     \interface_fsm
Used module:     \reader
Parameter 1 (\KEY_WIDTH_BYTES) = 16

14.1.2. Executing AST frontend in derive mode using pre-parsed AST for module `\key_storage'.
Parameter 1 (\KEY_WIDTH_BYTES) = 16
Generating RTLIL representation for module `$paramod\key_storage\KEY_WIDTH_BYTES=s32'00000000000000000000000000010000'.

14.1.3. Analyzing design hierarchy..
Top module:  \top
Used module:     \output_mux
Used module:     \output_holder
Used module:     \encryption_block
Used module:     \hash_generator
Used module:     $paramod\key_storage\KEY_WIDTH_BYTES=s32'00000000000000000000000000010000
Used module:     \data_router
Used module:     \interface_fsm
Used module:     \reader

14.1.4. Analyzing design hierarchy..
Top module:  \top
Used module:     \output_mux
Used module:     \output_holder
Used module:     \encryption_block
Used module:     \hash_generator
Used module:     $paramod\key_storage\KEY_WIDTH_BYTES=s32'00000000000000000000000000010000
Used module:     \data_router
Used module:     \interface_fsm
Used module:     \reader
Removing unused module `\src1'.
Removing unused module `\stream_cipher'.
Removing unused module `\key_storage'.
Removed 3 unused modules.

14.2. Executing PROC pass (convert processes to netlists).

14.2.1. Executing PROC_CLEAN pass (remove empty switches from decision trees).
Cleaned up 0 empty switches.

14.2.2. Executing PROC_RMDEAD pass (remove dead branches from decision trees).
Marked 2 switch rules as full_case in process $proc$verilog/rtl/stream_cipher/reader.sv:37$99 in module reader.
Marked 2 switch rules as full_case in process $proc$verilog/rtl/stream_cipher/output_mux.sv:16$95 in module output_mux.
Marked 2 switch rules as full_case in process $proc$verilog/rtl/stream_cipher/output_holder.sv:35$92 in module output_holder.
Marked 3 switch rules as full_case in process $proc$verilog/rtl/stream_cipher/key_storage.sv:29$107 in module $paramod\key_storage\KEY_WIDTH_BYTES=s32'00000000000000000000000000010000.
Marked 3 switch rules as full_case in process $proc$verilog/rtl/stream_cipher/interface_fsm.sv:30$69 in module interface_fsm.
Marked 1 switch rules as full_case in process $proc$verilog/rtl/stream_cipher/interface_fsm.sv:22$67 in module interface_fsm.
Marked 3 switch rules as full_case in process $proc$verilog/rtl/stream_cipher/hash_generator.sv:322$63 in module hash_generator.
Marked 4 switch rules as full_case in process $proc$verilog/rtl/stream_cipher/hash_generator.sv:278$34 in module hash_generator.
Marked 4 switch rules as full_case in process $proc$verilog/rtl/stream_cipher/hash_generator.sv:238$30 in module hash_generator.
Marked 1 switch rules as full_case in process $proc$verilog/rtl/stream_cipher/hash_generator.sv:218$28 in module hash_generator.
Marked 2 switch rules as full_case in process $proc$verilog/rtl/stream_cipher/hash_generator.sv:199$21 in module hash_generator.
Marked 3 switch rules as full_case in process $proc$verilog/rtl/stream_cipher/hash_generator.sv:167$18 in module hash_generator.
Marked 6 switch rules as full_case in process $proc$verilog/rtl/stream_cipher/hash_generator.sv:115$14 in module hash_generator.
Marked 1 switch rules as full_case in process $proc$verilog/rtl/stream_cipher/hash_generator.sv:97$12 in module hash_generator.
Marked 4 switch rules as full_case in process $proc$verilog/rtl/stream_cipher/encryption_block.sv:64$5 in module encryption_block.
Marked 1 switch rules as full_case in process $proc$verilog/rtl/stream_cipher/encryption_block.sv:48$3 in module encryption_block.
Marked 2 switch rules as full_case in process $proc$verilog/rtl/stream_cipher/data_router.sv:22$1 in module data_router.
Removed a total of 0 dead cases.

14.2.3. Executing PROC_PRUNE pass (remove redundant assignments in processes).
Removed 20 redundant assignments.
Promoted 26 assignments to connections.

14.2.4. Executing PROC_INIT pass (extract init attributes).

14.2.5. Executing PROC_ARST pass (detect async resets in processes).
Found async reset \nrst in `\reader.$proc$verilog/rtl/stream_cipher/reader.sv:37$99'.
Found async reset \nrst in `\output_holder.$proc$verilog/rtl/stream_cipher/output_holder.sv:35$92'.
Found async reset \nrst in `$paramod\key_storage\KEY_WIDTH_BYTES=s32'00000000000000000000000000010000.$proc$verilog/rtl/stream_cipher/key_storage.sv:29$107'.
Found async reset \nrst in `\interface_fsm.$proc$verilog/rtl/stream_cipher/interface_fsm.sv:22$67'.
Found async reset \nrst in `\hash_generator.$proc$verilog/rtl/stream_cipher/hash_generator.sv:218$28'.
Found async reset \nrst in `\hash_generator.$proc$verilog/rtl/stream_cipher/hash_generator.sv:97$12'.
Found async reset \nrst in `\encryption_block.$proc$verilog/rtl/stream_cipher/encryption_block.sv:48$3'.

14.2.6. Executing PROC_ROM pass (convert switches to ROMs).
Converted 0 switches.
<suppressed ~42 debug messages>

14.2.7. Executing PROC_MUX pass (convert decision trees to multiplexers).
Creating decoders for process `\reader.$proc$verilog/rtl/stream_cipher/reader.sv:37$99'.
     1/4: $0\input_byte_pulse[0:0]
     2/4: $0\is_key_pulsed[0:0]
     3/4: $0\input_byte_pulsed[7:0]
     4/4: $0\reset_hash_pulse[0:0]
Creating decoders for process `\output_mux.$proc$verilog/rtl/stream_cipher/output_mux.sv:16$95'.
     1/2: $1\output_byte_is_ready[0:0]
     2/2: $1\input_acknowledged[0:0]
Creating decoders for process `\output_holder.$proc$verilog/rtl/stream_cipher/output_holder.sv:35$92'.
     1/2: $0\data_buffer[7:0]
     2/2: $0\output_holder_state[0:0]
Creating decoders for process `$paramod\key_storage\KEY_WIDTH_BYTES=s32'00000000000000000000000000010000.$proc$verilog/rtl/stream_cipher/key_storage.sv:29$107'.
     1/6: $2$lookahead\key_memory$106[127:0]$114
     2/6: $2$bitselwrite$pos$verilog/rtl/stream_cipher/key_storage.sv:42$105[31:0]$113
     3/6: $1$lookahead\key_memory$106[127:0]$112
     4/6: $1$bitselwrite$pos$verilog/rtl/stream_cipher/key_storage.sv:42$105[31:0]$111
     5/6: $0\received_key_byte_pulse[0:0]
     6/6: $0\key_byte_index[3:0]
Creating decoders for process `\interface_fsm.$proc$verilog/rtl/stream_cipher/interface_fsm.sv:30$69'.
     1/4: $4\next_interface_state[1:0]
     2/4: $3\next_interface_state[1:0]
     3/4: $2\next_interface_state[1:0]
     4/4: $1\next_interface_state[1:0]
Creating decoders for process `\interface_fsm.$proc$verilog/rtl/stream_cipher/interface_fsm.sv:22$67'.
     1/1: $0\current_interface_state[1:0]
Creating decoders for process `\hash_generator.$proc$verilog/rtl/stream_cipher/hash_generator.sv:322$63'.
     1/6: $3\next_hash_computations_count[31:0]
     2/6: $3\next_iteration_count[8:0]
     3/6: $2\next_iteration_count[8:0]
     4/6: $2\next_hash_computations_count[31:0]
     5/6: $1\next_hash_computations_count[31:0]
     6/6: $1\next_iteration_count[8:0]
Creating decoders for process `\hash_generator.$proc$verilog/rtl/stream_cipher/hash_generator.sv:278$34'.
     1/12: $4\next_sum[31:0]
     2/12: $4\next_v1[31:0]
     3/12: $4\next_v0[31:0]
     4/12: $3\next_sum[31:0]
     5/12: $3\next_v1[31:0]
     6/12: $3\next_v0[31:0]
     7/12: $2\next_sum[31:0]
     8/12: $2\next_v1[31:0]
     9/12: $2\next_v0[31:0]
    10/12: $1\next_v1[31:0]
    11/12: $1\next_sum[31:0]
    12/12: $1\next_v0[31:0]
Creating decoders for process `\hash_generator.$proc$verilog/rtl/stream_cipher/hash_generator.sv:238$30'.
     1/5: $5\next_computed_hash_state[1:0]
     2/5: $4\next_computed_hash_state[1:0]
     3/5: $3\next_computed_hash_state[1:0]
     4/5: $2\next_computed_hash_state[1:0]
     5/5: $1\next_computed_hash_state[1:0]
Creating decoders for process `\hash_generator.$proc$verilog/rtl/stream_cipher/hash_generator.sv:218$28'.
     1/6: $0\hash_computations_count[31:0]
     2/6: $0\iteration_count[8:0]
     3/6: $0\sum[31:0]
     4/6: $0\v1[31:0]
     5/6: $0\v0[31:0]
     6/6: $0\computed_hash_state[1:0]
Creating decoders for process `\hash_generator.$proc$verilog/rtl/stream_cipher/hash_generator.sv:199$21'.
     1/4: $2\next_hash_number[31:0]
     2/4: $2\next_served_hash[63:0]
     3/4: $1\next_hash_number[31:0]
     4/4: $1\next_served_hash[63:0]
Creating decoders for process `\hash_generator.$proc$verilog/rtl/stream_cipher/hash_generator.sv:167$18'.
     1/4: $3\next_hash_byte_out_index[3:0]
     2/4: $2\next_hash_byte_out_index[3:0]
     3/4: $1\next_hash_byte_pulse[0:0]
     4/4: $1\next_hash_byte_out_index[3:0]
Creating decoders for process `\hash_generator.$proc$verilog/rtl/stream_cipher/hash_generator.sv:115$14'.
     1/7: $7\generator_next_state[2:0]
     2/7: $6\generator_next_state[2:0]
     3/7: $5\generator_next_state[2:0]
     4/7: $4\generator_next_state[2:0]
     5/7: $3\generator_next_state[2:0]
     6/7: $2\generator_next_state[2:0]
     7/7: $1\generator_next_state[2:0]
Creating decoders for process `\hash_generator.$proc$verilog/rtl/stream_cipher/hash_generator.sv:97$12'.
     1/5: $0\hash_number[31:0]
     2/5: $0\served_hash[63:0]
     3/5: $0\hash_byte_out_index[3:0]
     4/5: $0\hash_byte_pulse[0:0]
     5/5: $0\generator_current_state[2:0]
Creating decoders for process `\encryption_block.$proc$verilog/rtl/stream_cipher/encryption_block.sv:64$5'.
     1/10: $2\next_encrypted_byte_pulse[0:0]
     2/10: $4\next_state[1:0]
     3/10: $3\next_state[1:0]
     4/10: $2\next_request_byte_pulse[0:0]
     5/10: $2\next_state[1:0]
     6/10: $2\next_saved_byte_in[7:0]
     7/10: $1\next_saved_byte_in[7:0]
     8/10: $1\next_state[1:0]
     9/10: $1\next_encrypted_byte_pulse[0:0]
    10/10: $1\next_request_byte_pulse[0:0]
Creating decoders for process `\encryption_block.$proc$verilog/rtl/stream_cipher/encryption_block.sv:48$3'.
     1/4: $0\request_byte_pulse[0:0]
     2/4: $0\encrypted_byte_pulse[0:0]
     3/4: $0\saved_byte_in[7:0]
     4/4: $0\state[1:0]
Creating decoders for process `\data_router.$proc$verilog/rtl/stream_cipher/data_router.sv:22$1'.
     1/8: $2\key_byte_pulse[0:0]
     2/8: $2\key_byte[7:0]
     3/8: $2\byte_pulse[0:0]
     4/8: $2\byte_pulsed[7:0]
     5/8: $1\byte_pulse[0:0]
     6/8: $1\byte_pulsed[7:0]
     7/8: $1\key_byte_pulse[0:0]
     8/8: $1\key_byte[7:0]

14.2.8. Executing PROC_DLATCH pass (convert process syncs to latches).
No latch inferred for signal `\output_mux.\data_out' from process `\output_mux.$proc$verilog/rtl/stream_cipher/output_mux.sv:16$95'.
No latch inferred for signal `\output_mux.\output_byte_is_ready' from process `\output_mux.$proc$verilog/rtl/stream_cipher/output_mux.sv:16$95'.
No latch inferred for signal `\output_mux.\input_acknowledged' from process `\output_mux.$proc$verilog/rtl/stream_cipher/output_mux.sv:16$95'.
No latch inferred for signal `\interface_fsm.\next_interface_state' from process `\interface_fsm.$proc$verilog/rtl/stream_cipher/interface_fsm.sv:30$69'.
No latch inferred for signal `\hash_generator.\next_iteration_count' from process `\hash_generator.$proc$verilog/rtl/stream_cipher/hash_generator.sv:322$63'.
No latch inferred for signal `\hash_generator.\next_hash_computations_count' from process `\hash_generator.$proc$verilog/rtl/stream_cipher/hash_generator.sv:322$63'.
No latch inferred for signal `\hash_generator.\next_v0' from process `\hash_generator.$proc$verilog/rtl/stream_cipher/hash_generator.sv:278$34'.
No latch inferred for signal `\hash_generator.\next_v1' from process `\hash_generator.$proc$verilog/rtl/stream_cipher/hash_generator.sv:278$34'.
No latch inferred for signal `\hash_generator.\next_sum' from process `\hash_generator.$proc$verilog/rtl/stream_cipher/hash_generator.sv:278$34'.
No latch inferred for signal `\hash_generator.\next_computed_hash_state' from process `\hash_generator.$proc$verilog/rtl/stream_cipher/hash_generator.sv:238$30'.
No latch inferred for signal `\hash_generator.\next_served_hash' from process `\hash_generator.$proc$verilog/rtl/stream_cipher/hash_generator.sv:199$21'.
No latch inferred for signal `\hash_generator.\next_hash_number' from process `\hash_generator.$proc$verilog/rtl/stream_cipher/hash_generator.sv:199$21'.
No latch inferred for signal `\hash_generator.\next_hash_byte_pulse' from process `\hash_generator.$proc$verilog/rtl/stream_cipher/hash_generator.sv:167$18'.
No latch inferred for signal `\hash_generator.\next_hash_byte_out_index' from process `\hash_generator.$proc$verilog/rtl/stream_cipher/hash_generator.sv:167$18'.
No latch inferred for signal `\hash_generator.\generator_next_state' from process `\hash_generator.$proc$verilog/rtl/stream_cipher/hash_generator.sv:115$14'.
No latch inferred for signal `\encryption_block.\next_state' from process `\encryption_block.$proc$verilog/rtl/stream_cipher/encryption_block.sv:64$5'.
No latch inferred for signal `\encryption_block.\next_saved_byte_in' from process `\encryption_block.$proc$verilog/rtl/stream_cipher/encryption_block.sv:64$5'.
No latch inferred for signal `\encryption_block.\next_request_byte_pulse' from process `\encryption_block.$proc$verilog/rtl/stream_cipher/encryption_block.sv:64$5'.
No latch inferred for signal `\encryption_block.\next_encrypted_byte_pulse' from process `\encryption_block.$proc$verilog/rtl/stream_cipher/encryption_block.sv:64$5'.
No latch inferred for signal `\data_router.\key_byte' from process `\data_router.$proc$verilog/rtl/stream_cipher/data_router.sv:22$1'.
No latch inferred for signal `\data_router.\key_byte_pulse' from process `\data_router.$proc$verilog/rtl/stream_cipher/data_router.sv:22$1'.
No latch inferred for signal `\data_router.\byte_pulsed' from process `\data_router.$proc$verilog/rtl/stream_cipher/data_router.sv:22$1'.
No latch inferred for signal `\data_router.\byte_pulse' from process `\data_router.$proc$verilog/rtl/stream_cipher/data_router.sv:22$1'.

14.2.9. Executing PROC_DFF pass (convert process syncs to FFs).
Creating register for signal `\reader.\input_byte_pulsed' using process `\reader.$proc$verilog/rtl/stream_cipher/reader.sv:37$99'.
  created $adff cell `$procdff$498' with positive edge clock and positive level reset.
Creating register for signal `\reader.\is_key_pulsed' using process `\reader.$proc$verilog/rtl/stream_cipher/reader.sv:37$99'.
  created $adff cell `$procdff$503' with positive edge clock and positive level reset.
Creating register for signal `\reader.\reset_hash_pulse' using process `\reader.$proc$verilog/rtl/stream_cipher/reader.sv:37$99'.
  created $adff cell `$procdff$508' with positive edge clock and positive level reset.
Creating register for signal `\reader.\input_byte_pulse' using process `\reader.$proc$verilog/rtl/stream_cipher/reader.sv:37$99'.
  created $adff cell `$procdff$513' with positive edge clock and positive level reset.
Creating register for signal `\output_holder.\output_holder_state' using process `\output_holder.$proc$verilog/rtl/stream_cipher/output_holder.sv:35$92'.
  created $adff cell `$procdff$518' with positive edge clock and positive level reset.
Creating register for signal `\output_holder.\data_buffer' using process `\output_holder.$proc$verilog/rtl/stream_cipher/output_holder.sv:35$92'.
  created $adff cell `$procdff$523' with positive edge clock and positive level reset.
Creating register for signal `$paramod\key_storage\KEY_WIDTH_BYTES=s32'00000000000000000000000000010000.\key_memory' using process `$paramod\key_storage\KEY_WIDTH_BYTES=s32'00000000000000000000000000010000.$proc$verilog/rtl/stream_cipher/key_storage.sv:29$107'.
  created $adff cell `$procdff$528' with positive edge clock and positive level reset.
Creating register for signal `$paramod\key_storage\KEY_WIDTH_BYTES=s32'00000000000000000000000000010000.\key_byte_index' using process `$paramod\key_storage\KEY_WIDTH_BYTES=s32'00000000000000000000000000010000.$proc$verilog/rtl/stream_cipher/key_storage.sv:29$107'.
  created $adff cell `$procdff$533' with positive edge clock and positive level reset.
Creating register for signal `$paramod\key_storage\KEY_WIDTH_BYTES=s32'00000000000000000000000000010000.\received_key_byte_pulse' using process `$paramod\key_storage\KEY_WIDTH_BYTES=s32'00000000000000000000000000010000.$proc$verilog/rtl/stream_cipher/key_storage.sv:29$107'.
  created $adff cell `$procdff$538' with positive edge clock and positive level reset.
Creating register for signal `\interface_fsm.\current_interface_state' using process `\interface_fsm.$proc$verilog/rtl/stream_cipher/interface_fsm.sv:22$67'.
  created $adff cell `$procdff$543' with positive edge clock and positive level reset.
Creating register for signal `\hash_generator.\computed_hash_state' using process `\hash_generator.$proc$verilog/rtl/stream_cipher/hash_generator.sv:218$28'.
  created $adff cell `$procdff$548' with positive edge clock and positive level reset.
Creating register for signal `\hash_generator.\v0' using process `\hash_generator.$proc$verilog/rtl/stream_cipher/hash_generator.sv:218$28'.
  created $adff cell `$procdff$553' with positive edge clock and positive level reset.
Creating register for signal `\hash_generator.\v1' using process `\hash_generator.$proc$verilog/rtl/stream_cipher/hash_generator.sv:218$28'.
  created $adff cell `$procdff$558' with positive edge clock and positive level reset.
Creating register for signal `\hash_generator.\sum' using process `\hash_generator.$proc$verilog/rtl/stream_cipher/hash_generator.sv:218$28'.
  created $adff cell `$procdff$563' with positive edge clock and positive level reset.
Creating register for signal `\hash_generator.\iteration_count' using process `\hash_generator.$proc$verilog/rtl/stream_cipher/hash_generator.sv:218$28'.
  created $adff cell `$procdff$568' with positive edge clock and positive level reset.
Creating register for signal `\hash_generator.\hash_computations_count' using process `\hash_generator.$proc$verilog/rtl/stream_cipher/hash_generator.sv:218$28'.
  created $adff cell `$procdff$573' with positive edge clock and positive level reset.
Creating register for signal `\hash_generator.\hash_byte_pulse' using process `\hash_generator.$proc$verilog/rtl/stream_cipher/hash_generator.sv:97$12'.
  created $adff cell `$procdff$578' with positive edge clock and positive level reset.
Creating register for signal `\hash_generator.\generator_current_state' using process `\hash_generator.$proc$verilog/rtl/stream_cipher/hash_generator.sv:97$12'.
  created $adff cell `$procdff$583' with positive edge clock and positive level reset.
Creating register for signal `\hash_generator.\hash_byte_out_index' using process `\hash_generator.$proc$verilog/rtl/stream_cipher/hash_generator.sv:97$12'.
  created $adff cell `$procdff$588' with positive edge clock and positive level reset.
Creating register for signal `\hash_generator.\served_hash' using process `\hash_generator.$proc$verilog/rtl/stream_cipher/hash_generator.sv:97$12'.
  created $adff cell `$procdff$593' with positive edge clock and positive level reset.
Creating register for signal `\hash_generator.\hash_number' using process `\hash_generator.$proc$verilog/rtl/stream_cipher/hash_generator.sv:97$12'.
  created $adff cell `$procdff$598' with positive edge clock and positive level reset.
Creating register for signal `\encryption_block.\state' using process `\encryption_block.$proc$verilog/rtl/stream_cipher/encryption_block.sv:48$3'.
  created $adff cell `$procdff$603' with positive edge clock and positive level reset.
Creating register for signal `\encryption_block.\saved_byte_in' using process `\encryption_block.$proc$verilog/rtl/stream_cipher/encryption_block.sv:48$3'.
  created $adff cell `$procdff$608' with positive edge clock and positive level reset.
Creating register for signal `\encryption_block.\request_byte_pulse' using process `\encryption_block.$proc$verilog/rtl/stream_cipher/encryption_block.sv:48$3'.
  created $adff cell `$procdff$613' with positive edge clock and positive level reset.
Creating register for signal `\encryption_block.\encrypted_byte_pulse' using process `\encryption_block.$proc$verilog/rtl/stream_cipher/encryption_block.sv:48$3'.
  created $adff cell `$procdff$618' with positive edge clock and positive level reset.

14.2.10. Executing PROC_MEMWR pass (convert process memory writes to cells).

14.2.11. Executing PROC_CLEAN pass (remove empty switches from decision trees).
Found and cleaned up 2 empty switches in `\reader.$proc$verilog/rtl/stream_cipher/reader.sv:37$99'.
Removing empty process `reader.$proc$verilog/rtl/stream_cipher/reader.sv:37$99'.
Found and cleaned up 2 empty switches in `\output_mux.$proc$verilog/rtl/stream_cipher/output_mux.sv:16$95'.
Removing empty process `output_mux.$proc$verilog/rtl/stream_cipher/output_mux.sv:16$95'.
Found and cleaned up 2 empty switches in `\output_holder.$proc$verilog/rtl/stream_cipher/output_holder.sv:35$92'.
Removing empty process `output_holder.$proc$verilog/rtl/stream_cipher/output_holder.sv:35$92'.
Found and cleaned up 2 empty switches in `$paramod\key_storage\KEY_WIDTH_BYTES=s32'00000000000000000000000000010000.$proc$verilog/rtl/stream_cipher/key_storage.sv:29$107'.
Removing empty process `$paramod\key_storage\KEY_WIDTH_BYTES=s32'00000000000000000000000000010000.$proc$verilog/rtl/stream_cipher/key_storage.sv:29$107'.
Found and cleaned up 4 empty switches in `\interface_fsm.$proc$verilog/rtl/stream_cipher/interface_fsm.sv:30$69'.
Removing empty process `interface_fsm.$proc$verilog/rtl/stream_cipher/interface_fsm.sv:30$69'.
Removing empty process `interface_fsm.$proc$verilog/rtl/stream_cipher/interface_fsm.sv:22$67'.
Found and cleaned up 3 empty switches in `\hash_generator.$proc$verilog/rtl/stream_cipher/hash_generator.sv:322$63'.
Removing empty process `hash_generator.$proc$verilog/rtl/stream_cipher/hash_generator.sv:322$63'.
Found and cleaned up 4 empty switches in `\hash_generator.$proc$verilog/rtl/stream_cipher/hash_generator.sv:278$34'.
Removing empty process `hash_generator.$proc$verilog/rtl/stream_cipher/hash_generator.sv:278$34'.
Found and cleaned up 5 empty switches in `\hash_generator.$proc$verilog/rtl/stream_cipher/hash_generator.sv:238$30'.
Removing empty process `hash_generator.$proc$verilog/rtl/stream_cipher/hash_generator.sv:238$30'.
Removing empty process `hash_generator.$proc$verilog/rtl/stream_cipher/hash_generator.sv:218$28'.
Found and cleaned up 2 empty switches in `\hash_generator.$proc$verilog/rtl/stream_cipher/hash_generator.sv:199$21'.
Removing empty process `hash_generator.$proc$verilog/rtl/stream_cipher/hash_generator.sv:199$21'.
Found and cleaned up 3 empty switches in `\hash_generator.$proc$verilog/rtl/stream_cipher/hash_generator.sv:167$18'.
Removing empty process `hash_generator.$proc$verilog/rtl/stream_cipher/hash_generator.sv:167$18'.
Found and cleaned up 7 empty switches in `\hash_generator.$proc$verilog/rtl/stream_cipher/hash_generator.sv:115$14'.
Removing empty process `hash_generator.$proc$verilog/rtl/stream_cipher/hash_generator.sv:115$14'.
Removing empty process `hash_generator.$proc$verilog/rtl/stream_cipher/hash_generator.sv:97$12'.
Found and cleaned up 4 empty switches in `\encryption_block.$proc$verilog/rtl/stream_cipher/encryption_block.sv:64$5'.
Removing empty process `encryption_block.$proc$verilog/rtl/stream_cipher/encryption_block.sv:64$5'.
Removing empty process `encryption_block.$proc$verilog/rtl/stream_cipher/encryption_block.sv:48$3'.
Found and cleaned up 2 empty switches in `\data_router.$proc$verilog/rtl/stream_cipher/data_router.sv:22$1'.
Removing empty process `data_router.$proc$verilog/rtl/stream_cipher/data_router.sv:22$1'.
Cleaned up 42 empty switches.

14.2.12. Executing OPT_EXPR pass (perform const folding).
Optimizing module reader.
<suppressed ~9 debug messages>
Optimizing module top.
Optimizing module output_mux.
<suppressed ~2 debug messages>
Optimizing module output_holder.
<suppressed ~5 debug messages>
Optimizing module $paramod\key_storage\KEY_WIDTH_BYTES=s32'00000000000000000000000000010000.
<suppressed ~6 debug messages>
Optimizing module interface_fsm.
<suppressed ~5 debug messages>
Optimizing module hash_generator.
<suppressed ~35 debug messages>
Optimizing module encryption_block.
<suppressed ~13 debug messages>
Optimizing module data_router.

14.3. Executing OPT_EXPR pass (perform const folding).
Optimizing module reader.
Optimizing module top.
Optimizing module output_mux.
Optimizing module output_holder.
Optimizing module $paramod\key_storage\KEY_WIDTH_BYTES=s32'00000000000000000000000000010000.
<suppressed ~3 debug messages>
Optimizing module interface_fsm.
Optimizing module hash_generator.
<suppressed ~9 debug messages>
Optimizing module encryption_block.
Optimizing module data_router.

14.4. Executing OPT_CLEAN pass (remove unused cells and wires).
Finding unused cells or wires in module \reader..
Finding unused cells or wires in module \top..
Finding unused cells or wires in module \output_mux..
Finding unused cells or wires in module \output_holder..
Finding unused cells or wires in module $paramod\key_storage\KEY_WIDTH_BYTES=s32'00000000000000000000000000010000..
Finding unused cells or wires in module \interface_fsm..
Finding unused cells or wires in module \hash_generator..
Finding unused cells or wires in module \encryption_block..
Finding unused cells or wires in module \data_router..
Removed 49 unused cells and 312 unused wires.
<suppressed ~62 debug messages>

14.5. Executing CHECK pass (checking for obvious problems).
Checking module reader...
Checking module top...
Checking module output_mux...
Checking module output_holder...
Checking module $paramod\key_storage\KEY_WIDTH_BYTES=s32'00000000000000000000000000010000...
Checking module interface_fsm...
Checking module hash_generator...
Checking module encryption_block...
Checking module data_router...
Found and reported 0 problems.

14.6. Executing OPT pass (performing simple optimizations).

14.6.1. Executing OPT_EXPR pass (perform const folding).
Optimizing module reader.
Optimizing module top.
Optimizing module output_mux.
Optimizing module output_holder.
Optimizing module $paramod\key_storage\KEY_WIDTH_BYTES=s32'00000000000000000000000000010000.
Optimizing module interface_fsm.
Optimizing module hash_generator.
Optimizing module encryption_block.
Optimizing module data_router.

14.6.2. Executing OPT_MERGE pass (detect identical cells).
Finding identical cells in module `\reader'.
Computing hashes of 14 cells of `\reader'.
Finding duplicate cells in `\reader'.
Finding identical cells in module `\top'.
Computing hashes of 9 cells of `\top'.
Finding duplicate cells in `\top'.
Finding identical cells in module `\output_mux'.
Computing hashes of 3 cells of `\output_mux'.
Finding duplicate cells in `\output_mux'.
Finding identical cells in module `\output_holder'.
Computing hashes of 6 cells of `\output_holder'.
Finding duplicate cells in `\output_holder'.
Finding identical cells in module `$paramod\key_storage\KEY_WIDTH_BYTES=s32'00000000000000000000000000010000'.
Computing hashes of 16 cells of `$paramod\key_storage\KEY_WIDTH_BYTES=s32'00000000000000000000000000010000'.
Finding duplicate cells in `$paramod\key_storage\KEY_WIDTH_BYTES=s32'00000000000000000000000000010000'.
Computing hashes of 15 cells of `$paramod\key_storage\KEY_WIDTH_BYTES=s32'00000000000000000000000000010000'.
Finding duplicate cells in `$paramod\key_storage\KEY_WIDTH_BYTES=s32'00000000000000000000000000010000'.
<suppressed ~3 debug messages>
Finding identical cells in module `\interface_fsm'.
Computing hashes of 14 cells of `\interface_fsm'.
Finding duplicate cells in `\interface_fsm'.
Computing hashes of 11 cells of `\interface_fsm'.
Finding duplicate cells in `\interface_fsm'.
<suppressed ~9 debug messages>
Finding identical cells in module `\hash_generator'.
Computing hashes of 111 cells of `\hash_generator'.
Finding duplicate cells in `\hash_generator'.
Computing hashes of 87 cells of `\hash_generator'.
Finding duplicate cells in `\hash_generator'.
<suppressed ~72 debug messages>
Finding identical cells in module `\encryption_block'.
Computing hashes of 36 cells of `\encryption_block'.
Finding duplicate cells in `\encryption_block'.
Computing hashes of 27 cells of `\encryption_block'.
Finding duplicate cells in `\encryption_block'.
<suppressed ~27 debug messages>
Finding identical cells in module `\data_router'.
Computing hashes of 12 cells of `\data_router'.
Finding duplicate cells in `\data_router'.
Removed a total of 37 cells.

14.6.3. Executing OPT_MUXTREE pass (detect dead branches in mux trees).
Running muxtree optimizer on module \reader..
  Creating internal representation of mux trees.
  Evaluating internal representation of mux trees.
  Analyzing evaluation results.
Running muxtree optimizer on module \top..
  Creating internal representation of mux trees.
  No muxes found in this module.
Running muxtree optimizer on module \output_mux..
  Creating internal representation of mux trees.
  Evaluating internal representation of mux trees.
  Analyzing evaluation results.
Running muxtree optimizer on module \output_holder..
  Creating internal representation of mux trees.
  Evaluating internal representation of mux trees.
  Analyzing evaluation results.
Running muxtree optimizer on module $paramod\key_storage\KEY_WIDTH_BYTES=s32'00000000000000000000000000010000..
  Creating internal representation of mux trees.
  Evaluating internal representation of mux trees.
  Analyzing evaluation results.
Running muxtree optimizer on module \interface_fsm..
  Creating internal representation of mux trees.
  Evaluating internal representation of mux trees.
  Analyzing evaluation results.
    dead port 2/2 on $mux $procmux$194.
    dead port 2/2 on $mux $procmux$186.
    dead port 2/2 on $mux $procmux$179.
Running muxtree optimizer on module \hash_generator..
  Creating internal representation of mux trees.
  Evaluating internal representation of mux trees.
  Analyzing evaluation results.
    dead port 2/2 on $mux $procmux$293.
    dead port 2/2 on $mux $procmux$352.
    dead port 2/2 on $mux $procmux$359.
    dead port 2/2 on $mux $procmux$368.
    dead port 2/2 on $mux $procmux$378.
    dead port 2/2 on $mux $procmux$389.
    dead port 2/2 on $mux $procmux$217.
    dead port 2/2 on $mux $procmux$334.
    dead port 2/2 on $mux $procmux$211.
    dead port 2/2 on $mux $procmux$308.
    dead port 2/2 on $mux $procmux$300.
Running muxtree optimizer on module \encryption_block..
  Creating internal representation of mux trees.
  Evaluating internal representation of mux trees.
  Analyzing evaluation results.
    dead port 2/2 on $mux $procmux$439.
    dead port 2/2 on $mux $procmux$431.
    dead port 2/2 on $mux $procmux$423.
    dead port 2/2 on $mux $procmux$416.
    dead port 2/2 on $mux $procmux$409.
    dead port 2/2 on $mux $procmux$403.
Running muxtree optimizer on module \data_router..
  Creating internal representation of mux trees.
  Evaluating internal representation of mux trees.
  Analyzing evaluation results.
    dead port 2/2 on $mux $procmux$480.
    dead port 2/2 on $mux $procmux$474.
    dead port 2/2 on $mux $procmux$468.
    dead port 2/2 on $mux $procmux$462.
Removed 24 multiplexer ports.
<suppressed ~126 debug messages>

14.6.4. Executing OPT_REDUCE pass (consolidate $*mux and $reduce_* inputs).
  Optimizing cells in module \reader.
  Optimizing cells in module \top.
  Optimizing cells in module \output_mux.
  Optimizing cells in module \output_holder.
  Optimizing cells in module $paramod\key_storage\KEY_WIDTH_BYTES=s32'00000000000000000000000000010000.
  Optimizing cells in module \interface_fsm.
  Optimizing cells in module \hash_generator.
  Optimizing cells in module \encryption_block.
  Optimizing cells in module \data_router.
Performed a total of 0 changes.

14.6.5. Executing OPT_MERGE pass (detect identical cells).
Finding identical cells in module `\reader'.
Computing hashes of 14 cells of `\reader'.
Finding duplicate cells in `\reader'.
Finding identical cells in module `\top'.
Computing hashes of 9 cells of `\top'.
Finding duplicate cells in `\top'.
Finding identical cells in module `\output_mux'.
Computing hashes of 3 cells of `\output_mux'.
Finding duplicate cells in `\output_mux'.
Finding identical cells in module `\output_holder'.
Computing hashes of 6 cells of `\output_holder'.
Finding duplicate cells in `\output_holder'.
Finding identical cells in module `$paramod\key_storage\KEY_WIDTH_BYTES=s32'00000000000000000000000000010000'.
Computing hashes of 15 cells of `$paramod\key_storage\KEY_WIDTH_BYTES=s32'00000000000000000000000000010000'.
Finding duplicate cells in `$paramod\key_storage\KEY_WIDTH_BYTES=s32'00000000000000000000000000010000'.
Finding identical cells in module `\interface_fsm'.
Computing hashes of 8 cells of `\interface_fsm'.
Finding duplicate cells in `\interface_fsm'.
Finding identical cells in module `\hash_generator'.
Computing hashes of 76 cells of `\hash_generator'.
Finding duplicate cells in `\hash_generator'.
Finding identical cells in module `\encryption_block'.
Computing hashes of 21 cells of `\encryption_block'.
Finding duplicate cells in `\encryption_block'.
Finding identical cells in module `\data_router'.
Computing hashes of 8 cells of `\data_router'.
Finding duplicate cells in `\data_router'.
Removed a total of 0 cells.

14.6.6. Executing OPT_DFF pass (perform DFF optimizations).

14.6.7. Executing OPT_CLEAN pass (remove unused cells and wires).
Finding unused cells or wires in module \reader..
Finding unused cells or wires in module \top..
Finding unused cells or wires in module \output_mux..
Finding unused cells or wires in module \output_holder..
Finding unused cells or wires in module $paramod\key_storage\KEY_WIDTH_BYTES=s32'00000000000000000000000000010000..
Finding unused cells or wires in module \interface_fsm..
Finding unused cells or wires in module \hash_generator..
Finding unused cells or wires in module \encryption_block..
Finding unused cells or wires in module \data_router..
Removed 0 unused cells and 61 unused wires.
<suppressed ~5 debug messages>

14.6.8. Executing OPT_EXPR pass (perform const folding).
Optimizing module reader.
Optimizing module top.
Optimizing module output_mux.
Optimizing module output_holder.
Optimizing module $paramod\key_storage\KEY_WIDTH_BYTES=s32'00000000000000000000000000010000.
Optimizing module interface_fsm.
Optimizing module hash_generator.
Optimizing module encryption_block.
Optimizing module data_router.

14.6.9. Rerunning OPT passes. (Maybe there is more to do..)

14.6.10. Executing OPT_MUXTREE pass (detect dead branches in mux trees).
Running muxtree optimizer on module \reader..
  Creating internal representation of mux trees.
  Evaluating internal representation of mux trees.
  Analyzing evaluation results.
Running muxtree optimizer on module \top..
  Creating internal representation of mux trees.
  No muxes found in this module.
Running muxtree optimizer on module \output_mux..
  Creating internal representation of mux trees.
  Evaluating internal representation of mux trees.
  Analyzing evaluation results.
Running muxtree optimizer on module \output_holder..
  Creating internal representation of mux trees.
  Evaluating internal representation of mux trees.
  Analyzing evaluation results.
Running muxtree optimizer on module $paramod\key_storage\KEY_WIDTH_BYTES=s32'00000000000000000000000000010000..
  Creating internal representation of mux trees.
  Evaluating internal representation of mux trees.
  Analyzing evaluation results.
Running muxtree optimizer on module \interface_fsm..
  Creating internal representation of mux trees.
  Evaluating internal representation of mux trees.
  Analyzing evaluation results.
Running muxtree optimizer on module \hash_generator..
  Creating internal representation of mux trees.
  Evaluating internal representation of mux trees.
  Analyzing evaluation results.
Running muxtree optimizer on module \encryption_block..
  Creating internal representation of mux trees.
  Evaluating internal representation of mux trees.
  Analyzing evaluation results.
Running muxtree optimizer on module \data_router..
  Creating internal representation of mux trees.
  Evaluating internal representation of mux trees.
  Analyzing evaluation results.
Removed 0 multiplexer ports.
<suppressed ~102 debug messages>

14.6.11. Executing OPT_REDUCE pass (consolidate $*mux and $reduce_* inputs).
  Optimizing cells in module \reader.
  Optimizing cells in module \top.
  Optimizing cells in module \output_mux.
  Optimizing cells in module \output_holder.
  Optimizing cells in module $paramod\key_storage\KEY_WIDTH_BYTES=s32'00000000000000000000000000010000.
  Optimizing cells in module \interface_fsm.
  Optimizing cells in module \hash_generator.
  Optimizing cells in module \encryption_block.
  Optimizing cells in module \data_router.
Performed a total of 0 changes.

14.6.12. Executing OPT_MERGE pass (detect identical cells).
Finding identical cells in module `\reader'.
Computing hashes of 14 cells of `\reader'.
Finding duplicate cells in `\reader'.
Finding identical cells in module `\top'.
Computing hashes of 9 cells of `\top'.
Finding duplicate cells in `\top'.
Finding identical cells in module `\output_mux'.
Computing hashes of 3 cells of `\output_mux'.
Finding duplicate cells in `\output_mux'.
Finding identical cells in module `\output_holder'.
Computing hashes of 6 cells of `\output_holder'.
Finding duplicate cells in `\output_holder'.
Finding identical cells in module `$paramod\key_storage\KEY_WIDTH_BYTES=s32'00000000000000000000000000010000'.
Computing hashes of 15 cells of `$paramod\key_storage\KEY_WIDTH_BYTES=s32'00000000000000000000000000010000'.
Finding duplicate cells in `$paramod\key_storage\KEY_WIDTH_BYTES=s32'00000000000000000000000000010000'.
Finding identical cells in module `\interface_fsm'.
Computing hashes of 8 cells of `\interface_fsm'.
Finding duplicate cells in `\interface_fsm'.
Finding identical cells in module `\hash_generator'.
Computing hashes of 76 cells of `\hash_generator'.
Finding duplicate cells in `\hash_generator'.
Finding identical cells in module `\encryption_block'.
Computing hashes of 21 cells of `\encryption_block'.
Finding duplicate cells in `\encryption_block'.
Finding identical cells in module `\data_router'.
Computing hashes of 8 cells of `\data_router'.
Finding duplicate cells in `\data_router'.
Removed a total of 0 cells.

14.6.13. Executing OPT_DFF pass (perform DFF optimizations).

14.6.14. Executing OPT_CLEAN pass (remove unused cells and wires).
Finding unused cells or wires in module \reader..
Finding unused cells or wires in module \top..
Finding unused cells or wires in module \output_mux..
Finding unused cells or wires in module \output_holder..
Finding unused cells or wires in module $paramod\key_storage\KEY_WIDTH_BYTES=s32'00000000000000000000000000010000..
Finding unused cells or wires in module \interface_fsm..
Finding unused cells or wires in module \hash_generator..
Finding unused cells or wires in module \encryption_block..
Finding unused cells or wires in module \data_router..

14.6.15. Executing OPT_EXPR pass (perform const folding).
Optimizing module reader.
Optimizing module top.
Optimizing module output_mux.
Optimizing module output_holder.
Optimizing module $paramod\key_storage\KEY_WIDTH_BYTES=s32'00000000000000000000000000010000.
Optimizing module interface_fsm.
Optimizing module hash_generator.
Optimizing module encryption_block.
Optimizing module data_router.

14.6.16. Finished fast OPT passes. (There is nothing left to do.)

14.7. Executing FSM pass (extract and optimize FSM).

14.7.1. Executing FSM_DETECT pass (finding FSMs in design).
Not marking interface_fsm.current_interface_state as FSM state register:
    Register is connected to module port.
    Users of register don't seem to benefit from recoding.
Found FSM state register hash_generator.computed_hash_state.
Not marking hash_generator.generator_current_state as FSM state register:
    Register is connected to module port.
    Users of register don't seem to benefit from recoding.
Not marking encryption_block.state as FSM state register:
    Register is connected to module port.
    Users of register don't seem to benefit from recoding.

14.7.2. Executing FSM_EXTRACT pass (extracting FSM from design).
Extracting FSM `\computed_hash_state' from module `\hash_generator'.
  found $adff cell for state register: $procdff$548
  root of input selection tree: \next_computed_hash_state
  found reset state: 2'00 (from async reset)
  found ctrl input: \reset_hash
  found ctrl input: $eq$verilog/rtl/stream_cipher/hash_generator.sv:127$15_Y
  found ctrl input: $eq$verilog/rtl/stream_cipher/hash_generator.sv:283$35_Y
  found ctrl input: $procmux$309_CMP
  found ctrl input: $ge$verilog/rtl/stream_cipher/hash_generator.sv:256$33_Y
  found state code: 2'10
  found ctrl input: $ge$verilog/rtl/stream_cipher/hash_generator.sv:250$32_Y
  found state code: 2'01
  found ctrl input: $eq$verilog/rtl/stream_cipher/hash_generator.sv:203$22_Y
  found ctrl output: $eq$verilog/rtl/stream_cipher/hash_generator.sv:127$15_Y
  found ctrl output: $eq$verilog/rtl/stream_cipher/hash_generator.sv:283$35_Y
  found ctrl output: $procmux$309_CMP
  ctrl inputs: { $ge$verilog/rtl/stream_cipher/hash_generator.sv:256$33_Y $ge$verilog/rtl/stream_cipher/hash_generator.sv:250$32_Y $eq$verilog/rtl/stream_cipher/hash_generator.sv:203$22_Y \reset_hash }
  ctrl outputs: { $procmux$309_CMP $eq$verilog/rtl/stream_cipher/hash_generator.sv:283$35_Y $eq$verilog/rtl/stream_cipher/hash_generator.sv:127$15_Y \next_computed_hash_state }
  transition:       2'00 4'--00 ->       2'00 5'10000
  transition:       2'00 4'--10 ->       2'10 5'10010
  transition:       2'00 4'---1 ->       2'00 5'10000
  transition:       2'10 4'-0-0 ->       2'10 5'01010
  transition:       2'10 4'-1-0 ->       2'01 5'01001
  transition:       2'10 4'---1 ->       2'00 5'01000
  transition:       2'01 4'0--0 ->       2'01 5'00101
  transition:       2'01 4'1--0 ->       2'10 5'00110
  transition:       2'01 4'---1 ->       2'00 5'00100

14.7.3. Executing FSM_OPT pass (simple optimizations of FSMs).
Optimizing FSM `$fsm$\computed_hash_state$619' from module `\hash_generator'.

14.7.4. Executing OPT_CLEAN pass (remove unused cells and wires).
Finding unused cells or wires in module \reader..
Finding unused cells or wires in module \top..
Finding unused cells or wires in module \output_mux..
Finding unused cells or wires in module \output_holder..
Finding unused cells or wires in module $paramod\key_storage\KEY_WIDTH_BYTES=s32'00000000000000000000000000010000..
Finding unused cells or wires in module \interface_fsm..
Finding unused cells or wires in module \hash_generator..
Finding unused cells or wires in module \encryption_block..
Finding unused cells or wires in module \data_router..
Removed 9 unused cells and 9 unused wires.
<suppressed ~10 debug messages>

14.7.5. Executing FSM_OPT pass (simple optimizations of FSMs).
Optimizing FSM `$fsm$\computed_hash_state$619' from module `\hash_generator'.
  Removing unused output signal \next_computed_hash_state [0].
  Removing unused output signal \next_computed_hash_state [1].
  Removing unused output signal $procmux$309_CMP.

14.7.6. Executing FSM_RECODE pass (re-assigning FSM state encoding).
Recoding FSM `$fsm$\computed_hash_state$619' from module `\hash_generator' using `auto' encoding:
  mapping auto encoding to `one-hot` for this FSM.
  00 -> --1
  10 -> -1-
  01 -> 1--

14.7.7. Executing FSM_INFO pass (dumping all available information on FSM cells).

FSM `$fsm$\computed_hash_state$619' from module `hash_generator':
-------------------------------------

  Information on FSM $fsm$\computed_hash_state$619 (\computed_hash_state):

  Number of input signals:    4
  Number of output signals:   2
  Number of state bits:       3

  Input signals:
    0: \reset_hash
    1: $eq$verilog/rtl/stream_cipher/hash_generator.sv:203$22_Y
    2: $ge$verilog/rtl/stream_cipher/hash_generator.sv:250$32_Y
    3: $ge$verilog/rtl/stream_cipher/hash_generator.sv:256$33_Y

  Output signals:
    0: $eq$verilog/rtl/stream_cipher/hash_generator.sv:127$15_Y
    1: $eq$verilog/rtl/stream_cipher/hash_generator.sv:283$35_Y

  State encoding:
    0:      3'--1  <RESET STATE>
    1:      3'-1-
    2:      3'1--

  Transition Table (state_in, ctrl_in, state_out, ctrl_out):
      0:     0 4'--00   ->     0 2'00
      1:     0 4'---1   ->     0 2'00
      2:     0 4'--10   ->     1 2'00
      3:     1 4'---1   ->     0 2'10
      4:     1 4'-0-0   ->     1 2'10
      5:     1 4'-1-0   ->     2 2'10
      6:     2 4'---1   ->     0 2'01
      7:     2 4'1--0   ->     1 2'01
      8:     2 4'0--0   ->     2 2'01

-------------------------------------

14.7.8. Executing FSM_MAP pass (mapping FSMs to basic logic).
Mapping FSM `$fsm$\computed_hash_state$619' from module `\hash_generator'.

14.8. Executing OPT pass (performing simple optimizations).

14.8.1. Executing OPT_EXPR pass (perform const folding).
Optimizing module reader.
Optimizing module top.
Optimizing module output_mux.
Optimizing module output_holder.
Optimizing module $paramod\key_storage\KEY_WIDTH_BYTES=s32'00000000000000000000000000010000.
Optimizing module interface_fsm.
Optimizing module hash_generator.
<suppressed ~4 debug messages>
Optimizing module encryption_block.
Optimizing module data_router.

14.8.2. Executing OPT_MERGE pass (detect identical cells).
Finding identical cells in module `\reader'.
Computing hashes of 14 cells of `\reader'.
Finding duplicate cells in `\reader'.
Finding identical cells in module `\top'.
Computing hashes of 9 cells of `\top'.
Finding duplicate cells in `\top'.
Finding identical cells in module `\output_mux'.
Computing hashes of 3 cells of `\output_mux'.
Finding duplicate cells in `\output_mux'.
Finding identical cells in module `\output_holder'.
Computing hashes of 6 cells of `\output_holder'.
Finding duplicate cells in `\output_holder'.
Finding identical cells in module `$paramod\key_storage\KEY_WIDTH_BYTES=s32'00000000000000000000000000010000'.
Computing hashes of 15 cells of `$paramod\key_storage\KEY_WIDTH_BYTES=s32'00000000000000000000000000010000'.
Finding duplicate cells in `$paramod\key_storage\KEY_WIDTH_BYTES=s32'00000000000000000000000000010000'.
Finding identical cells in module `\interface_fsm'.
Computing hashes of 8 cells of `\interface_fsm'.
Finding duplicate cells in `\interface_fsm'.
Finding identical cells in module `\hash_generator'.
Computing hashes of 83 cells of `\hash_generator'.
Finding duplicate cells in `\hash_generator'.
Finding identical cells in module `\encryption_block'.
Computing hashes of 21 cells of `\encryption_block'.
Finding duplicate cells in `\encryption_block'.
Finding identical cells in module `\data_router'.
Computing hashes of 8 cells of `\data_router'.
Finding duplicate cells in `\data_router'.
Removed a total of 0 cells.

14.8.3. Executing OPT_MUXTREE pass (detect dead branches in mux trees).
Running muxtree optimizer on module \reader..
  Creating internal representation of mux trees.
  Evaluating internal representation of mux trees.
  Analyzing evaluation results.
Running muxtree optimizer on module \top..
  Creating internal representation of mux trees.
  No muxes found in this module.
Running muxtree optimizer on module \output_mux..
  Creating internal representation of mux trees.
  Evaluating internal representation of mux trees.
  Analyzing evaluation results.
Running muxtree optimizer on module \output_holder..
  Creating internal representation of mux trees.
  Evaluating internal representation of mux trees.
  Analyzing evaluation results.
Running muxtree optimizer on module $paramod\key_storage\KEY_WIDTH_BYTES=s32'00000000000000000000000000010000..
  Creating internal representation of mux trees.
  Evaluating internal representation of mux trees.
  Analyzing evaluation results.
Running muxtree optimizer on module \interface_fsm..
  Creating internal representation of mux trees.
  Evaluating internal representation of mux trees.
  Analyzing evaluation results.
Running muxtree optimizer on module \hash_generator..
  Creating internal representation of mux trees.
  Evaluating internal representation of mux trees.
  Analyzing evaluation results.
Running muxtree optimizer on module \encryption_block..
  Creating internal representation of mux trees.
  Evaluating internal representation of mux trees.
  Analyzing evaluation results.
Running muxtree optimizer on module \data_router..
  Creating internal representation of mux trees.
  Evaluating internal representation of mux trees.
  Analyzing evaluation results.
Removed 0 multiplexer ports.
<suppressed ~96 debug messages>

14.8.4. Executing OPT_REDUCE pass (consolidate $*mux and $reduce_* inputs).
  Optimizing cells in module \reader.
  Optimizing cells in module \top.
  Optimizing cells in module \output_mux.
  Optimizing cells in module \output_holder.
  Optimizing cells in module $paramod\key_storage\KEY_WIDTH_BYTES=s32'00000000000000000000000000010000.
  Optimizing cells in module \interface_fsm.
  Optimizing cells in module \hash_generator.
  Optimizing cells in module \encryption_block.
  Optimizing cells in module \data_router.
Performed a total of 0 changes.

14.8.5. Executing OPT_MERGE pass (detect identical cells).
Finding identical cells in module `\reader'.
Computing hashes of 14 cells of `\reader'.
Finding duplicate cells in `\reader'.
Finding identical cells in module `\top'.
Computing hashes of 9 cells of `\top'.
Finding duplicate cells in `\top'.
Finding identical cells in module `\output_mux'.
Computing hashes of 3 cells of `\output_mux'.
Finding duplicate cells in `\output_mux'.
Finding identical cells in module `\output_holder'.
Computing hashes of 6 cells of `\output_holder'.
Finding duplicate cells in `\output_holder'.
Finding identical cells in module `$paramod\key_storage\KEY_WIDTH_BYTES=s32'00000000000000000000000000010000'.
Computing hashes of 15 cells of `$paramod\key_storage\KEY_WIDTH_BYTES=s32'00000000000000000000000000010000'.
Finding duplicate cells in `$paramod\key_storage\KEY_WIDTH_BYTES=s32'00000000000000000000000000010000'.
Finding identical cells in module `\interface_fsm'.
Computing hashes of 8 cells of `\interface_fsm'.
Finding duplicate cells in `\interface_fsm'.
Finding identical cells in module `\hash_generator'.
Computing hashes of 83 cells of `\hash_generator'.
Finding duplicate cells in `\hash_generator'.
Finding identical cells in module `\encryption_block'.
Computing hashes of 21 cells of `\encryption_block'.
Finding duplicate cells in `\encryption_block'.
Finding identical cells in module `\data_router'.
Computing hashes of 8 cells of `\data_router'.
Finding duplicate cells in `\data_router'.
Removed a total of 0 cells.

14.8.6. Executing OPT_DFF pass (perform DFF optimizations).
Adding EN signal on $procdff$508 ($adff) from module reader (D = 1'1, Q = \reset_hash_pulse).
Adding EN signal on $procdff$523 ($adff) from module output_holder (D = \data_in, Q = \data_buffer).
Adding EN signal on $procdff$518 ($adff) from module output_holder (D = $0\output_holder_state[0:0], Q = \output_holder_state).
Adding EN signal on $procdff$528 ($adff) from module $paramod\key_storage\KEY_WIDTH_BYTES=s32'00000000000000000000000000010000 (D = $or$verilog/rtl/stream_cipher/key_storage.sv:42$123_Y, Q = \key_memory).
Adding EN signal on $procdff$533 ($adff) from module $paramod\key_storage\KEY_WIDTH_BYTES=s32'00000000000000000000000000010000 (D = $procmux$171_Y, Q = \key_byte_index).
Adding EN signal on $procdff$543 ($adff) from module interface_fsm (D = \next_interface_state, Q = \current_interface_state).
Adding EN signal on $procdff$568 ($adff) from module hash_generator (D = \next_iteration_count, Q = \iteration_count).
Adding EN signal on $procdff$593 ($adff) from module hash_generator (D = \next_served_hash, Q = \served_hash).
Adding EN signal on $procdff$553 ($adff) from module hash_generator (D = \next_v0, Q = \v0).
Adding EN signal on $procdff$598 ($adff) from module hash_generator (D = \next_hash_number, Q = \hash_number).
Adding EN signal on $procdff$588 ($adff) from module hash_generator (D = \next_hash_byte_out_index, Q = \hash_byte_out_index).
Adding EN signal on $procdff$558 ($adff) from module hash_generator (D = \next_v1, Q = \v1).
Adding EN signal on $procdff$583 ($adff) from module hash_generator (D = \generator_next_state, Q = \generator_current_state).
Adding EN signal on $procdff$573 ($adff) from module hash_generator (D = \next_hash_computations_count, Q = \hash_computations_count).
Adding EN signal on $procdff$563 ($adff) from module hash_generator (D = \next_sum, Q = \sum).
Adding EN signal on $procdff$608 ($adff) from module encryption_block (D = \byte_in, Q = \saved_byte_in).
Adding EN signal on $procdff$603 ($adff) from module encryption_block (D = \next_state, Q = \state).

14.8.7. Executing OPT_CLEAN pass (remove unused cells and wires).
Finding unused cells or wires in module \reader..
Finding unused cells or wires in module \top..
Finding unused cells or wires in module \output_mux..
Finding unused cells or wires in module \output_holder..
Finding unused cells or wires in module $paramod\key_storage\KEY_WIDTH_BYTES=s32'00000000000000000000000000010000..
Finding unused cells or wires in module \interface_fsm..
Finding unused cells or wires in module \hash_generator..
Finding unused cells or wires in module \encryption_block..
Finding unused cells or wires in module \data_router..
Removed 7 unused cells and 14 unused wires.
<suppressed ~14 debug messages>

14.8.8. Executing OPT_EXPR pass (perform const folding).
Optimizing module reader.
Optimizing module top.
Optimizing module output_mux.
Optimizing module output_holder.
<suppressed ~1 debug messages>
Optimizing module $paramod\key_storage\KEY_WIDTH_BYTES=s32'00000000000000000000000000010000.
Optimizing module interface_fsm.
Optimizing module hash_generator.
<suppressed ~9 debug messages>
Optimizing module encryption_block.
<suppressed ~1 debug messages>
Optimizing module data_router.

14.8.9. Rerunning OPT passes. (Maybe there is more to do..)

14.8.10. Executing OPT_MUXTREE pass (detect dead branches in mux trees).
Running muxtree optimizer on module \reader..
  Creating internal representation of mux trees.
  Evaluating internal representation of mux trees.
  Analyzing evaluation results.
Running muxtree optimizer on module \top..
  Creating internal representation of mux trees.
  No muxes found in this module.
Running muxtree optimizer on module \output_mux..
  Creating internal representation of mux trees.
  Evaluating internal representation of mux trees.
  Analyzing evaluation results.
Running muxtree optimizer on module \output_holder..
  Creating internal representation of mux trees.
  Evaluating internal representation of mux trees.
  Analyzing evaluation results.
Running muxtree optimizer on module $paramod\key_storage\KEY_WIDTH_BYTES=s32'00000000000000000000000000010000..
  Creating internal representation of mux trees.
  Evaluating internal representation of mux trees.
  Analyzing evaluation results.
Running muxtree optimizer on module \interface_fsm..
  Creating internal representation of mux trees.
  Evaluating internal representation of mux trees.
  Analyzing evaluation results.
Running muxtree optimizer on module \hash_generator..
  Creating internal representation of mux trees.
  Evaluating internal representation of mux trees.
  Analyzing evaluation results.
Running muxtree optimizer on module \encryption_block..
  Creating internal representation of mux trees.
  Evaluating internal representation of mux trees.
  Analyzing evaluation results.
Running muxtree optimizer on module \data_router..
  Creating internal representation of mux trees.
  Evaluating internal representation of mux trees.
  Analyzing evaluation results.
Removed 0 multiplexer ports.
<suppressed ~85 debug messages>

14.8.11. Executing OPT_REDUCE pass (consolidate $*mux and $reduce_* inputs).
  Optimizing cells in module \reader.
  Optimizing cells in module \top.
  Optimizing cells in module \output_mux.
  Optimizing cells in module \output_holder.
  Optimizing cells in module $paramod\key_storage\KEY_WIDTH_BYTES=s32'00000000000000000000000000010000.
  Optimizing cells in module \interface_fsm.
  Optimizing cells in module \hash_generator.
  Optimizing cells in module \encryption_block.
  Optimizing cells in module \data_router.
Performed a total of 0 changes.

14.8.12. Executing OPT_MERGE pass (detect identical cells).
Finding identical cells in module `\reader'.
Computing hashes of 13 cells of `\reader'.
Finding duplicate cells in `\reader'.
Finding identical cells in module `\top'.
Computing hashes of 9 cells of `\top'.
Finding duplicate cells in `\top'.
Finding identical cells in module `\output_mux'.
Computing hashes of 3 cells of `\output_mux'.
Finding duplicate cells in `\output_mux'.
Finding identical cells in module `\output_holder'.
Computing hashes of 6 cells of `\output_holder'.
Finding duplicate cells in `\output_holder'.
Finding identical cells in module `$paramod\key_storage\KEY_WIDTH_BYTES=s32'00000000000000000000000000010000'.
Computing hashes of 13 cells of `$paramod\key_storage\KEY_WIDTH_BYTES=s32'00000000000000000000000000010000'.
Finding duplicate cells in `$paramod\key_storage\KEY_WIDTH_BYTES=s32'00000000000000000000000000010000'.
Finding identical cells in module `\interface_fsm'.
Computing hashes of 12 cells of `\interface_fsm'.
Finding duplicate cells in `\interface_fsm'.
Finding identical cells in module `\hash_generator'.
Computing hashes of 101 cells of `\hash_generator'.
Finding duplicate cells in `\hash_generator'.
Computing hashes of 95 cells of `\hash_generator'.
Finding duplicate cells in `\hash_generator'.
<suppressed ~18 debug messages>
Finding identical cells in module `\encryption_block'.
Computing hashes of 25 cells of `\encryption_block'.
Finding duplicate cells in `\encryption_block'.
Finding identical cells in module `\data_router'.
Computing hashes of 8 cells of `\data_router'.
Finding duplicate cells in `\data_router'.
Removed a total of 6 cells.

14.8.13. Executing OPT_DFF pass (perform DFF optimizations).

14.8.14. Executing OPT_CLEAN pass (remove unused cells and wires).
Finding unused cells or wires in module \reader..
Finding unused cells or wires in module \top..
Finding unused cells or wires in module \output_mux..
Finding unused cells or wires in module \output_holder..
Finding unused cells or wires in module $paramod\key_storage\KEY_WIDTH_BYTES=s32'00000000000000000000000000010000..
Finding unused cells or wires in module \interface_fsm..
Finding unused cells or wires in module \hash_generator..
Finding unused cells or wires in module \encryption_block..
Finding unused cells or wires in module \data_router..
Removed 0 unused cells and 6 unused wires.
<suppressed ~1 debug messages>

14.8.15. Executing OPT_EXPR pass (perform const folding).
Optimizing module reader.
Optimizing module top.
Optimizing module output_mux.
Optimizing module output_holder.
Optimizing module $paramod\key_storage\KEY_WIDTH_BYTES=s32'00000000000000000000000000010000.
Optimizing module interface_fsm.
Optimizing module hash_generator.
Optimizing module encryption_block.
Optimizing module data_router.

14.8.16. Rerunning OPT passes. (Maybe there is more to do..)

14.8.17. Executing OPT_MUXTREE pass (detect dead branches in mux trees).
Running muxtree optimizer on module \reader..
  Creating internal representation of mux trees.
  Evaluating internal representation of mux trees.
  Analyzing evaluation results.
Running muxtree optimizer on module \top..
  Creating internal representation of mux trees.
  No muxes found in this module.
Running muxtree optimizer on module \output_mux..
  Creating internal representation of mux trees.
  Evaluating internal representation of mux trees.
  Analyzing evaluation results.
Running muxtree optimizer on module \output_holder..
  Creating internal representation of mux trees.
  Evaluating internal representation of mux trees.
  Analyzing evaluation results.
Running muxtree optimizer on module $paramod\key_storage\KEY_WIDTH_BYTES=s32'00000000000000000000000000010000..
  Creating internal representation of mux trees.
  Evaluating internal representation of mux trees.
  Analyzing evaluation results.
Running muxtree optimizer on module \interface_fsm..
  Creating internal representation of mux trees.
  Evaluating internal representation of mux trees.
  Analyzing evaluation results.
Running muxtree optimizer on module \hash_generator..
  Creating internal representation of mux trees.
  Evaluating internal representation of mux trees.
  Analyzing evaluation results.
Running muxtree optimizer on module \encryption_block..
  Creating internal representation of mux trees.
  Evaluating internal representation of mux trees.
  Analyzing evaluation results.
Running muxtree optimizer on module \data_router..
  Creating internal representation of mux trees.
  Evaluating internal representation of mux trees.
  Analyzing evaluation results.
Removed 0 multiplexer ports.
<suppressed ~85 debug messages>

14.8.18. Executing OPT_REDUCE pass (consolidate $*mux and $reduce_* inputs).
  Optimizing cells in module \reader.
  Optimizing cells in module \top.
  Optimizing cells in module \output_mux.
  Optimizing cells in module \output_holder.
  Optimizing cells in module $paramod\key_storage\KEY_WIDTH_BYTES=s32'00000000000000000000000000010000.
  Optimizing cells in module \interface_fsm.
  Optimizing cells in module \hash_generator.
  Optimizing cells in module \encryption_block.
  Optimizing cells in module \data_router.
Performed a total of 0 changes.

14.8.19. Executing OPT_MERGE pass (detect identical cells).
Finding identical cells in module `\reader'.
Computing hashes of 13 cells of `\reader'.
Finding duplicate cells in `\reader'.
Finding identical cells in module `\top'.
Computing hashes of 9 cells of `\top'.
Finding duplicate cells in `\top'.
Finding identical cells in module `\output_mux'.
Computing hashes of 3 cells of `\output_mux'.
Finding duplicate cells in `\output_mux'.
Finding identical cells in module `\output_holder'.
Computing hashes of 6 cells of `\output_holder'.
Finding duplicate cells in `\output_holder'.
Finding identical cells in module `$paramod\key_storage\KEY_WIDTH_BYTES=s32'00000000000000000000000000010000'.
Computing hashes of 13 cells of `$paramod\key_storage\KEY_WIDTH_BYTES=s32'00000000000000000000000000010000'.
Finding duplicate cells in `$paramod\key_storage\KEY_WIDTH_BYTES=s32'00000000000000000000000000010000'.
Finding identical cells in module `\interface_fsm'.
Computing hashes of 12 cells of `\interface_fsm'.
Finding duplicate cells in `\interface_fsm'.
Finding identical cells in module `\hash_generator'.
Computing hashes of 95 cells of `\hash_generator'.
Finding duplicate cells in `\hash_generator'.
Finding identical cells in module `\encryption_block'.
Computing hashes of 25 cells of `\encryption_block'.
Finding duplicate cells in `\encryption_block'.
Finding identical cells in module `\data_router'.
Computing hashes of 8 cells of `\data_router'.
Finding duplicate cells in `\data_router'.
Removed a total of 0 cells.

14.8.20. Executing OPT_DFF pass (perform DFF optimizations).

14.8.21. Executing OPT_CLEAN pass (remove unused cells and wires).
Finding unused cells or wires in module \reader..
Finding unused cells or wires in module \top..
Finding unused cells or wires in module \output_mux..
Finding unused cells or wires in module \output_holder..
Finding unused cells or wires in module $paramod\key_storage\KEY_WIDTH_BYTES=s32'00000000000000000000000000010000..
Finding unused cells or wires in module \interface_fsm..
Finding unused cells or wires in module \hash_generator..
Finding unused cells or wires in module \encryption_block..
Finding unused cells or wires in module \data_router..

14.8.22. Executing OPT_EXPR pass (perform const folding).
Optimizing module reader.
Optimizing module top.
Optimizing module output_mux.
Optimizing module output_holder.
Optimizing module $paramod\key_storage\KEY_WIDTH_BYTES=s32'00000000000000000000000000010000.
Optimizing module interface_fsm.
Optimizing module hash_generator.
Optimizing module encryption_block.
Optimizing module data_router.

14.8.23. Finished fast OPT passes. (There is nothing left to do.)

14.9. Executing WREDUCE pass (reducing word size of cells).
Removed top 25 bits (of 33) from port A of cell $paramod\key_storage\KEY_WIDTH_BYTES=s32'00000000000000000000000000010000.$neg$verilog/rtl/stream_cipher/key_storage.sv:42$121 ($neg).
Converting cell $paramod\key_storage\KEY_WIDTH_BYTES=s32'00000000000000000000000000010000.$neg$verilog/rtl/stream_cipher/key_storage.sv:42$121 ($neg) from signed to unsigned.
Removed top 1 bits (of 8) from port A of cell $paramod\key_storage\KEY_WIDTH_BYTES=s32'00000000000000000000000000010000.$neg$verilog/rtl/stream_cipher/key_storage.sv:42$121 ($neg).
Removed top 31 bits (of 32) from port B of cell $paramod\key_storage\KEY_WIDTH_BYTES=s32'00000000000000000000000000010000.$add$verilog/rtl/stream_cipher/key_storage.sv:48$125 ($add).
Removed top 28 bits (of 32) from port Y of cell $paramod\key_storage\KEY_WIDTH_BYTES=s32'00000000000000000000000000010000.$add$verilog/rtl/stream_cipher/key_storage.sv:48$125 ($add).
Removed top 28 bits (of 32) from wire $paramod\key_storage\KEY_WIDTH_BYTES=s32'00000000000000000000000000010000.$add$verilog/rtl/stream_cipher/key_storage.sv:48$125_Y.
Removed top 1 bits (of 2) from port B of cell interface_fsm.$procmux$199_CMP0 ($eq).
Removed top 24 bits (of 32) from port B of cell hash_generator.$shiftx$verilog/rtl/stream_cipher/hash_generator.sv:61$11 ($shiftx).
Removed top 29 bits (of 32) from port B of cell hash_generator.$lt$verilog/rtl/stream_cipher/hash_generator.sv:143$16 ($lt).
Removed top 31 bits (of 32) from port B of cell hash_generator.$add$verilog/rtl/stream_cipher/hash_generator.sv:180$19 ($add).
Removed top 28 bits (of 32) from port Y of cell hash_generator.$add$verilog/rtl/stream_cipher/hash_generator.sv:180$19 ($add).
Removed top 31 bits (of 32) from port B of cell hash_generator.$add$verilog/rtl/stream_cipher/hash_generator.sv:206$27 ($add).
Removed top 24 bits (of 32) from port B of cell hash_generator.$ge$verilog/rtl/stream_cipher/hash_generator.sv:250$32 ($ge).
Removed top 5 bits (of 32) from port B of cell hash_generator.$xor$verilog/rtl/stream_cipher/hash_generator.sv:302$41 ($xor).
Removed top 24 bits (of 32) from port B of cell hash_generator.$shiftx$verilog/rtl/stream_cipher/hash_generator.sv:302$46 ($shiftx).
Removed top 5 bits (of 32) from port B of cell hash_generator.$xor$verilog/rtl/stream_cipher/hash_generator.sv:309$53 ($xor).
Removed top 24 bits (of 32) from port B of cell hash_generator.$shiftx$verilog/rtl/stream_cipher/hash_generator.sv:310$59 ($shiftx).
Removed top 24 bits (of 32) from port B of cell hash_generator.$lt$verilog/rtl/stream_cipher/hash_generator.sv:332$64 ($lt).
Removed top 31 bits (of 32) from port B of cell hash_generator.$add$verilog/rtl/stream_cipher/hash_generator.sv:333$65 ($add).
Removed top 23 bits (of 32) from port Y of cell hash_generator.$add$verilog/rtl/stream_cipher/hash_generator.sv:333$65 ($add).
Removed top 31 bits (of 32) from port B of cell hash_generator.$add$verilog/rtl/stream_cipher/hash_generator.sv:337$66 ($add).
Removed top 1 bits (of 3) from port B of cell hash_generator.$procmux$340_CMP0 ($eq).
Removed top 1 bits (of 3) from port B of cell hash_generator.$procmux$369_CMP0 ($eq).
Removed top 2 bits (of 3) from port B of cell hash_generator.$procmux$379_CMP0 ($eq).
Removed top 23 bits (of 32) from wire hash_generator.$add$verilog/rtl/stream_cipher/hash_generator.sv:333$65_Y.
Removed top 28 bits (of 32) from wire hash_generator.$add$verilog/rtl/stream_cipher/hash_generator.sv:180$19_Y.
Removed top 1 bits (of 3) from port B of cell encryption_block.$eq$verilog/rtl/stream_cipher/encryption_block.sv:83$7 ($eq).
Removed top 1 bits (of 2) from port B of cell encryption_block.$procmux$457_CMP0 ($eq).

14.10. Executing PEEPOPT pass (run peephole optimizers).

14.11. Executing OPT_CLEAN pass (remove unused cells and wires).
Finding unused cells or wires in module \reader..
Finding unused cells or wires in module \top..
Finding unused cells or wires in module \output_mux..
Finding unused cells or wires in module \output_holder..
Finding unused cells or wires in module $paramod\key_storage\KEY_WIDTH_BYTES=s32'00000000000000000000000000010000..
Finding unused cells or wires in module \interface_fsm..
Finding unused cells or wires in module \hash_generator..
Finding unused cells or wires in module \encryption_block..
Finding unused cells or wires in module \data_router..
Removed 0 unused cells and 3 unused wires.
<suppressed ~2 debug messages>

14.12. Executing ALUMACC pass (create $alu and $macc cells).
Extracting $alu and $macc cells in module reader:
  created 0 $alu and 0 $macc cells.
Extracting $alu and $macc cells in module top:
  created 0 $alu and 0 $macc cells.
Extracting $alu and $macc cells in module output_mux:
  created 0 $alu and 0 $macc cells.
Extracting $alu and $macc cells in module output_holder:
  created 0 $alu and 0 $macc cells.
Extracting $alu and $macc cells in module $paramod\key_storage\KEY_WIDTH_BYTES=s32'00000000000000000000000000010000:
  creating $macc model for $add$verilog/rtl/stream_cipher/key_storage.sv:48$125 ($add).
  creating $macc model for $neg$verilog/rtl/stream_cipher/key_storage.sv:42$121 ($neg).
  creating $alu model for $macc $neg$verilog/rtl/stream_cipher/key_storage.sv:42$121.
  creating $alu model for $macc $add$verilog/rtl/stream_cipher/key_storage.sv:48$125.
  creating $alu cell for $add$verilog/rtl/stream_cipher/key_storage.sv:48$125: $auto$alumacc.cc:512:replace_alu$737
  creating $alu cell for $neg$verilog/rtl/stream_cipher/key_storage.sv:42$121: $auto$alumacc.cc:512:replace_alu$740
  created 2 $alu and 0 $macc cells.
Extracting $alu and $macc cells in module interface_fsm:
  created 0 $alu and 0 $macc cells.
Extracting $alu and $macc cells in module hash_generator:
  creating $macc model for $add$verilog/rtl/stream_cipher/hash_generator.sv:337$66 ($add).
  creating $macc model for $add$verilog/rtl/stream_cipher/hash_generator.sv:333$65 ($add).
  creating $macc model for $add$verilog/rtl/stream_cipher/hash_generator.sv:308$62 ($add).
  creating $macc model for $add$verilog/rtl/stream_cipher/hash_generator.sv:310$60 ($add).
  creating $macc model for $add$verilog/rtl/stream_cipher/hash_generator.sv:309$54 ($add).
  creating $macc model for $add$verilog/rtl/stream_cipher/hash_generator.sv:305$50 ($add).
  creating $macc model for $add$verilog/rtl/stream_cipher/hash_generator.sv:302$49 ($add).
  creating $macc model for $add$verilog/rtl/stream_cipher/hash_generator.sv:302$47 ($add).
  creating $macc model for $add$verilog/rtl/stream_cipher/hash_generator.sv:302$42 ($add).
  creating $macc model for $add$verilog/rtl/stream_cipher/hash_generator.sv:206$27 ($add).
  creating $macc model for $add$verilog/rtl/stream_cipher/hash_generator.sv:180$19 ($add).
  creating $alu model for $macc $add$verilog/rtl/stream_cipher/hash_generator.sv:180$19.
  creating $alu model for $macc $add$verilog/rtl/stream_cipher/hash_generator.sv:206$27.
  creating $alu model for $macc $add$verilog/rtl/stream_cipher/hash_generator.sv:302$42.
  creating $alu model for $macc $add$verilog/rtl/stream_cipher/hash_generator.sv:302$47.
  creating $alu model for $macc $add$verilog/rtl/stream_cipher/hash_generator.sv:302$49.
  creating $alu model for $macc $add$verilog/rtl/stream_cipher/hash_generator.sv:305$50.
  creating $alu model for $macc $add$verilog/rtl/stream_cipher/hash_generator.sv:309$54.
  creating $alu model for $macc $add$verilog/rtl/stream_cipher/hash_generator.sv:310$60.
  creating $alu model for $macc $add$verilog/rtl/stream_cipher/hash_generator.sv:308$62.
  creating $alu model for $macc $add$verilog/rtl/stream_cipher/hash_generator.sv:333$65.
  creating $alu model for $macc $add$verilog/rtl/stream_cipher/hash_generator.sv:337$66.
  creating $alu model for $lt$verilog/rtl/stream_cipher/hash_generator.sv:332$64 ($lt): new $alu
  creating $alu model for $ge$verilog/rtl/stream_cipher/hash_generator.sv:256$33 ($ge): new $alu
  creating $alu model for $ge$verilog/rtl/stream_cipher/hash_generator.sv:250$32 ($ge): merged with $lt$verilog/rtl/stream_cipher/hash_generator.sv:332$64.
  creating $alu model for $lt$verilog/rtl/stream_cipher/hash_generator.sv:143$16 ($lt): new $alu
  creating $alu cell for $lt$verilog/rtl/stream_cipher/hash_generator.sv:143$16: $auto$alumacc.cc:512:replace_alu$746
  creating $alu cell for $ge$verilog/rtl/stream_cipher/hash_generator.sv:256$33: $auto$alumacc.cc:512:replace_alu$751
  creating $alu cell for $lt$verilog/rtl/stream_cipher/hash_generator.sv:332$64, $ge$verilog/rtl/stream_cipher/hash_generator.sv:250$32: $auto$alumacc.cc:512:replace_alu$764
  creating $alu cell for $add$verilog/rtl/stream_cipher/hash_generator.sv:337$66: $auto$alumacc.cc:512:replace_alu$777
  creating $alu cell for $add$verilog/rtl/stream_cipher/hash_generator.sv:333$65: $auto$alumacc.cc:512:replace_alu$780
  creating $alu cell for $add$verilog/rtl/stream_cipher/hash_generator.sv:308$62: $auto$alumacc.cc:512:replace_alu$783
  creating $alu cell for $add$verilog/rtl/stream_cipher/hash_generator.sv:310$60: $auto$alumacc.cc:512:replace_alu$786
  creating $alu cell for $add$verilog/rtl/stream_cipher/hash_generator.sv:309$54: $auto$alumacc.cc:512:replace_alu$789
  creating $alu cell for $add$verilog/rtl/stream_cipher/hash_generator.sv:305$50: $auto$alumacc.cc:512:replace_alu$792
  creating $alu cell for $add$verilog/rtl/stream_cipher/hash_generator.sv:302$49: $auto$alumacc.cc:512:replace_alu$795
  creating $alu cell for $add$verilog/rtl/stream_cipher/hash_generator.sv:302$47: $auto$alumacc.cc:512:replace_alu$798
  creating $alu cell for $add$verilog/rtl/stream_cipher/hash_generator.sv:302$42: $auto$alumacc.cc:512:replace_alu$801
  creating $alu cell for $add$verilog/rtl/stream_cipher/hash_generator.sv:206$27: $auto$alumacc.cc:512:replace_alu$804
  creating $alu cell for $add$verilog/rtl/stream_cipher/hash_generator.sv:180$19: $auto$alumacc.cc:512:replace_alu$807
  created 14 $alu and 0 $macc cells.
Extracting $alu and $macc cells in module encryption_block:
  created 0 $alu and 0 $macc cells.
Extracting $alu and $macc cells in module data_router:
  created 0 $alu and 0 $macc cells.

14.13. Executing SHARE pass (SAT-based resource sharing).

14.14. Executing OPT pass (performing simple optimizations).

14.14.1. Executing OPT_EXPR pass (perform const folding).
Optimizing module reader.
Optimizing module top.
Optimizing module output_mux.
Optimizing module output_holder.
Optimizing module $paramod\key_storage\KEY_WIDTH_BYTES=s32'00000000000000000000000000010000.
Optimizing module interface_fsm.
Optimizing module hash_generator.
<suppressed ~3 debug messages>
Optimizing module encryption_block.
Optimizing module data_router.

14.14.2. Executing OPT_MERGE pass (detect identical cells).
Finding identical cells in module `\reader'.
Computing hashes of 13 cells of `\reader'.
Finding duplicate cells in `\reader'.
Finding identical cells in module `\top'.
Computing hashes of 9 cells of `\top'.
Finding duplicate cells in `\top'.
Finding identical cells in module `\output_mux'.
Computing hashes of 3 cells of `\output_mux'.
Finding duplicate cells in `\output_mux'.
Finding identical cells in module `\output_holder'.
Computing hashes of 6 cells of `\output_holder'.
Finding duplicate cells in `\output_holder'.
Finding identical cells in module `$paramod\key_storage\KEY_WIDTH_BYTES=s32'00000000000000000000000000010000'.
Computing hashes of 13 cells of `$paramod\key_storage\KEY_WIDTH_BYTES=s32'00000000000000000000000000010000'.
Finding duplicate cells in `$paramod\key_storage\KEY_WIDTH_BYTES=s32'00000000000000000000000000010000'.
Finding identical cells in module `\interface_fsm'.
Computing hashes of 12 cells of `\interface_fsm'.
Finding duplicate cells in `\interface_fsm'.
Finding identical cells in module `\hash_generator'.
Computing hashes of 105 cells of `\hash_generator'.
Finding duplicate cells in `\hash_generator'.
Finding identical cells in module `\encryption_block'.
Computing hashes of 25 cells of `\encryption_block'.
Finding duplicate cells in `\encryption_block'.
Finding identical cells in module `\data_router'.
Computing hashes of 8 cells of `\data_router'.
Finding duplicate cells in `\data_router'.
Removed a total of 0 cells.

14.14.3. Executing OPT_MUXTREE pass (detect dead branches in mux trees).
Running muxtree optimizer on module \reader..
  Creating internal representation of mux trees.
  Evaluating internal representation of mux trees.
  Analyzing evaluation results.
Running muxtree optimizer on module \top..
  Creating internal representation of mux trees.
  No muxes found in this module.
Running muxtree optimizer on module \output_mux..
  Creating internal representation of mux trees.
  Evaluating internal representation of mux trees.
  Analyzing evaluation results.
Running muxtree optimizer on module \output_holder..
  Creating internal representation of mux trees.
  Evaluating internal representation of mux trees.
  Analyzing evaluation results.
Running muxtree optimizer on module $paramod\key_storage\KEY_WIDTH_BYTES=s32'00000000000000000000000000010000..
  Creating internal representation of mux trees.
  Evaluating internal representation of mux trees.
  Analyzing evaluation results.
Running muxtree optimizer on module \interface_fsm..
  Creating internal representation of mux trees.
  Evaluating internal representation of mux trees.
  Analyzing evaluation results.
Running muxtree optimizer on module \hash_generator..
  Creating internal representation of mux trees.
  Evaluating internal representation of mux trees.
  Analyzing evaluation results.
Running muxtree optimizer on module \encryption_block..
  Creating internal representation of mux trees.
  Evaluating internal representation of mux trees.
  Analyzing evaluation results.
Running muxtree optimizer on module \data_router..
  Creating internal representation of mux trees.
  Evaluating internal representation of mux trees.
  Analyzing evaluation results.
Removed 0 multiplexer ports.
<suppressed ~85 debug messages>

14.14.4. Executing OPT_REDUCE pass (consolidate $*mux and $reduce_* inputs).
  Optimizing cells in module \reader.
  Optimizing cells in module \top.
  Optimizing cells in module \output_mux.
  Optimizing cells in module \output_holder.
  Optimizing cells in module $paramod\key_storage\KEY_WIDTH_BYTES=s32'00000000000000000000000000010000.
  Optimizing cells in module \interface_fsm.
  Optimizing cells in module \hash_generator.
  Optimizing cells in module \encryption_block.
  Optimizing cells in module \data_router.
Performed a total of 0 changes.

14.14.5. Executing OPT_MERGE pass (detect identical cells).
Finding identical cells in module `\reader'.
Computing hashes of 13 cells of `\reader'.
Finding duplicate cells in `\reader'.
Finding identical cells in module `\top'.
Computing hashes of 9 cells of `\top'.
Finding duplicate cells in `\top'.
Finding identical cells in module `\output_mux'.
Computing hashes of 3 cells of `\output_mux'.
Finding duplicate cells in `\output_mux'.
Finding identical cells in module `\output_holder'.
Computing hashes of 6 cells of `\output_holder'.
Finding duplicate cells in `\output_holder'.
Finding identical cells in module `$paramod\key_storage\KEY_WIDTH_BYTES=s32'00000000000000000000000000010000'.
Computing hashes of 13 cells of `$paramod\key_storage\KEY_WIDTH_BYTES=s32'00000000000000000000000000010000'.
Finding duplicate cells in `$paramod\key_storage\KEY_WIDTH_BYTES=s32'00000000000000000000000000010000'.
Finding identical cells in module `\interface_fsm'.
Computing hashes of 12 cells of `\interface_fsm'.
Finding duplicate cells in `\interface_fsm'.
Finding identical cells in module `\hash_generator'.
Computing hashes of 105 cells of `\hash_generator'.
Finding duplicate cells in `\hash_generator'.
Finding identical cells in module `\encryption_block'.
Computing hashes of 25 cells of `\encryption_block'.
Finding duplicate cells in `\encryption_block'.
Finding identical cells in module `\data_router'.
Computing hashes of 8 cells of `\data_router'.
Finding duplicate cells in `\data_router'.
Removed a total of 0 cells.

14.14.6. Executing OPT_DFF pass (perform DFF optimizations).

14.14.7. Executing OPT_CLEAN pass (remove unused cells and wires).
Finding unused cells or wires in module \reader..
Finding unused cells or wires in module \top..
Finding unused cells or wires in module \output_mux..
Finding unused cells or wires in module \output_holder..
Finding unused cells or wires in module $paramod\key_storage\KEY_WIDTH_BYTES=s32'00000000000000000000000000010000..
Finding unused cells or wires in module \interface_fsm..
Finding unused cells or wires in module \hash_generator..
Finding unused cells or wires in module \encryption_block..
Finding unused cells or wires in module \data_router..
Removed 1 unused cells and 5 unused wires.
<suppressed ~2 debug messages>

14.14.8. Executing OPT_EXPR pass (perform const folding).
Optimizing module reader.
Optimizing module top.
Optimizing module output_mux.
Optimizing module output_holder.
Optimizing module $paramod\key_storage\KEY_WIDTH_BYTES=s32'00000000000000000000000000010000.
Optimizing module interface_fsm.
Optimizing module hash_generator.
Optimizing module encryption_block.
Optimizing module data_router.

14.14.9. Rerunning OPT passes. (Maybe there is more to do..)

14.14.10. Executing OPT_MUXTREE pass (detect dead branches in mux trees).
Running muxtree optimizer on module \reader..
  Creating internal representation of mux trees.
  Evaluating internal representation of mux trees.
  Analyzing evaluation results.
Running muxtree optimizer on module \top..
  Creating internal representation of mux trees.
  No muxes found in this module.
Running muxtree optimizer on module \output_mux..
  Creating internal representation of mux trees.
  Evaluating internal representation of mux trees.
  Analyzing evaluation results.
Running muxtree optimizer on module \output_holder..
  Creating internal representation of mux trees.
  Evaluating internal representation of mux trees.
  Analyzing evaluation results.
Running muxtree optimizer on module $paramod\key_storage\KEY_WIDTH_BYTES=s32'00000000000000000000000000010000..
  Creating internal representation of mux trees.
  Evaluating internal representation of mux trees.
  Analyzing evaluation results.
Running muxtree optimizer on module \interface_fsm..
  Creating internal representation of mux trees.
  Evaluating internal representation of mux trees.
  Analyzing evaluation results.
Running muxtree optimizer on module \hash_generator..
  Creating internal representation of mux trees.
  Evaluating internal representation of mux trees.
  Analyzing evaluation results.
Running muxtree optimizer on module \encryption_block..
  Creating internal representation of mux trees.
  Evaluating internal representation of mux trees.
  Analyzing evaluation results.
Running muxtree optimizer on module \data_router..
  Creating internal representation of mux trees.
  Evaluating internal representation of mux trees.
  Analyzing evaluation results.
Removed 0 multiplexer ports.
<suppressed ~85 debug messages>

14.14.11. Executing OPT_REDUCE pass (consolidate $*mux and $reduce_* inputs).
  Optimizing cells in module \reader.
  Optimizing cells in module \top.
  Optimizing cells in module \output_mux.
  Optimizing cells in module \output_holder.
  Optimizing cells in module $paramod\key_storage\KEY_WIDTH_BYTES=s32'00000000000000000000000000010000.
  Optimizing cells in module \interface_fsm.
  Optimizing cells in module \hash_generator.
  Optimizing cells in module \encryption_block.
  Optimizing cells in module \data_router.
Performed a total of 0 changes.

14.14.12. Executing OPT_MERGE pass (detect identical cells).
Finding identical cells in module `\reader'.
Computing hashes of 13 cells of `\reader'.
Finding duplicate cells in `\reader'.
Finding identical cells in module `\top'.
Computing hashes of 9 cells of `\top'.
Finding duplicate cells in `\top'.
Finding identical cells in module `\output_mux'.
Computing hashes of 3 cells of `\output_mux'.
Finding duplicate cells in `\output_mux'.
Finding identical cells in module `\output_holder'.
Computing hashes of 6 cells of `\output_holder'.
Finding duplicate cells in `\output_holder'.
Finding identical cells in module `$paramod\key_storage\KEY_WIDTH_BYTES=s32'00000000000000000000000000010000'.
Computing hashes of 13 cells of `$paramod\key_storage\KEY_WIDTH_BYTES=s32'00000000000000000000000000010000'.
Finding duplicate cells in `$paramod\key_storage\KEY_WIDTH_BYTES=s32'00000000000000000000000000010000'.
Finding identical cells in module `\interface_fsm'.
Computing hashes of 12 cells of `\interface_fsm'.
Finding duplicate cells in `\interface_fsm'.
Finding identical cells in module `\hash_generator'.
Computing hashes of 104 cells of `\hash_generator'.
Finding duplicate cells in `\hash_generator'.
Finding identical cells in module `\encryption_block'.
Computing hashes of 25 cells of `\encryption_block'.
Finding duplicate cells in `\encryption_block'.
Finding identical cells in module `\data_router'.
Computing hashes of 8 cells of `\data_router'.
Finding duplicate cells in `\data_router'.
Removed a total of 0 cells.

14.14.13. Executing OPT_DFF pass (perform DFF optimizations).

14.14.14. Executing OPT_CLEAN pass (remove unused cells and wires).
Finding unused cells or wires in module \reader..
Finding unused cells or wires in module \top..
Finding unused cells or wires in module \output_mux..
Finding unused cells or wires in module \output_holder..
Finding unused cells or wires in module $paramod\key_storage\KEY_WIDTH_BYTES=s32'00000000000000000000000000010000..
Finding unused cells or wires in module \interface_fsm..
Finding unused cells or wires in module \hash_generator..
Finding unused cells or wires in module \encryption_block..
Finding unused cells or wires in module \data_router..

14.14.15. Executing OPT_EXPR pass (perform const folding).
Optimizing module reader.
Optimizing module top.
Optimizing module output_mux.
Optimizing module output_holder.
Optimizing module $paramod\key_storage\KEY_WIDTH_BYTES=s32'00000000000000000000000000010000.
Optimizing module interface_fsm.
Optimizing module hash_generator.
Optimizing module encryption_block.
Optimizing module data_router.

14.14.16. Finished fast OPT passes. (There is nothing left to do.)

14.15. Executing MEMORY pass.

14.15.1. Executing OPT_MEM pass (optimize memories).
Performed a total of 0 transformations.

14.15.2. Executing OPT_MEM_PRIORITY pass (removing unnecessary memory write priority relations).
Performed a total of 0 transformations.

14.15.3. Executing OPT_MEM_FEEDBACK pass (finding memory read-to-write feedback paths).

14.15.4. Executing MEMORY_BMUX2ROM pass (converting muxes to ROMs).

14.15.5. Executing MEMORY_DFF pass (merging $dff cells to $memrd).

14.15.6. Executing OPT_CLEAN pass (remove unused cells and wires).
Finding unused cells or wires in module \reader..
Finding unused cells or wires in module \top..
Finding unused cells or wires in module \output_mux..
Finding unused cells or wires in module \output_holder..
Finding unused cells or wires in module $paramod\key_storage\KEY_WIDTH_BYTES=s32'00000000000000000000000000010000..
Finding unused cells or wires in module \interface_fsm..
Finding unused cells or wires in module \hash_generator..
Finding unused cells or wires in module \encryption_block..
Finding unused cells or wires in module \data_router..

14.15.7. Executing MEMORY_SHARE pass (consolidating $memrd/$memwr cells).

14.15.8. Executing OPT_MEM_WIDEN pass (optimize memories where all ports are wide).
Performed a total of 0 transformations.

14.15.9. Executing OPT_CLEAN pass (remove unused cells and wires).
Finding unused cells or wires in module \reader..
Finding unused cells or wires in module \top..
Finding unused cells or wires in module \output_mux..
Finding unused cells or wires in module \output_holder..
Finding unused cells or wires in module $paramod\key_storage\KEY_WIDTH_BYTES=s32'00000000000000000000000000010000..
Finding unused cells or wires in module \interface_fsm..
Finding unused cells or wires in module \hash_generator..
Finding unused cells or wires in module \encryption_block..
Finding unused cells or wires in module \data_router..

14.15.10. Executing MEMORY_COLLECT pass (generating $mem cells).

14.16. Executing OPT_CLEAN pass (remove unused cells and wires).
Finding unused cells or wires in module \reader..
Finding unused cells or wires in module \top..
Finding unused cells or wires in module \output_mux..
Finding unused cells or wires in module \output_holder..
Finding unused cells or wires in module $paramod\key_storage\KEY_WIDTH_BYTES=s32'00000000000000000000000000010000..
Finding unused cells or wires in module \interface_fsm..
Finding unused cells or wires in module \hash_generator..
Finding unused cells or wires in module \encryption_block..
Finding unused cells or wires in module \data_router..

14.17. Executing OPT pass (performing simple optimizations).

14.17.1. Executing OPT_EXPR pass (perform const folding).
Optimizing module reader.
<suppressed ~3 debug messages>
Optimizing module top.
Optimizing module output_mux.
<suppressed ~2 debug messages>
Optimizing module output_holder.
<suppressed ~3 debug messages>
Optimizing module $paramod\key_storage\KEY_WIDTH_BYTES=s32'00000000000000000000000000010000.
<suppressed ~1 debug messages>
Optimizing module interface_fsm.
<suppressed ~4 debug messages>
Optimizing module hash_generator.
<suppressed ~27 debug messages>
Optimizing module encryption_block.
<suppressed ~8 debug messages>
Optimizing module data_router.
<suppressed ~4 debug messages>

14.17.2. Executing OPT_MERGE pass (detect identical cells).
Finding identical cells in module `\reader'.
Computing hashes of 13 cells of `\reader'.
Finding duplicate cells in `\reader'.
Finding identical cells in module `\top'.
Computing hashes of 9 cells of `\top'.
Finding duplicate cells in `\top'.
Finding identical cells in module `\output_mux'.
Computing hashes of 1 cells of `\output_mux'.
Finding duplicate cells in `\output_mux'.
Finding identical cells in module `\output_holder'.
Computing hashes of 4 cells of `\output_holder'.
Finding duplicate cells in `\output_holder'.
Finding identical cells in module `$paramod\key_storage\KEY_WIDTH_BYTES=s32'00000000000000000000000000010000'.
Computing hashes of 12 cells of `$paramod\key_storage\KEY_WIDTH_BYTES=s32'00000000000000000000000000010000'.
Finding duplicate cells in `$paramod\key_storage\KEY_WIDTH_BYTES=s32'00000000000000000000000000010000'.
Finding identical cells in module `\interface_fsm'.
Computing hashes of 9 cells of `\interface_fsm'.
Finding duplicate cells in `\interface_fsm'.
Finding identical cells in module `\hash_generator'.
Computing hashes of 97 cells of `\hash_generator'.
Finding duplicate cells in `\hash_generator'.
Finding identical cells in module `\encryption_block'.
Computing hashes of 20 cells of `\encryption_block'.
Finding duplicate cells in `\encryption_block'.
Finding identical cells in module `\data_router'.
Computing hashes of 7 cells of `\data_router'.
Finding duplicate cells in `\data_router'.
Removed a total of 0 cells.

14.17.3. Executing OPT_DFF pass (perform DFF optimizations).

14.17.4. Executing OPT_CLEAN pass (remove unused cells and wires).
Finding unused cells or wires in module \reader..
Finding unused cells or wires in module \top..
Finding unused cells or wires in module \output_mux..
Finding unused cells or wires in module \output_holder..
Finding unused cells or wires in module $paramod\key_storage\KEY_WIDTH_BYTES=s32'00000000000000000000000000010000..
Finding unused cells or wires in module \interface_fsm..
Finding unused cells or wires in module \hash_generator..
Finding unused cells or wires in module \encryption_block..
Finding unused cells or wires in module \data_router..
Removed 0 unused cells and 38 unused wires.
<suppressed ~7 debug messages>

14.17.5. Finished fast OPT passes.

14.18. Executing MEMORY_MAP pass (converting memories to logic and flip-flops).

14.19. Executing OPT pass (performing simple optimizations).

14.19.1. Executing OPT_EXPR pass (perform const folding).
Optimizing module reader.
Optimizing module top.
Optimizing module output_mux.
Optimizing module output_holder.
Optimizing module $paramod\key_storage\KEY_WIDTH_BYTES=s32'00000000000000000000000000010000.
Optimizing module interface_fsm.
Optimizing module hash_generator.
Optimizing module encryption_block.
Optimizing module data_router.

14.19.2. Executing OPT_MERGE pass (detect identical cells).
Finding identical cells in module `\reader'.
Computing hashes of 13 cells of `\reader'.
Finding duplicate cells in `\reader'.
Finding identical cells in module `\top'.
Computing hashes of 9 cells of `\top'.
Finding duplicate cells in `\top'.
Finding identical cells in module `\output_mux'.
Computing hashes of 1 cells of `\output_mux'.
Finding duplicate cells in `\output_mux'.
Finding identical cells in module `\output_holder'.
Computing hashes of 4 cells of `\output_holder'.
Finding duplicate cells in `\output_holder'.
Finding identical cells in module `$paramod\key_storage\KEY_WIDTH_BYTES=s32'00000000000000000000000000010000'.
Computing hashes of 12 cells of `$paramod\key_storage\KEY_WIDTH_BYTES=s32'00000000000000000000000000010000'.
Finding duplicate cells in `$paramod\key_storage\KEY_WIDTH_BYTES=s32'00000000000000000000000000010000'.
Finding identical cells in module `\interface_fsm'.
Computing hashes of 9 cells of `\interface_fsm'.
Finding duplicate cells in `\interface_fsm'.
Finding identical cells in module `\hash_generator'.
Computing hashes of 97 cells of `\hash_generator'.
Finding duplicate cells in `\hash_generator'.
Finding identical cells in module `\encryption_block'.
Computing hashes of 20 cells of `\encryption_block'.
Finding duplicate cells in `\encryption_block'.
Finding identical cells in module `\data_router'.
Computing hashes of 7 cells of `\data_router'.
Finding duplicate cells in `\data_router'.
Removed a total of 0 cells.

14.19.3. Executing OPT_MUXTREE pass (detect dead branches in mux trees).
Running muxtree optimizer on module \reader..
  Creating internal representation of mux trees.
  Evaluating internal representation of mux trees.
  Analyzing evaluation results.
Running muxtree optimizer on module \top..
  Creating internal representation of mux trees.
  No muxes found in this module.
Running muxtree optimizer on module \output_mux..
  Creating internal representation of mux trees.
  No muxes found in this module.
Running muxtree optimizer on module \output_holder..
  Creating internal representation of mux trees.
  No muxes found in this module.
Running muxtree optimizer on module $paramod\key_storage\KEY_WIDTH_BYTES=s32'00000000000000000000000000010000..
  Creating internal representation of mux trees.
  Evaluating internal representation of mux trees.
  Analyzing evaluation results.
Running muxtree optimizer on module \interface_fsm..
  Creating internal representation of mux trees.
  Evaluating internal representation of mux trees.
  Analyzing evaluation results.
Running muxtree optimizer on module \hash_generator..
  Creating internal representation of mux trees.
  Evaluating internal representation of mux trees.
  Analyzing evaluation results.
Running muxtree optimizer on module \encryption_block..
  Creating internal representation of mux trees.
  Evaluating internal representation of mux trees.
  Analyzing evaluation results.
Running muxtree optimizer on module \data_router..
  Creating internal representation of mux trees.
  Evaluating internal representation of mux trees.
  Analyzing evaluation results.
Removed 0 multiplexer ports.
<suppressed ~39 debug messages>

14.19.4. Executing OPT_REDUCE pass (consolidate $*mux and $reduce_* inputs).
  Optimizing cells in module \reader.
  Optimizing cells in module \top.
  Optimizing cells in module \output_mux.
  Optimizing cells in module \output_holder.
  Optimizing cells in module $paramod\key_storage\KEY_WIDTH_BYTES=s32'00000000000000000000000000010000.
  Optimizing cells in module \interface_fsm.
  Optimizing cells in module \hash_generator.
    New ctrl vector for $pmux cell $procmux$392: { $auto$opt_reduce.cc:137:opt_pmux$831 \next_hash_byte_pulse $procmux$344_CMP $eq$verilog/rtl/stream_cipher/hash_generator.sv:204$23_Y }
    Consolidated identical input bits for $mux cell $procmux$357:
      Old ports: A=3'010, B=3'101, Y=$5\generator_next_state[2:0]
      New ports: A=2'10, B=2'01, Y=$5\generator_next_state[2:0] [1:0]
      New connections: $5\generator_next_state[2:0] [2] = $5\generator_next_state[2:0] [0]
  Optimizing cells in module \hash_generator.
  Optimizing cells in module \encryption_block.
  Optimizing cells in module \data_router.
Performed a total of 2 changes.

14.19.5. Executing OPT_MERGE pass (detect identical cells).
Finding identical cells in module `\reader'.
Computing hashes of 13 cells of `\reader'.
Finding duplicate cells in `\reader'.
Finding identical cells in module `\top'.
Computing hashes of 9 cells of `\top'.
Finding duplicate cells in `\top'.
Finding identical cells in module `\output_mux'.
Computing hashes of 1 cells of `\output_mux'.
Finding duplicate cells in `\output_mux'.
Finding identical cells in module `\output_holder'.
Computing hashes of 4 cells of `\output_holder'.
Finding duplicate cells in `\output_holder'.
Finding identical cells in module `$paramod\key_storage\KEY_WIDTH_BYTES=s32'00000000000000000000000000010000'.
Computing hashes of 12 cells of `$paramod\key_storage\KEY_WIDTH_BYTES=s32'00000000000000000000000000010000'.
Finding duplicate cells in `$paramod\key_storage\KEY_WIDTH_BYTES=s32'00000000000000000000000000010000'.
Finding identical cells in module `\interface_fsm'.
Computing hashes of 9 cells of `\interface_fsm'.
Finding duplicate cells in `\interface_fsm'.
Finding identical cells in module `\hash_generator'.
Computing hashes of 98 cells of `\hash_generator'.
Finding duplicate cells in `\hash_generator'.
Finding identical cells in module `\encryption_block'.
Computing hashes of 20 cells of `\encryption_block'.
Finding duplicate cells in `\encryption_block'.
Finding identical cells in module `\data_router'.
Computing hashes of 7 cells of `\data_router'.
Finding duplicate cells in `\data_router'.
Removed a total of 0 cells.

14.19.6. Executing OPT_SHARE pass.

14.19.7. Executing OPT_DFF pass (perform DFF optimizations).

14.19.8. Executing OPT_CLEAN pass (remove unused cells and wires).
Finding unused cells or wires in module \reader..
Finding unused cells or wires in module \top..
Finding unused cells or wires in module \output_mux..
Finding unused cells or wires in module \output_holder..
Finding unused cells or wires in module $paramod\key_storage\KEY_WIDTH_BYTES=s32'00000000000000000000000000010000..
Finding unused cells or wires in module \interface_fsm..
Finding unused cells or wires in module \hash_generator..
Finding unused cells or wires in module \encryption_block..
Finding unused cells or wires in module \data_router..

14.19.9. Executing OPT_EXPR pass (perform const folding).
Optimizing module reader.
Optimizing module top.
Optimizing module output_mux.
Optimizing module output_holder.
Optimizing module $paramod\key_storage\KEY_WIDTH_BYTES=s32'00000000000000000000000000010000.
Optimizing module interface_fsm.
Optimizing module hash_generator.
Optimizing module encryption_block.
Optimizing module data_router.

14.19.10. Rerunning OPT passes. (Maybe there is more to do..)

14.19.11. Executing OPT_MUXTREE pass (detect dead branches in mux trees).
Running muxtree optimizer on module \reader..
  Creating internal representation of mux trees.
  Evaluating internal representation of mux trees.
  Analyzing evaluation results.
Running muxtree optimizer on module \top..
  Creating internal representation of mux trees.
  No muxes found in this module.
Running muxtree optimizer on module \output_mux..
  Creating internal representation of mux trees.
  No muxes found in this module.
Running muxtree optimizer on module \output_holder..
  Creating internal representation of mux trees.
  No muxes found in this module.
Running muxtree optimizer on module $paramod\key_storage\KEY_WIDTH_BYTES=s32'00000000000000000000000000010000..
  Creating internal representation of mux trees.
  Evaluating internal representation of mux trees.
  Analyzing evaluation results.
Running muxtree optimizer on module \interface_fsm..
  Creating internal representation of mux trees.
  Evaluating internal representation of mux trees.
  Analyzing evaluation results.
Running muxtree optimizer on module \hash_generator..
  Creating internal representation of mux trees.
  Evaluating internal representation of mux trees.
  Analyzing evaluation results.
Running muxtree optimizer on module \encryption_block..
  Creating internal representation of mux trees.
  Evaluating internal representation of mux trees.
  Analyzing evaluation results.
Running muxtree optimizer on module \data_router..
  Creating internal representation of mux trees.
  Evaluating internal representation of mux trees.
  Analyzing evaluation results.
Removed 0 multiplexer ports.
<suppressed ~39 debug messages>

14.19.12. Executing OPT_REDUCE pass (consolidate $*mux and $reduce_* inputs).
  Optimizing cells in module \reader.
  Optimizing cells in module \top.
  Optimizing cells in module \output_mux.
  Optimizing cells in module \output_holder.
  Optimizing cells in module $paramod\key_storage\KEY_WIDTH_BYTES=s32'00000000000000000000000000010000.
  Optimizing cells in module \interface_fsm.
  Optimizing cells in module \hash_generator.
  Optimizing cells in module \encryption_block.
  Optimizing cells in module \data_router.
Performed a total of 0 changes.

14.19.13. Executing OPT_MERGE pass (detect identical cells).
Finding identical cells in module `\reader'.
Computing hashes of 13 cells of `\reader'.
Finding duplicate cells in `\reader'.
Finding identical cells in module `\top'.
Computing hashes of 9 cells of `\top'.
Finding duplicate cells in `\top'.
Finding identical cells in module `\output_mux'.
Computing hashes of 1 cells of `\output_mux'.
Finding duplicate cells in `\output_mux'.
Finding identical cells in module `\output_holder'.
Computing hashes of 4 cells of `\output_holder'.
Finding duplicate cells in `\output_holder'.
Finding identical cells in module `$paramod\key_storage\KEY_WIDTH_BYTES=s32'00000000000000000000000000010000'.
Computing hashes of 12 cells of `$paramod\key_storage\KEY_WIDTH_BYTES=s32'00000000000000000000000000010000'.
Finding duplicate cells in `$paramod\key_storage\KEY_WIDTH_BYTES=s32'00000000000000000000000000010000'.
Finding identical cells in module `\interface_fsm'.
Computing hashes of 9 cells of `\interface_fsm'.
Finding duplicate cells in `\interface_fsm'.
Finding identical cells in module `\hash_generator'.
Computing hashes of 98 cells of `\hash_generator'.
Finding duplicate cells in `\hash_generator'.
Finding identical cells in module `\encryption_block'.
Computing hashes of 20 cells of `\encryption_block'.
Finding duplicate cells in `\encryption_block'.
Finding identical cells in module `\data_router'.
Computing hashes of 7 cells of `\data_router'.
Finding duplicate cells in `\data_router'.
Removed a total of 0 cells.

14.19.14. Executing OPT_SHARE pass.

14.19.15. Executing OPT_DFF pass (perform DFF optimizations).

14.19.16. Executing OPT_CLEAN pass (remove unused cells and wires).
Finding unused cells or wires in module \reader..
Finding unused cells or wires in module \top..
Finding unused cells or wires in module \output_mux..
Finding unused cells or wires in module \output_holder..
Finding unused cells or wires in module $paramod\key_storage\KEY_WIDTH_BYTES=s32'00000000000000000000000000010000..
Finding unused cells or wires in module \interface_fsm..
Finding unused cells or wires in module \hash_generator..
Finding unused cells or wires in module \encryption_block..
Finding unused cells or wires in module \data_router..

14.19.17. Executing OPT_EXPR pass (perform const folding).
Optimizing module reader.
Optimizing module top.
Optimizing module output_mux.
Optimizing module output_holder.
Optimizing module $paramod\key_storage\KEY_WIDTH_BYTES=s32'00000000000000000000000000010000.
Optimizing module interface_fsm.
Optimizing module hash_generator.
Optimizing module encryption_block.
Optimizing module data_router.

14.19.18. Finished fast OPT passes. (There is nothing left to do.)

14.20. Executing TECHMAP pass (map to technology primitives).

14.20.1. Executing Verilog-2005 frontend: /usr/bin/../share/yosys/techmap.v
Parsing Verilog input from `/usr/bin/../share/yosys/techmap.v' to AST representation.
Generating RTLIL representation for module `\_90_simplemap_bool_ops'.
Generating RTLIL representation for module `\_90_simplemap_reduce_ops'.
Generating RTLIL representation for module `\_90_simplemap_logic_ops'.
Generating RTLIL representation for module `\_90_simplemap_compare_ops'.
Generating RTLIL representation for module `\_90_simplemap_various'.
Generating RTLIL representation for module `\_90_simplemap_registers'.
Generating RTLIL representation for module `\_90_shift_ops_shr_shl_sshl_sshr'.
Generating RTLIL representation for module `\_90_shift_shiftx'.
Generating RTLIL representation for module `\_90_fa'.
Generating RTLIL representation for module `\_90_lcu_brent_kung'.
Generating RTLIL representation for module `\_90_alu'.
Generating RTLIL representation for module `\_90_macc'.
Generating RTLIL representation for module `\_90_alumacc'.
Generating RTLIL representation for module `$__div_mod_u'.
Generating RTLIL representation for module `$__div_mod_trunc'.
Generating RTLIL representation for module `\_90_div'.
Generating RTLIL representation for module `\_90_mod'.
Generating RTLIL representation for module `$__div_mod_floor'.
Generating RTLIL representation for module `\_90_divfloor'.
Generating RTLIL representation for module `\_90_modfloor'.
Generating RTLIL representation for module `\_90_pow'.
Generating RTLIL representation for module `\_90_pmux'.
Generating RTLIL representation for module `\_90_demux'.
Generating RTLIL representation for module `\_90_lut'.
Generating RTLIL representation for module `$connect'.
Generating RTLIL representation for module `$input_port'.
Successfully finished Verilog frontend.

14.20.2. Continuing TECHMAP pass.
Using extmapper simplemap for cells of type $mux.
Using extmapper simplemap for cells of type $not.
Using extmapper simplemap for cells of type $and.
Using extmapper simplemap for cells of type $reduce_and.
Using extmapper simplemap for cells of type $reduce_bool.
Using extmapper simplemap for cells of type $ne.
Using extmapper simplemap for cells of type $adffe.
Using extmapper simplemap for cells of type $xor.
Using extmapper simplemap for cells of type $logic_not.
Using extmapper simplemap for cells of type $eq.
Using extmapper simplemap for cells of type $logic_or.
Using template $paramod$521ce43182eecb9f60c72393a788160d2c356bf5\_90_pmux for cells of type $pmux.
Using extmapper simplemap for cells of type $adff.
Using extmapper simplemap for cells of type $reduce_or.
Using template $paramod$32a7b7b86c07519b7537abc18e96f0331f97914d\_90_alu for cells of type $alu.
Using template $paramod$6a42b6fefed750f8a1c58eab59479d960557103c\_90_alu for cells of type $alu.
Using template $paramod$fbc7873bff55778c0b3173955b7e4bce1d9d6834\_90_alu for cells of type $alu.
Using template $paramod$constmap:03815f7c0acfebb8b368887bde89f77d1797390e$paramod$9a5e85de2634293e098361b0804876bff8c5a36f\_90_shift_shiftx for cells of type $shiftx.
Using template $paramod$53700bbee849b2010ad0b60a61ccd204a10e24ca\_90_alu for cells of type $alu.
Using extmapper simplemap for cells of type $or.
Using template $paramod$ba698a254f9a5947e85cbe7beae6b161eefc5386\_90_alu for cells of type $alu.
Using template $paramod$f956edc9fe4df758d9fdb10bfc518a364c99e75e\_90_alu for cells of type $alu.
Using template $paramod$constmap:59ef5870e4c9a7a696c7a5b9e3da1157aa462eb4$paramod$446ed975b2df5647dbea6907ae0dadbabaf9b836\_90_shift_shiftx for cells of type $shiftx.
Using extmapper simplemap for cells of type $logic_and.
Using template $paramod$d31bf4d7d72e59528d18fbd4f322e9d608532043\_90_pmux for cells of type $pmux.
Using extmapper simplemap for cells of type $pos.
Using template $paramod\_90_fa\WIDTH=32'00000000000000000000000000001001 for cells of type $fa.
Using template $paramod\_90_lcu_brent_kung\WIDTH=32'00000000000000000000000000001001 for cells of type $lcu.
Using template $paramod\_90_fa\WIDTH=32'00000000000000000000000000100000 for cells of type $fa.
Using template $paramod\_90_lcu_brent_kung\WIDTH=32'00000000000000000000000000100000 for cells of type $lcu.
Using template $paramod\_90_fa\WIDTH=32'00000000000000000000000000000100 for cells of type $fa.
Using template $paramod\_90_lcu_brent_kung\WIDTH=32'00000000000000000000000000000100 for cells of type $lcu.
Using template $paramod\_90_fa\WIDTH=32'00000000000000000000000000000010 for cells of type $fa.
Using template $paramod\_90_lcu_brent_kung\WIDTH=32'00000000000000000000000000000010 for cells of type $lcu.
Using template $paramod$3e2546d640bb80c4407ce51aec1dbdbdc5bff143\_90_alu for cells of type $alu.
Using template $paramod$constmap:344a5d64a882abcb583ebb3313019d5570e90afe$paramod$725c87e39d9cfa8e3f87960d3d9518e9172132b3\_90_shift_shiftx for cells of type $shift.
Analyzing pattern of constant bits for this cell:
Creating constmapped module `$paramod$constmap:f0a22e8369d249422875da2d8b5ddc160fe977df$paramod$725c87e39d9cfa8e3f87960d3d9518e9172132b3\_90_shift_shiftx'.

14.20.60. Executing OPT_MUXTREE pass (detect dead branches in mux trees).
Running muxtree optimizer on module $paramod$constmap:f0a22e8369d249422875da2d8b5ddc160fe977df$paramod$725c87e39d9cfa8e3f87960d3d9518e9172132b3\_90_shift_shiftx..
  Creating internal representation of mux trees.
  Evaluating internal representation of mux trees.
  Analyzing evaluation results.
    dead port 2/2 on $mux $procmux$8564.
    dead port 2/2 on $mux $procmux$8570.
    dead port 2/2 on $mux $procmux$8576.
    dead port 2/2 on $mux $procmux$8582.
    dead port 2/2 on $mux $procmux$8588.
    dead port 2/2 on $mux $procmux$8594.
    dead port 2/2 on $mux $procmux$8600.
    dead port 2/2 on $mux $procmux$8606.
Removed 8 multiplexer ports.
<suppressed ~3508 debug messages>

14.20.61. Executing OPT_EXPR pass (perform const folding).
Optimizing module $paramod$constmap:f0a22e8369d249422875da2d8b5ddc160fe977df$paramod$725c87e39d9cfa8e3f87960d3d9518e9172132b3\_90_shift_shiftx.
<suppressed ~26 debug messages>
Removed 0 unused cells and 13 unused wires.
Using template $paramod$constmap:f0a22e8369d249422875da2d8b5ddc160fe977df$paramod$725c87e39d9cfa8e3f87960d3d9518e9172132b3\_90_shift_shiftx for cells of type $shift.
Using template $paramod\_90_fa\WIDTH=32'00000000000000000000000000100001 for cells of type $fa.
Using template $paramod\_90_lcu_brent_kung\WIDTH=32'00000000000000000000000000100001 for cells of type $lcu.
No more expansions possible.
<suppressed ~468 debug messages>

14.21. Executing OPT pass (performing simple optimizations).

14.21.1. Executing OPT_EXPR pass (perform const folding).
Optimizing module reader.
Optimizing module top.
Optimizing module output_mux.
Optimizing module output_holder.
Optimizing module $paramod\key_storage\KEY_WIDTH_BYTES=s32'00000000000000000000000000010000.
<suppressed ~7588 debug messages>
Optimizing module interface_fsm.
<suppressed ~19 debug messages>
Optimizing module hash_generator.
<suppressed ~2946 debug messages>
Optimizing module encryption_block.
<suppressed ~22 debug messages>
Optimizing module data_router.

14.21.2. Executing OPT_MERGE pass (detect identical cells).
Finding identical cells in module `\reader'.
Computing hashes of 35 cells of `\reader'.
Finding duplicate cells in `\reader'.
Finding identical cells in module `\top'.
Computing hashes of 9 cells of `\top'.
Finding duplicate cells in `\top'.
Finding identical cells in module `\output_mux'.
Computing hashes of 1 cells of `\output_mux'.
Finding duplicate cells in `\output_mux'.
Finding identical cells in module `\output_holder'.
Computing hashes of 12 cells of `\output_holder'.
Finding duplicate cells in `\output_holder'.
Finding identical cells in module `$paramod\key_storage\KEY_WIDTH_BYTES=s32'00000000000000000000000000010000'.
Computing hashes of 1794 cells of `$paramod\key_storage\KEY_WIDTH_BYTES=s32'00000000000000000000000000010000'.
Finding duplicate cells in `$paramod\key_storage\KEY_WIDTH_BYTES=s32'00000000000000000000000000010000'.
Computing hashes of 1730 cells of `$paramod\key_storage\KEY_WIDTH_BYTES=s32'00000000000000000000000000010000'.
Finding duplicate cells in `$paramod\key_storage\KEY_WIDTH_BYTES=s32'00000000000000000000000000010000'.
Computing hashes of 1692 cells of `$paramod\key_storage\KEY_WIDTH_BYTES=s32'00000000000000000000000000010000'.
Finding duplicate cells in `$paramod\key_storage\KEY_WIDTH_BYTES=s32'00000000000000000000000000010000'.
Computing hashes of 1670 cells of `$paramod\key_storage\KEY_WIDTH_BYTES=s32'00000000000000000000000000010000'.
Finding duplicate cells in `$paramod\key_storage\KEY_WIDTH_BYTES=s32'00000000000000000000000000010000'.
Computing hashes of 1634 cells of `$paramod\key_storage\KEY_WIDTH_BYTES=s32'00000000000000000000000000010000'.
Finding duplicate cells in `$paramod\key_storage\KEY_WIDTH_BYTES=s32'00000000000000000000000000010000'.
Computing hashes of 1570 cells of `$paramod\key_storage\KEY_WIDTH_BYTES=s32'00000000000000000000000000010000'.
Finding duplicate cells in `$paramod\key_storage\KEY_WIDTH_BYTES=s32'00000000000000000000000000010000'.
Computing hashes of 1450 cells of `$paramod\key_storage\KEY_WIDTH_BYTES=s32'00000000000000000000000000010000'.
Finding duplicate cells in `$paramod\key_storage\KEY_WIDTH_BYTES=s32'00000000000000000000000000010000'.
Computing hashes of 1218 cells of `$paramod\key_storage\KEY_WIDTH_BYTES=s32'00000000000000000000000000010000'.
Finding duplicate cells in `$paramod\key_storage\KEY_WIDTH_BYTES=s32'00000000000000000000000000010000'.
Computing hashes of 1105 cells of `$paramod\key_storage\KEY_WIDTH_BYTES=s32'00000000000000000000000000010000'.
Finding duplicate cells in `$paramod\key_storage\KEY_WIDTH_BYTES=s32'00000000000000000000000000010000'.
Computing hashes of 1104 cells of `$paramod\key_storage\KEY_WIDTH_BYTES=s32'00000000000000000000000000010000'.
Finding duplicate cells in `$paramod\key_storage\KEY_WIDTH_BYTES=s32'00000000000000000000000000010000'.
Computing hashes of 1103 cells of `$paramod\key_storage\KEY_WIDTH_BYTES=s32'00000000000000000000000000010000'.
Finding duplicate cells in `$paramod\key_storage\KEY_WIDTH_BYTES=s32'00000000000000000000000000010000'.
Computing hashes of 1102 cells of `$paramod\key_storage\KEY_WIDTH_BYTES=s32'00000000000000000000000000010000'.
Finding duplicate cells in `$paramod\key_storage\KEY_WIDTH_BYTES=s32'00000000000000000000000000010000'.
Computing hashes of 1101 cells of `$paramod\key_storage\KEY_WIDTH_BYTES=s32'00000000000000000000000000010000'.
Finding duplicate cells in `$paramod\key_storage\KEY_WIDTH_BYTES=s32'00000000000000000000000000010000'.
Computing hashes of 1100 cells of `$paramod\key_storage\KEY_WIDTH_BYTES=s32'00000000000000000000000000010000'.
Finding duplicate cells in `$paramod\key_storage\KEY_WIDTH_BYTES=s32'00000000000000000000000000010000'.
Computing hashes of 1099 cells of `$paramod\key_storage\KEY_WIDTH_BYTES=s32'00000000000000000000000000010000'.
Finding duplicate cells in `$paramod\key_storage\KEY_WIDTH_BYTES=s32'00000000000000000000000000010000'.
Computing hashes of 1098 cells of `$paramod\key_storage\KEY_WIDTH_BYTES=s32'00000000000000000000000000010000'.
Finding duplicate cells in `$paramod\key_storage\KEY_WIDTH_BYTES=s32'00000000000000000000000000010000'.
Computing hashes of 1097 cells of `$paramod\key_storage\KEY_WIDTH_BYTES=s32'00000000000000000000000000010000'.
Finding duplicate cells in `$paramod\key_storage\KEY_WIDTH_BYTES=s32'00000000000000000000000000010000'.
Computing hashes of 1096 cells of `$paramod\key_storage\KEY_WIDTH_BYTES=s32'00000000000000000000000000010000'.
Finding duplicate cells in `$paramod\key_storage\KEY_WIDTH_BYTES=s32'00000000000000000000000000010000'.
Computing hashes of 1095 cells of `$paramod\key_storage\KEY_WIDTH_BYTES=s32'00000000000000000000000000010000'.
Finding duplicate cells in `$paramod\key_storage\KEY_WIDTH_BYTES=s32'00000000000000000000000000010000'.
Computing hashes of 1094 cells of `$paramod\key_storage\KEY_WIDTH_BYTES=s32'00000000000000000000000000010000'.
Finding duplicate cells in `$paramod\key_storage\KEY_WIDTH_BYTES=s32'00000000000000000000000000010000'.
Computing hashes of 1093 cells of `$paramod\key_storage\KEY_WIDTH_BYTES=s32'00000000000000000000000000010000'.
Finding duplicate cells in `$paramod\key_storage\KEY_WIDTH_BYTES=s32'00000000000000000000000000010000'.
Computing hashes of 1092 cells of `$paramod\key_storage\KEY_WIDTH_BYTES=s32'00000000000000000000000000010000'.
Finding duplicate cells in `$paramod\key_storage\KEY_WIDTH_BYTES=s32'00000000000000000000000000010000'.
Computing hashes of 1091 cells of `$paramod\key_storage\KEY_WIDTH_BYTES=s32'00000000000000000000000000010000'.
Finding duplicate cells in `$paramod\key_storage\KEY_WIDTH_BYTES=s32'00000000000000000000000000010000'.
Computing hashes of 1090 cells of `$paramod\key_storage\KEY_WIDTH_BYTES=s32'00000000000000000000000000010000'.
Finding duplicate cells in `$paramod\key_storage\KEY_WIDTH_BYTES=s32'00000000000000000000000000010000'.
Computing hashes of 1089 cells of `$paramod\key_storage\KEY_WIDTH_BYTES=s32'00000000000000000000000000010000'.
Finding duplicate cells in `$paramod\key_storage\KEY_WIDTH_BYTES=s32'00000000000000000000000000010000'.
<suppressed ~2115 debug messages>
Finding identical cells in module `\interface_fsm'.
Computing hashes of 18 cells of `\interface_fsm'.
Finding duplicate cells in `\interface_fsm'.
Finding identical cells in module `\hash_generator'.
Computing hashes of 3889 cells of `\hash_generator'.
Finding duplicate cells in `\hash_generator'.
Computing hashes of 3796 cells of `\hash_generator'.
Finding duplicate cells in `\hash_generator'.
Computing hashes of 3786 cells of `\hash_generator'.
Finding duplicate cells in `\hash_generator'.
Computing hashes of 3783 cells of `\hash_generator'.
Finding duplicate cells in `\hash_generator'.
Computing hashes of 3782 cells of `\hash_generator'.
Finding duplicate cells in `\hash_generator'.
<suppressed ~321 debug messages>
Finding identical cells in module `\encryption_block'.
Computing hashes of 50 cells of `\encryption_block'.
Finding duplicate cells in `\encryption_block'.
Computing hashes of 49 cells of `\encryption_block'.
Finding duplicate cells in `\encryption_block'.
<suppressed ~3 debug messages>
Finding identical cells in module `\data_router'.
Computing hashes of 35 cells of `\data_router'.
Finding duplicate cells in `\data_router'.
Removed a total of 813 cells.

14.21.3. Executing OPT_DFF pass (perform DFF optimizations).

14.21.4. Executing OPT_CLEAN pass (remove unused cells and wires).
Finding unused cells or wires in module \reader..
Finding unused cells or wires in module \top..
Finding unused cells or wires in module \output_mux..
Finding unused cells or wires in module \output_holder..
Finding unused cells or wires in module $paramod\key_storage\KEY_WIDTH_BYTES=s32'00000000000000000000000000010000..
Finding unused cells or wires in module \interface_fsm..
Finding unused cells or wires in module \hash_generator..
Finding unused cells or wires in module \encryption_block..
Finding unused cells or wires in module \data_router..
Removed 1118 unused cells and 1511 unused wires.
<suppressed ~1125 debug messages>

14.21.5. Finished fast OPT passes.

14.22. Executing ABC pass (technology mapping using ABC).

14.22.1. Extracting gate netlist of module `\reader' to `<abc-temp-dir>/input.blif'..

14.22.1.1. Executed ABC.
Extracted 24 gates and 38 wires to a netlist network with 13 inputs and 11 outputs.
Running ABC script: <abc-temp-dir>/abc.script
ABC: UC Berkeley, ABC 1.01 (compiled Apr  8 2026 20:13:49)
ABC: abc 01> empty
ABC: abc 01> source <abc-temp-dir>/abc.script
ABC: + read_blif <abc-temp-dir>/input.blif 
ABC: + read_library <abc-temp-dir>/stdcells.genlib 
ABC: + strash 
ABC: + &get -n 
ABC: + &fraig -x 
ABC: + &put 
ABC: + scorr 
ABC: Warning: The network is combinational (run "fraig" or "fraig_sweep").
ABC: + dc2 
ABC: + dretime 
ABC: + strash 
ABC: + &get -n 
ABC: + &dch -f 
ABC: + &nf 
ABC: + &put 
ABC: + write_blif <abc-temp-dir>/output.blif 
ABC: 
ABC: YOSYS_ABC_DONE 

14.22.1.2. Re-integrating ABC results.
ABC RESULTS:               AND cells:       11
ABC RESULTS:            ANDNOT cells:        1
ABC RESULTS:               NOR cells:        1
ABC RESULTS:        internal signals:       14
ABC RESULTS:           input signals:       13
ABC RESULTS:          output signals:       11
Removing temp directory.

14.22.2. Extracting gate netlist of module `\top' to `<abc-temp-dir>/input.blif'..

14.22.2.1. Executed ABC.
Extracted 1 gates and 3 wires to a netlist network with 2 inputs and 1 outputs.
Running ABC script: <abc-temp-dir>/abc.script
ABC: UC Berkeley, ABC 1.01 (compiled Apr  8 2026 20:13:49)
ABC: abc 01> empty
ABC: abc 01> source <abc-temp-dir>/abc.script
ABC: + read_blif <abc-temp-dir>/input.blif 
ABC: + read_library <abc-temp-dir>/stdcells.genlib 
ABC: + strash 
ABC: + &get -n 
ABC: + &fraig -x 
ABC: + &put 
ABC: + scorr 
ABC: Warning: The network is combinational (run "fraig" or "fraig_sweep").
ABC: + dc2 
ABC: + dretime 
ABC: + strash 
ABC: + &get -n 
ABC: + &dch -f 
ABC: + &nf 
ABC: + &put 
ABC: + write_blif <abc-temp-dir>/output.blif 
ABC: 
ABC: YOSYS_ABC_DONE 

14.22.2.2. Re-integrating ABC results.
ABC RESULTS:                OR cells:        1
ABC RESULTS:        internal signals:        0
ABC RESULTS:           input signals:        2
ABC RESULTS:          output signals:        1
Removing temp directory.

14.22.3. Extracting gate netlist of module `\output_mux' to `<abc-temp-dir>/input.blif'..

14.22.3.1. Executed ABC.
Extracted 1 gates and 3 wires to a netlist network with 2 inputs and 1 outputs.
Running ABC script: <abc-temp-dir>/abc.script
ABC: UC Berkeley, ABC 1.01 (compiled Apr  8 2026 20:13:49)
ABC: abc 01> empty
ABC: abc 01> source <abc-temp-dir>/abc.script
ABC: + read_blif <abc-temp-dir>/input.blif 
ABC: + read_library <abc-temp-dir>/stdcells.genlib 
ABC: + strash 
ABC: + &get -n 
ABC: + &fraig -x 
ABC: + &put 
ABC: + scorr 
ABC: Warning: The network is combinational (run "fraig" or "fraig_sweep").
ABC: + dc2 
ABC: + dretime 
ABC: + strash 
ABC: + &get -n 
ABC: + &dch -f 
ABC: + &nf 
ABC: + &put 
ABC: + write_blif <abc-temp-dir>/output.blif 
ABC: 
ABC: YOSYS_ABC_DONE 

14.22.3.2. Re-integrating ABC results.
ABC RESULTS:                OR cells:        1
ABC RESULTS:        internal signals:        0
ABC RESULTS:           input signals:        2
ABC RESULTS:          output signals:        1
Removing temp directory.

14.22.4. Extracting gate netlist of module `\output_holder' to `<abc-temp-dir>/input.blif'..

14.22.4.1. Executed ABC.
Extracted 3 gates and 6 wires to a netlist network with 3 inputs and 1 outputs.
Running ABC script: <abc-temp-dir>/abc.script
ABC: UC Berkeley, ABC 1.01 (compiled Apr  8 2026 20:13:49)
ABC: abc 01> empty
ABC: abc 01> source <abc-temp-dir>/abc.script
ABC: + read_blif <abc-temp-dir>/input.blif 
ABC: + read_library <abc-temp-dir>/stdcells.genlib 
ABC: + strash 
ABC: + &get -n 
ABC: + &fraig -x 
ABC: + &put 
ABC: + scorr 
ABC: Warning: The network is combinational (run "fraig" or "fraig_sweep").
ABC: + dc2 
ABC: + dretime 
ABC: + strash 
ABC: + &get -n 
ABC: + &dch -f 
ABC: + &nf 
ABC: + &put 
ABC: + write_blif <abc-temp-dir>/output.blif 
ABC: 
ABC: YOSYS_ABC_DONE 

14.22.4.2. Re-integrating ABC results.
ABC RESULTS:               NOR cells:        1
ABC RESULTS:                OR cells:        1
ABC RESULTS:        internal signals:        2
ABC RESULTS:           input signals:        3
ABC RESULTS:          output signals:        1
Removing temp directory.

14.22.5. Extracting gate netlist of module `$paramod\key_storage\KEY_WIDTH_BYTES=s32'00000000000000000000000000010000' to `<abc-temp-dir>/input.blif'..

14.22.5.1. Executed ABC.
Extracted 790 gates and 931 wires to a netlist network with 140 inputs and 132 outputs.
Running ABC script: <abc-temp-dir>/abc.script
ABC: UC Berkeley, ABC 1.01 (compiled Apr  8 2026 20:13:49)
ABC: abc 01> empty
ABC: abc 01> source <abc-temp-dir>/abc.script
ABC: + read_blif <abc-temp-dir>/input.blif 
ABC: + read_library <abc-temp-dir>/stdcells.genlib 
ABC: + strash 
ABC: + &get -n 
ABC: + &fraig -x 
ABC: + &put 
ABC: + scorr 
ABC: Warning: The network is combinational (run "fraig" or "fraig_sweep").
ABC: + dc2 
ABC: + dretime 
ABC: + strash 
ABC: + &get -n 
ABC: + &dch -f 
ABC: + &nf 
ABC: + &put 
ABC: + write_blif <abc-temp-dir>/output.blif 
ABC: 
ABC: YOSYS_ABC_DONE 

14.22.5.2. Re-integrating ABC results.
ABC RESULTS:               AND cells:       16
ABC RESULTS:            ANDNOT cells:        6
ABC RESULTS:               MUX cells:       32
ABC RESULTS:              NAND cells:      250
ABC RESULTS:               NOR cells:        1
ABC RESULTS:               NOT cells:        1
ABC RESULTS:                OR cells:       46
ABC RESULTS:             ORNOT cells:       54
ABC RESULTS:              XNOR cells:        1
ABC RESULTS:               XOR cells:        2
ABC RESULTS:        internal signals:      659
ABC RESULTS:           input signals:      140
ABC RESULTS:          output signals:      132
Removing temp directory.

14.22.6. Extracting gate netlist of module `\interface_fsm' to `<abc-temp-dir>/input.blif'..

14.22.6.1. Executed ABC.
Extracted 15 gates and 21 wires to a netlist network with 5 inputs and 3 outputs.
Running ABC script: <abc-temp-dir>/abc.script
ABC: UC Berkeley, ABC 1.01 (compiled Apr  8 2026 20:13:49)
ABC: abc 01> empty
ABC: abc 01> source <abc-temp-dir>/abc.script
ABC: + read_blif <abc-temp-dir>/input.blif 
ABC: + read_library <abc-temp-dir>/stdcells.genlib 
ABC: + strash 
ABC: + &get -n 
ABC: + &fraig -x 
ABC: + &put 
ABC: + scorr 
ABC: Warning: The network is combinational (run "fraig" or "fraig_sweep").
ABC: + dc2 
ABC: + dretime 
ABC: + strash 
ABC: + &get -n 
ABC: + &dch -f 
ABC: + &nf 
ABC: + &put 
ABC: + write_blif <abc-temp-dir>/output.blif 
ABC: 
ABC: YOSYS_ABC_DONE 

14.22.6.2. Re-integrating ABC results.
ABC RESULTS:               AND cells:        1
ABC RESULTS:            ANDNOT cells:        1
ABC RESULTS:               MUX cells:        1
ABC RESULTS:                OR cells:        2
ABC RESULTS:             ORNOT cells:        1
ABC RESULTS:              XNOR cells:        1
ABC RESULTS:        internal signals:       13
ABC RESULTS:           input signals:        5
ABC RESULTS:          output signals:        3
Removing temp directory.

14.22.7. Extracting gate netlist of module `\hash_generator' to `<abc-temp-dir>/input.blif'..
Replacing 8 occurrences of constant undef bits with constant zero bits

14.22.7.1. Executed ABC.
Extracted 2587 gates and 2963 wires to a netlist network with 373 inputs and 257 outputs.
Running ABC script: <abc-temp-dir>/abc.script
ABC: UC Berkeley, ABC 1.01 (compiled Apr  8 2026 20:13:49)
ABC: abc 01> empty
ABC: abc 01> source <abc-temp-dir>/abc.script
ABC: + read_blif <abc-temp-dir>/input.blif 
ABC: + read_library <abc-temp-dir>/stdcells.genlib 
ABC: + strash 
ABC: + &get -n 
ABC: + &fraig -x 
ABC: + &put 
ABC: + scorr 
ABC: Warning: The network is combinational (run "fraig" or "fraig_sweep").
ABC: + dc2 
ABC: + dretime 
ABC: + strash 
ABC: + &get -n 
ABC: + &dch -f 
ABC: + &nf 
ABC: + &put 
ABC: + write_blif <abc-temp-dir>/output.blif 
ABC: 
ABC: YOSYS_ABC_DONE 

14.22.7.2. Re-integrating ABC results.
ABC RESULTS:               AND cells:      482
ABC RESULTS:            ANDNOT cells:      185
ABC RESULTS:               MUX cells:      144
ABC RESULTS:              NAND cells:      577
ABC RESULTS:               NOR cells:       35
ABC RESULTS:               NOT cells:        5
ABC RESULTS:                OR cells:      186
ABC RESULTS:             ORNOT cells:      154
ABC RESULTS:              XNOR cells:      234
ABC RESULTS:               XOR cells:      227
ABC RESULTS:              ZERO cells:        1
ABC RESULTS:        internal signals:     2333
ABC RESULTS:           input signals:      373
ABC RESULTS:          output signals:      257
Removing temp directory.

14.22.8. Extracting gate netlist of module `\encryption_block' to `<abc-temp-dir>/input.blif'..

14.22.8.1. Executed ABC.
Extracted 37 gates and 61 wires to a netlist network with 23 inputs and 14 outputs.
Running ABC script: <abc-temp-dir>/abc.script
ABC: UC Berkeley, ABC 1.01 (compiled Apr  8 2026 20:13:49)
ABC: abc 01> empty
ABC: abc 01> source <abc-temp-dir>/abc.script
ABC: + read_blif <abc-temp-dir>/input.blif 
ABC: + read_library <abc-temp-dir>/stdcells.genlib 
ABC: + strash 
ABC: + &get -n 
ABC: + &fraig -x 
ABC: + &put 
ABC: + scorr 
ABC: Warning: The network is combinational (run "fraig" or "fraig_sweep").
ABC: + dc2 
ABC: + dretime 
ABC: + strash 
ABC: + &get -n 
ABC: + &dch -f 
ABC: + &nf 
ABC: + &put 
ABC: + write_blif <abc-temp-dir>/output.blif 
ABC: 
ABC: YOSYS_ABC_DONE 

14.22.8.2. Re-integrating ABC results.
ABC RESULTS:               AND cells:        2
ABC RESULTS:            ANDNOT cells:        2
ABC RESULTS:              NAND cells:        1
ABC RESULTS:               NOR cells:        2
ABC RESULTS:                OR cells:        2
ABC RESULTS:             ORNOT cells:        2
ABC RESULTS:              XNOR cells:        1
ABC RESULTS:               XOR cells:        8
ABC RESULTS:        internal signals:       24
ABC RESULTS:           input signals:       23
ABC RESULTS:          output signals:       14
Removing temp directory.

14.22.9. Extracting gate netlist of module `\data_router' to `<abc-temp-dir>/input.blif'..

14.22.9.1. Executed ABC.
Extracted 35 gates and 46 wires to a netlist network with 10 inputs and 18 outputs.
Running ABC script: <abc-temp-dir>/abc.script
ABC: UC Berkeley, ABC 1.01 (compiled Apr  8 2026 20:13:49)
ABC: abc 01> empty
ABC: abc 01> source <abc-temp-dir>/abc.script
ABC: + read_blif <abc-temp-dir>/input.blif 
ABC: + read_library <abc-temp-dir>/stdcells.genlib 
ABC: + strash 
ABC: + &get -n 
ABC: + &fraig -x 
ABC: + &put 
ABC: + scorr 
ABC: Warning: The network is combinational (run "fraig" or "fraig_sweep").
ABC: + dc2 
ABC: + dretime 
ABC: + strash 
ABC: + &get -n 
ABC: + &dch -f 
ABC: + &nf 
ABC: + &put 
ABC: + write_blif <abc-temp-dir>/output.blif 
ABC: 
ABC: YOSYS_ABC_DONE 

14.22.9.2. Re-integrating ABC results.
ABC RESULTS:               AND cells:       17
ABC RESULTS:            ANDNOT cells:        1
ABC RESULTS:        internal signals:       18
ABC RESULTS:           input signals:       10
ABC RESULTS:          output signals:       18
Removing temp directory.
Removing global temp directory.

14.23. Executing OPT pass (performing simple optimizations).

14.23.1. Executing OPT_EXPR pass (perform const folding).
Optimizing module reader.
Optimizing module top.
Optimizing module output_mux.
Optimizing module output_holder.
Optimizing module $paramod\key_storage\KEY_WIDTH_BYTES=s32'00000000000000000000000000010000.
Optimizing module interface_fsm.
Optimizing module hash_generator.
<suppressed ~2 debug messages>
Optimizing module encryption_block.
Optimizing module data_router.

14.23.2. Executing OPT_MERGE pass (detect identical cells).
Finding identical cells in module `\reader'.
Computing hashes of 24 cells of `\reader'.
Finding duplicate cells in `\reader'.
Finding identical cells in module `\top'.
Computing hashes of 9 cells of `\top'.
Finding duplicate cells in `\top'.
Finding identical cells in module `\output_mux'.
Computing hashes of 1 cells of `\output_mux'.
Finding duplicate cells in `\output_mux'.
Finding identical cells in module `\output_holder'.
Computing hashes of 11 cells of `\output_holder'.
Finding duplicate cells in `\output_holder'.
Finding identical cells in module `$paramod\key_storage\KEY_WIDTH_BYTES=s32'00000000000000000000000000010000'.
Computing hashes of 542 cells of `$paramod\key_storage\KEY_WIDTH_BYTES=s32'00000000000000000000000000010000'.
Finding duplicate cells in `$paramod\key_storage\KEY_WIDTH_BYTES=s32'00000000000000000000000000010000'.
Finding identical cells in module `\interface_fsm'.
Computing hashes of 9 cells of `\interface_fsm'.
Finding duplicate cells in `\interface_fsm'.
Finding identical cells in module `\hash_generator'.
Computing hashes of 2473 cells of `\hash_generator'.
Finding duplicate cells in `\hash_generator'.
Finding identical cells in module `\encryption_block'.
Computing hashes of 32 cells of `\encryption_block'.
Finding duplicate cells in `\encryption_block'.
Finding identical cells in module `\data_router'.
Computing hashes of 18 cells of `\data_router'.
Finding duplicate cells in `\data_router'.
Removed a total of 0 cells.

14.23.3. Executing OPT_DFF pass (perform DFF optimizations).
Setting constant 0-bit at position 0 on $auto$ff.cc:337:slice$1550 ($_DFFE_PN0P_) from module hash_generator.

14.23.4. Executing OPT_CLEAN pass (remove unused cells and wires).
Finding unused cells or wires in module \reader..
Finding unused cells or wires in module \top..
Finding unused cells or wires in module \output_mux..
Finding unused cells or wires in module \output_holder..
Finding unused cells or wires in module $paramod\key_storage\KEY_WIDTH_BYTES=s32'00000000000000000000000000010000..
Finding unused cells or wires in module \interface_fsm..
Finding unused cells or wires in module \hash_generator..
Finding unused cells or wires in module \encryption_block..
Finding unused cells or wires in module \data_router..
Removed 0 unused cells and 1869 unused wires.
<suppressed ~9 debug messages>

14.23.5. Rerunning OPT passes. (Removed registers in this run.)

14.23.6. Executing OPT_EXPR pass (perform const folding).
Optimizing module reader.
Optimizing module top.
Optimizing module output_mux.
Optimizing module output_holder.
Optimizing module $paramod\key_storage\KEY_WIDTH_BYTES=s32'00000000000000000000000000010000.
Optimizing module interface_fsm.
Optimizing module hash_generator.
Optimizing module encryption_block.
Optimizing module data_router.

14.23.7. Executing OPT_MERGE pass (detect identical cells).
Finding identical cells in module `\reader'.
Computing hashes of 24 cells of `\reader'.
Finding duplicate cells in `\reader'.
Finding identical cells in module `\top'.
Computing hashes of 9 cells of `\top'.
Finding duplicate cells in `\top'.
Finding identical cells in module `\output_mux'.
Computing hashes of 1 cells of `\output_mux'.
Finding duplicate cells in `\output_mux'.
Finding identical cells in module `\output_holder'.
Computing hashes of 11 cells of `\output_holder'.
Finding duplicate cells in `\output_holder'.
Finding identical cells in module `$paramod\key_storage\KEY_WIDTH_BYTES=s32'00000000000000000000000000010000'.
Computing hashes of 542 cells of `$paramod\key_storage\KEY_WIDTH_BYTES=s32'00000000000000000000000000010000'.
Finding duplicate cells in `$paramod\key_storage\KEY_WIDTH_BYTES=s32'00000000000000000000000000010000'.
Finding identical cells in module `\interface_fsm'.
Computing hashes of 9 cells of `\interface_fsm'.
Finding duplicate cells in `\interface_fsm'.
Finding identical cells in module `\hash_generator'.
Computing hashes of 2472 cells of `\hash_generator'.
Finding duplicate cells in `\hash_generator'.
Finding identical cells in module `\encryption_block'.
Computing hashes of 32 cells of `\encryption_block'.
Finding duplicate cells in `\encryption_block'.
Finding identical cells in module `\data_router'.
Computing hashes of 18 cells of `\data_router'.
Finding duplicate cells in `\data_router'.
Removed a total of 0 cells.

14.23.8. Executing OPT_DFF pass (perform DFF optimizations).
Adding EN signal on $auto$ff.cc:337:slice$8409 ($_DFFE_PN0P_) from module $paramod\key_storage\KEY_WIDTH_BYTES=s32'00000000000000000000000000010000 (D = \key_byte [0], Q = \key_memory [0]).
Adding EN signal on $auto$ff.cc:337:slice$8410 ($_DFFE_PN0P_) from module $paramod\key_storage\KEY_WIDTH_BYTES=s32'00000000000000000000000000010000 (D = \key_byte [1], Q = \key_memory [1]).
Adding EN signal on $auto$ff.cc:337:slice$8411 ($_DFFE_PN0P_) from module $paramod\key_storage\KEY_WIDTH_BYTES=s32'00000000000000000000000000010000 (D = \key_byte [2], Q = \key_memory [2]).
Adding EN signal on $auto$ff.cc:337:slice$8412 ($_DFFE_PN0P_) from module $paramod\key_storage\KEY_WIDTH_BYTES=s32'00000000000000000000000000010000 (D = \key_byte [3], Q = \key_memory [3]).
Adding EN signal on $auto$ff.cc:337:slice$8413 ($_DFFE_PN0P_) from module $paramod\key_storage\KEY_WIDTH_BYTES=s32'00000000000000000000000000010000 (D = \key_byte [4], Q = \key_memory [4]).
Adding EN signal on $auto$ff.cc:337:slice$8414 ($_DFFE_PN0P_) from module $paramod\key_storage\KEY_WIDTH_BYTES=s32'00000000000000000000000000010000 (D = \key_byte [5], Q = \key_memory [5]).
Adding EN signal on $auto$ff.cc:337:slice$8415 ($_DFFE_PN0P_) from module $paramod\key_storage\KEY_WIDTH_BYTES=s32'00000000000000000000000000010000 (D = \key_byte [6], Q = \key_memory [6]).
Adding EN signal on $auto$ff.cc:337:slice$8416 ($_DFFE_PN0P_) from module $paramod\key_storage\KEY_WIDTH_BYTES=s32'00000000000000000000000000010000 (D = \key_byte [7], Q = \key_memory [7]).
Adding EN signal on $auto$ff.cc:337:slice$8441 ($_DFFE_PN0P_) from module $paramod\key_storage\KEY_WIDTH_BYTES=s32'00000000000000000000000000010000 (D = \key_byte [0], Q = \key_memory [32]).
Adding EN signal on $auto$ff.cc:337:slice$8442 ($_DFFE_PN0P_) from module $paramod\key_storage\KEY_WIDTH_BYTES=s32'00000000000000000000000000010000 (D = \key_byte [1], Q = \key_memory [33]).
Adding EN signal on $auto$ff.cc:337:slice$8443 ($_DFFE_PN0P_) from module $paramod\key_storage\KEY_WIDTH_BYTES=s32'00000000000000000000000000010000 (D = \key_byte [2], Q = \key_memory [34]).
Adding EN signal on $auto$ff.cc:337:slice$8444 ($_DFFE_PN0P_) from module $paramod\key_storage\KEY_WIDTH_BYTES=s32'00000000000000000000000000010000 (D = \key_byte [3], Q = \key_memory [35]).
Adding EN signal on $auto$ff.cc:337:slice$8445 ($_DFFE_PN0P_) from module $paramod\key_storage\KEY_WIDTH_BYTES=s32'00000000000000000000000000010000 (D = \key_byte [4], Q = \key_memory [36]).
Adding EN signal on $auto$ff.cc:337:slice$8446 ($_DFFE_PN0P_) from module $paramod\key_storage\KEY_WIDTH_BYTES=s32'00000000000000000000000000010000 (D = \key_byte [5], Q = \key_memory [37]).
Adding EN signal on $auto$ff.cc:337:slice$8447 ($_DFFE_PN0P_) from module $paramod\key_storage\KEY_WIDTH_BYTES=s32'00000000000000000000000000010000 (D = \key_byte [6], Q = \key_memory [38]).
Adding EN signal on $auto$ff.cc:337:slice$8448 ($_DFFE_PN0P_) from module $paramod\key_storage\KEY_WIDTH_BYTES=s32'00000000000000000000000000010000 (D = \key_byte [7], Q = \key_memory [39]).
Adding EN signal on $auto$ff.cc:337:slice$8473 ($_DFFE_PN0P_) from module $paramod\key_storage\KEY_WIDTH_BYTES=s32'00000000000000000000000000010000 (D = \key_byte [0], Q = \key_memory [64]).
Adding EN signal on $auto$ff.cc:337:slice$8474 ($_DFFE_PN0P_) from module $paramod\key_storage\KEY_WIDTH_BYTES=s32'00000000000000000000000000010000 (D = \key_byte [1], Q = \key_memory [65]).
Adding EN signal on $auto$ff.cc:337:slice$8475 ($_DFFE_PN0P_) from module $paramod\key_storage\KEY_WIDTH_BYTES=s32'00000000000000000000000000010000 (D = \key_byte [2], Q = \key_memory [66]).
Adding EN signal on $auto$ff.cc:337:slice$8476 ($_DFFE_PN0P_) from module $paramod\key_storage\KEY_WIDTH_BYTES=s32'00000000000000000000000000010000 (D = \key_byte [3], Q = \key_memory [67]).
Adding EN signal on $auto$ff.cc:337:slice$8477 ($_DFFE_PN0P_) from module $paramod\key_storage\KEY_WIDTH_BYTES=s32'00000000000000000000000000010000 (D = \key_byte [4], Q = \key_memory [68]).
Adding EN signal on $auto$ff.cc:337:slice$8478 ($_DFFE_PN0P_) from module $paramod\key_storage\KEY_WIDTH_BYTES=s32'00000000000000000000000000010000 (D = \key_byte [5], Q = \key_memory [69]).
Adding EN signal on $auto$ff.cc:337:slice$8479 ($_DFFE_PN0P_) from module $paramod\key_storage\KEY_WIDTH_BYTES=s32'00000000000000000000000000010000 (D = \key_byte [6], Q = \key_memory [70]).
Adding EN signal on $auto$ff.cc:337:slice$8480 ($_DFFE_PN0P_) from module $paramod\key_storage\KEY_WIDTH_BYTES=s32'00000000000000000000000000010000 (D = \key_byte [7], Q = \key_memory [71]).
Adding EN signal on $auto$ff.cc:337:slice$8505 ($_DFFE_PN0P_) from module $paramod\key_storage\KEY_WIDTH_BYTES=s32'00000000000000000000000000010000 (D = \key_byte [0], Q = \key_memory [96]).
Adding EN signal on $auto$ff.cc:337:slice$8506 ($_DFFE_PN0P_) from module $paramod\key_storage\KEY_WIDTH_BYTES=s32'00000000000000000000000000010000 (D = \key_byte [1], Q = \key_memory [97]).
Adding EN signal on $auto$ff.cc:337:slice$8507 ($_DFFE_PN0P_) from module $paramod\key_storage\KEY_WIDTH_BYTES=s32'00000000000000000000000000010000 (D = \key_byte [2], Q = \key_memory [98]).
Adding EN signal on $auto$ff.cc:337:slice$8508 ($_DFFE_PN0P_) from module $paramod\key_storage\KEY_WIDTH_BYTES=s32'00000000000000000000000000010000 (D = \key_byte [3], Q = \key_memory [99]).
Adding EN signal on $auto$ff.cc:337:slice$8509 ($_DFFE_PN0P_) from module $paramod\key_storage\KEY_WIDTH_BYTES=s32'00000000000000000000000000010000 (D = \key_byte [4], Q = \key_memory [100]).
Adding EN signal on $auto$ff.cc:337:slice$8510 ($_DFFE_PN0P_) from module $paramod\key_storage\KEY_WIDTH_BYTES=s32'00000000000000000000000000010000 (D = \key_byte [5], Q = \key_memory [101]).
Adding EN signal on $auto$ff.cc:337:slice$8511 ($_DFFE_PN0P_) from module $paramod\key_storage\KEY_WIDTH_BYTES=s32'00000000000000000000000000010000 (D = \key_byte [6], Q = \key_memory [102]).
Adding EN signal on $auto$ff.cc:337:slice$8512 ($_DFFE_PN0P_) from module $paramod\key_storage\KEY_WIDTH_BYTES=s32'00000000000000000000000000010000 (D = \key_byte [7], Q = \key_memory [103]).

14.23.9. Executing OPT_CLEAN pass (remove unused cells and wires).
Finding unused cells or wires in module \reader..
Finding unused cells or wires in module \top..
Finding unused cells or wires in module \output_mux..
Finding unused cells or wires in module \output_holder..
Finding unused cells or wires in module $paramod\key_storage\KEY_WIDTH_BYTES=s32'00000000000000000000000000010000..
Finding unused cells or wires in module \interface_fsm..
Finding unused cells or wires in module \hash_generator..
Finding unused cells or wires in module \encryption_block..
Finding unused cells or wires in module \data_router..
Removed 32 unused cells and 64 unused wires.
<suppressed ~33 debug messages>

14.23.10. Rerunning OPT passes. (Removed registers in this run.)

14.23.11. Executing OPT_EXPR pass (perform const folding).
Optimizing module reader.
Optimizing module top.
Optimizing module output_mux.
Optimizing module output_holder.
Optimizing module $paramod\key_storage\KEY_WIDTH_BYTES=s32'00000000000000000000000000010000.
Optimizing module interface_fsm.
Optimizing module hash_generator.
Optimizing module encryption_block.
Optimizing module data_router.

14.23.12. Executing OPT_MERGE pass (detect identical cells).
Finding identical cells in module `\reader'.
Computing hashes of 24 cells of `\reader'.
Finding duplicate cells in `\reader'.
Finding identical cells in module `\top'.
Computing hashes of 9 cells of `\top'.
Finding duplicate cells in `\top'.
Finding identical cells in module `\output_mux'.
Computing hashes of 1 cells of `\output_mux'.
Finding duplicate cells in `\output_mux'.
Finding identical cells in module `\output_holder'.
Computing hashes of 11 cells of `\output_holder'.
Finding duplicate cells in `\output_holder'.
Finding identical cells in module `$paramod\key_storage\KEY_WIDTH_BYTES=s32'00000000000000000000000000010000'.
Computing hashes of 574 cells of `$paramod\key_storage\KEY_WIDTH_BYTES=s32'00000000000000000000000000010000'.
Finding duplicate cells in `$paramod\key_storage\KEY_WIDTH_BYTES=s32'00000000000000000000000000010000'.
Computing hashes of 546 cells of `$paramod\key_storage\KEY_WIDTH_BYTES=s32'00000000000000000000000000010000'.
Finding duplicate cells in `$paramod\key_storage\KEY_WIDTH_BYTES=s32'00000000000000000000000000010000'.
Computing hashes of 518 cells of `$paramod\key_storage\KEY_WIDTH_BYTES=s32'00000000000000000000000000010000'.
Finding duplicate cells in `$paramod\key_storage\KEY_WIDTH_BYTES=s32'00000000000000000000000000010000'.
<suppressed ~168 debug messages>
Finding identical cells in module `\interface_fsm'.
Computing hashes of 9 cells of `\interface_fsm'.
Finding duplicate cells in `\interface_fsm'.
Finding identical cells in module `\hash_generator'.
Computing hashes of 2472 cells of `\hash_generator'.
Finding duplicate cells in `\hash_generator'.
Finding identical cells in module `\encryption_block'.
Computing hashes of 32 cells of `\encryption_block'.
Finding duplicate cells in `\encryption_block'.
Finding identical cells in module `\data_router'.
Computing hashes of 18 cells of `\data_router'.
Finding duplicate cells in `\data_router'.
Removed a total of 56 cells.

14.23.13. Executing OPT_DFF pass (perform DFF optimizations).

14.23.14. Executing OPT_CLEAN pass (remove unused cells and wires).
Finding unused cells or wires in module \reader..
Finding unused cells or wires in module \top..
Finding unused cells or wires in module \output_mux..
Finding unused cells or wires in module \output_holder..
Finding unused cells or wires in module $paramod\key_storage\KEY_WIDTH_BYTES=s32'00000000000000000000000000010000..
Finding unused cells or wires in module \interface_fsm..
Finding unused cells or wires in module \hash_generator..
Finding unused cells or wires in module \encryption_block..
Finding unused cells or wires in module \data_router..
Removed 0 unused cells and 56 unused wires.
<suppressed ~1 debug messages>

14.23.15. Finished fast OPT passes.

14.24. Executing HIERARCHY pass (managing design hierarchy).
Attribute `top' found on module `top'. Setting top module to top.

14.24.1. Analyzing design hierarchy..
Top module:  \top
Used module:     \output_holder
Used module:     \output_mux
Used module:     \encryption_block
Used module:     \hash_generator
Used module:     $paramod\key_storage\KEY_WIDTH_BYTES=s32'00000000000000000000000000010000
Used module:     \data_router
Used module:     \interface_fsm
Used module:     \reader

14.24.2. Analyzing design hierarchy..
Top module:  \top
Used module:     \output_holder
Used module:     \output_mux
Used module:     \encryption_block
Used module:     \hash_generator
Used module:     $paramod\key_storage\KEY_WIDTH_BYTES=s32'00000000000000000000000000010000
Used module:     \data_router
Used module:     \interface_fsm
Used module:     \reader
Removed 0 unused modules.

14.25. Printing statistics.

=== reader ===

        +----------Local Count, excluding submodules.
        | 
       20 wires
       49 wire bits
       14 public wires
       36 public wire bits
       11 ports
       26 port bits
       24 cells
        1   $_ANDNOT_
       11   $_AND_
        1   $_DFFE_PN0P_
       10   $_DFF_PN0_
        1   $_NOR_

=== top ===

        +----------Local Count, excluding submodules.
        | 
       31 wires
      218 wire bits
       31 public wires
      218 public wire bits
       10 ports
       24 port bits
        1 cells
        1   $_OR_
        8 submodules
        1   $paramod\key_storage\KEY_WIDTH_BYTES=s32'00000000000000000000000000010000
        1   data_router
        1   encryption_block
        1   hash_generator
        1   interface_fsm
        1   output_holder
        1   output_mux
        1   reader

=== output_mux ===

        +----------Local Count, excluding submodules.
        | 
        6 wires
       21 wire bits
        6 public wires
       21 public wire bits
        6 ports
       21 port bits
        1 cells
        1   $_OR_

=== output_holder ===

        +----------Local Count, excluding submodules.
        | 
       11 wires
       33 wire bits
        9 public wires
       31 public wire bits
        7 ports
       22 port bits
       11 cells
        9   $_DFFE_PN0P_
        1   $_NOR_
        1   $_OR_

=== $paramod\key_storage\KEY_WIDTH_BYTES=s32'00000000000000000000000000010000 ===

        +----------Local Count, excluding submodules.
        | 
      394 wires
      658 wire bits
        9 public wires
      273 public wire bits
        6 ports
      140 port bits
      518 cells
        6   $_ANDNOT_
       20   $_AND_
      132   $_DFFE_PN0P_
        1   $_DFF_PN0_
      250   $_NAND_
        1   $_NOR_
        5   $_NOT_
       54   $_ORNOT_
       46   $_OR_
        1   $_XNOR_
        2   $_XOR_

=== interface_fsm ===

        +----------Local Count, excluding submodules.
        | 
       13 wires
       16 wire bits
        8 public wires
       11 public wire bits
        6 ports
        7 port bits
        9 cells
        1   $_ANDNOT_
        1   $_AND_
        2   $_DFFE_PN0P_
        1   $_MUX_
        1   $_ORNOT_
        2   $_OR_
        1   $_XNOR_

=== hash_generator ===

        +----------Local Count, excluding submodules.
        | 
     2011 wires
     2674 wire bits
       30 public wires
      693 public wire bits
        8 ports
      144 port bits
     2472 cells
      185   $_ANDNOT_
      482   $_AND_
      239   $_DFFE_PN0P_
        3   $_DFF_PN0_
        1   $_DFF_PN1_
      144   $_MUX_
      577   $_NAND_
       35   $_NOR_
        5   $_NOT_
      154   $_ORNOT_
      186   $_OR_
      234   $_XNOR_
      227   $_XOR_

=== encryption_block ===

        +----------Local Count, excluding submodules.
        | 
       26 wires
       59 wire bits
       18 public wires
       51 public wire bits
       11 ports
       35 port bits
       32 cells
        2   $_ANDNOT_
        2   $_AND_
       10   $_DFFE_PN0P_
        2   $_DFF_PN0_
        1   $_NAND_
        2   $_NOR_
        2   $_ORNOT_
        2   $_OR_
        1   $_XNOR_
        8   $_XOR_

=== data_router ===

        +----------Local Count, excluding submodules.
        | 
        7 wires
       28 wire bits
        7 public wires
       28 public wire bits
        7 ports
       28 port bits
       18 cells
        1   $_ANDNOT_
       17   $_AND_

=== design hierarchy ===

        +----------Count including submodules.
        | 
     3086 top
      518 $paramod\key_storage\KEY_WIDTH_BYTES=s32'00000000000000000000000000010000
       18 data_router
       32 encryption_block
     2472 hash_generator
        9 interface_fsm
       11 output_holder
        1 output_mux
       24 reader

        +----------Count including submodules.
        | 
     2519 wires
     3756 wire bits
      132 public wires
     1362 public wire bits
       72 ports
      447 port bits
        - memories
        - memory bits
        - processes
     3086 cells
      196   $_ANDNOT_
      533   $_AND_
      393   $_DFFE_PN0P_
       16   $_DFF_PN0_
        1   $_DFF_PN1_
      145   $_MUX_
      828   $_NAND_
       40   $_NOR_
       10   $_NOT_
      211   $_ORNOT_
      239   $_OR_
      237   $_XNOR_
      237   $_XOR_
        8 submodules
        1   $paramod\key_storage\KEY_WIDTH_BYTES=s32'00000000000000000000000000010000
        1   data_router
        1   encryption_block
        1   hash_generator
        1   interface_fsm
        1   output_holder
        1   output_mux
        1   reader

14.26. Executing CHECK pass (checking for obvious problems).
Checking module reader...
Checking module top...
Checking module output_mux...
Checking module output_holder...
Checking module $paramod\key_storage\KEY_WIDTH_BYTES=s32'00000000000000000000000000010000...
Checking module interface_fsm...
Checking module hash_generator...
Checking module encryption_block...
Checking module data_router...
Found and reported 0 problems.

15. Executing DFFLIBMAP pass (mapping DFF cells to sequential cells from liberty file).
  cell sky130_fd_sc_hd__dfxtp_1 (noninv, pins=3, area=20.02) is a direct match for cell type $_DFF_P_.
  cell sky130_fd_sc_hd__dfrtn_1 (noninv, pins=4, area=25.02) is a direct match for cell type $_DFF_NN0_.
  cell sky130_fd_sc_hd__dfrtp_1 (noninv, pins=4, area=25.02) is a direct match for cell type $_DFF_PN0_.
  cell sky130_fd_sc_hd__dfstp_2 (noninv, pins=4, area=26.28) is a direct match for cell type $_DFF_PN1_.
  cell sky130_fd_sc_hd__edfxtp_1 (noninv, pins=4, area=30.03) is a direct match for cell type $_DFFE_PP_.
  cell sky130_fd_sc_hd__dfbbn_1 (noninv, pins=6, area=32.53) is a direct match for cell type $_DFFSR_NNN_.
  cell sky130_fd_sc_hd__dfbbp_1 (noninv, pins=6, area=32.53) is a direct match for cell type $_DFFSR_PNN_.
  final dff cell mappings:
    unmapped dff cell: $_DFF_N_
    \sky130_fd_sc_hd__dfxtp_1 _DFF_P_ (.CLK( C), .D( D), .Q( Q));
    \sky130_fd_sc_hd__dfrtn_1 _DFF_NN0_ (.CLK_N( C), .D( D), .Q( Q), .RESET_B( R));
    unmapped dff cell: $_DFF_NN1_
    unmapped dff cell: $_DFF_NP0_
    unmapped dff cell: $_DFF_NP1_
    \sky130_fd_sc_hd__dfrtp_1 _DFF_PN0_ (.CLK( C), .D( D), .Q( Q), .RESET_B( R));
    \sky130_fd_sc_hd__dfstp_2 _DFF_PN1_ (.CLK( C), .D( D), .Q( Q), .SET_B( R));
    unmapped dff cell: $_DFF_PP0_
    unmapped dff cell: $_DFF_PP1_
    unmapped dff cell: $_DFFE_NN_
    unmapped dff cell: $_DFFE_NP_
    unmapped dff cell: $_DFFE_PN_
    \sky130_fd_sc_hd__edfxtp_1 _DFFE_PP_ (.CLK( C), .D( D), .DE( E), .Q( Q));
    \sky130_fd_sc_hd__dfbbn_1 _DFFSR_NNN_ (.CLK_N( C), .D( D), .Q( Q), .Q_N(~Q), .RESET_B( R), .SET_B( S));
    unmapped dff cell: $_DFFSR_NNP_
    unmapped dff cell: $_DFFSR_NPN_
    unmapped dff cell: $_DFFSR_NPP_
    \sky130_fd_sc_hd__dfbbp_1 _DFFSR_PNN_ (.CLK( C), .D( D), .Q( Q), .Q_N(~Q), .RESET_B( R), .SET_B( S));
    unmapped dff cell: $_DFFSR_PNP_
    unmapped dff cell: $_DFFSR_PPN_
    unmapped dff cell: $_DFFSR_PPP_

15.1. Executing DFFLEGALIZE pass (convert FFs to types supported by the target).
<suppressed ~24 debug messages>
Mapping DFF cells in module `\reader':
  mapped 11 $_DFF_PN0_ cells to \sky130_fd_sc_hd__dfrtp_1 cells.
Mapping DFF cells in module `\top':
Mapping DFF cells in module `\output_mux':
Mapping DFF cells in module `\output_holder':
  mapped 9 $_DFF_PN0_ cells to \sky130_fd_sc_hd__dfrtp_1 cells.
Mapping DFF cells in module `$paramod\key_storage\KEY_WIDTH_BYTES=s32'00000000000000000000000000010000':
  mapped 133 $_DFF_PN0_ cells to \sky130_fd_sc_hd__dfrtp_1 cells.
Mapping DFF cells in module `\interface_fsm':
  mapped 2 $_DFF_PN0_ cells to \sky130_fd_sc_hd__dfrtp_1 cells.
Mapping DFF cells in module `\hash_generator':
  mapped 242 $_DFF_PN0_ cells to \sky130_fd_sc_hd__dfrtp_1 cells.
  mapped 1 $_DFF_PN1_ cells to \sky130_fd_sc_hd__dfstp_2 cells.
Mapping DFF cells in module `\encryption_block':
  mapped 12 $_DFF_PN0_ cells to \sky130_fd_sc_hd__dfrtp_1 cells.
Mapping DFF cells in module `\data_router':

16. Executing ABC pass (technology mapping using ABC).

16.1. Extracting gate netlist of module `\reader' to `<abc-temp-dir>/input.blif'..

16.1.1. Executed ABC.
Extracted 14 gates and 29 wires to a netlist network with 14 inputs and 11 outputs.
Running ABC script: <abc-temp-dir>/abc.script
ABC: UC Berkeley, ABC 1.01 (compiled Apr  8 2026 20:13:49)
ABC: abc 01> empty
ABC: abc 01> source <abc-temp-dir>/abc.script
ABC: + read_blif <abc-temp-dir>/input.blif 
ABC: + read_lib -w /home/fuex/.volare/volare/sky130/versions/0fe599b2afb6708d281543108caf8310912f54af/sky130A/libs.ref/sky130_fd_sc_hd/lib/sky130_fd_sc_hd__tt_100C_1v80.lib 
ABC: Parsing finished successfully.  Parsing time =     0.06 sec
ABC: Scl_LibertyReadGenlib() skipped cell "sky130_fd_sc_hd__decap_12" without logic function.
ABC: Scl_LibertyReadGenlib() skipped cell "sky130_fd_sc_hd__decap_3" without logic function.
ABC: Scl_LibertyReadGenlib() skipped cell "sky130_fd_sc_hd__decap_4" without logic function.
ABC: Scl_LibertyReadGenlib() skipped cell "sky130_fd_sc_hd__decap_6" without logic function.
ABC: Scl_LibertyReadGenlib() skipped cell "sky130_fd_sc_hd__decap_8" without logic function.
ABC: Scl_LibertyReadGenlib() skipped sequential cell "sky130_fd_sc_hd__dfbbn_1".
ABC: Scl_LibertyReadGenlib() skipped sequential cell "sky130_fd_sc_hd__dfbbn_2".
ABC: Scl_LibertyReadGenlib() skipped sequential cell "sky130_fd_sc_hd__dfbbp_1".
ABC: Scl_LibertyReadGenlib() skipped sequential cell "sky130_fd_sc_hd__dfrbp_1".
ABC: Scl_LibertyReadGenlib() skipped sequential cell "sky130_fd_sc_hd__dfrbp_2".
ABC: Scl_LibertyReadGenlib() skipped sequential cell "sky130_fd_sc_hd__dfrtn_1".
ABC: Scl_LibertyReadGenlib() skipped sequential cell "sky130_fd_sc_hd__dfrtp_1".
ABC: Scl_LibertyReadGenlib() skipped sequential cell "sky130_fd_sc_hd__dfrtp_2".
ABC: Scl_LibertyReadGenlib() skipped sequential cell "sky130_fd_sc_hd__dfrtp_4".
ABC: Scl_LibertyReadGenlib() skipped sequential cell "sky130_fd_sc_hd__dfsbp_1".
ABC: Scl_LibertyReadGenlib() skipped sequential cell "sky130_fd_sc_hd__dfsbp_2".
ABC: Scl_LibertyReadGenlib() skipped sequential cell "sky130_fd_sc_hd__dfstp_1".
ABC: Scl_LibertyReadGenlib() skipped sequential cell "sky130_fd_sc_hd__dfstp_2".
ABC: Scl_LibertyReadGenlib() skipped sequential cell "sky130_fd_sc_hd__dfstp_4".
ABC: Scl_LibertyReadGenlib() skipped sequential cell "sky130_fd_sc_hd__dfxbp_1".
ABC: Scl_LibertyReadGenlib() skipped sequential cell "sky130_fd_sc_hd__dfxbp_2".
ABC: Scl_LibertyReadGenlib() skipped sequential cell "sky130_fd_sc_hd__dfxtp_1".
ABC: Scl_LibertyReadGenlib() skipped sequential cell "sky130_fd_sc_hd__dfxtp_2".
ABC: Scl_LibertyReadGenlib() skipped sequential cell "sky130_fd_sc_hd__dfxtp_4".
ABC: Scl_LibertyReadGenlib() skipped cell "sky130_fd_sc_hd__diode_2" without logic function.
ABC: Scl_LibertyReadGenlib() skipped cell "sky130_fd_sc_hd__dlclkp_1" without logic function.
ABC: Scl_LibertyReadGenlib() skipped cell "sky130_fd_sc_hd__dlclkp_2" without logic function.
ABC: Scl_LibertyReadGenlib() skipped cell "sky130_fd_sc_hd__dlclkp_4" without logic function.
ABC: Scl_LibertyReadGenlib() skipped sequential cell "sky130_fd_sc_hd__dlrbn_1".
ABC: Scl_LibertyReadGenlib() skipped sequential cell "sky130_fd_sc_hd__dlrbn_2".
ABC: Scl_LibertyReadGenlib() skipped sequential cell "sky130_fd_sc_hd__dlrbp_1".
ABC: Scl_LibertyReadGenlib() skipped sequential cell "sky130_fd_sc_hd__dlrbp_2".
ABC: Scl_LibertyReadGenlib() skipped sequential cell "sky130_fd_sc_hd__dlrtn_1".
ABC: Scl_LibertyReadGenlib() skipped sequential cell "sky130_fd_sc_hd__dlrtn_2".
ABC: Scl_LibertyReadGenlib() skipped sequential cell "sky130_fd_sc_hd__dlrtn_4".
ABC: Scl_LibertyReadGenlib() skipped sequential cell "sky130_fd_sc_hd__dlrtp_1".
ABC: Scl_LibertyReadGenlib() skipped sequential cell "sky130_fd_sc_hd__dlrtp_2".
ABC: Scl_LibertyReadGenlib() skipped sequential cell "sky130_fd_sc_hd__dlrtp_4".
ABC: Scl_LibertyReadGenlib() skipped sequential cell "sky130_fd_sc_hd__dlxbn_1".
ABC: Scl_LibertyReadGenlib() skipped sequential cell "sky130_fd_sc_hd__dlxbn_2".
ABC: Scl_LibertyReadGenlib() skipped sequential cell "sky130_fd_sc_hd__dlxbp_1".
ABC: Scl_LibertyReadGenlib() skipped sequential cell "sky130_fd_sc_hd__dlxtn_1".
ABC: Scl_LibertyReadGenlib() skipped sequential cell "sky130_fd_sc_hd__dlxtn_2".
ABC: Scl_LibertyReadGenlib() skipped sequential cell "sky130_fd_sc_hd__dlxtn_4".
ABC: Scl_LibertyReadGenlib() skipped sequential cell "sky130_fd_sc_hd__dlxtp_1".
ABC: Scl_LibertyReadGenlib() skipped three-state cell "sky130_fd_sc_hd__ebufn_1".
ABC: Scl_LibertyReadGenlib() skipped three-state cell "sky130_fd_sc_hd__ebufn_2".
ABC: Scl_LibertyReadGenlib() skipped three-state cell "sky130_fd_sc_hd__ebufn_4".
ABC: Scl_LibertyReadGenlib() skipped three-state cell "sky130_fd_sc_hd__ebufn_8".
ABC: Scl_LibertyReadGenlib() skipped sequential cell "sky130_fd_sc_hd__edfxbp_1".
ABC: Scl_LibertyReadGenlib() skipped sequential cell "sky130_fd_sc_hd__edfxtp_1".
ABC: Scl_LibertyReadGenlib() skipped three-state cell "sky130_fd_sc_hd__einvn_0".
ABC: Scl_LibertyReadGenlib() skipped three-state cell "sky130_fd_sc_hd__einvn_1".
ABC: Scl_LibertyReadGenlib() skipped three-state cell "sky130_fd_sc_hd__einvn_2".
ABC: Scl_LibertyReadGenlib() skipped three-state cell "sky130_fd_sc_hd__einvn_4".
ABC: Scl_LibertyReadGenlib() skipped three-state cell "sky130_fd_sc_hd__einvn_8".
ABC: Scl_LibertyReadGenlib() skipped three-state cell "sky130_fd_sc_hd__einvp_1".
ABC: Scl_LibertyReadGenlib() skipped three-state cell "sky130_fd_sc_hd__einvp_2".
ABC: Scl_LibertyReadGenlib() skipped three-state cell "sky130_fd_sc_hd__einvp_4".
ABC: Scl_LibertyReadGenlib() skipped three-state cell "sky130_fd_sc_hd__einvp_8".
ABC: Scl_LibertyReadGenlib() skipped cell "sky130_fd_sc_hd__lpflow_bleeder_1" without logic function.
ABC: Scl_LibertyReadGenlib() skipped cell "sky130_fd_sc_hd__lpflow_decapkapwr_12" without logic function.
ABC: Scl_LibertyReadGenlib() skipped cell "sky130_fd_sc_hd__lpflow_decapkapwr_3" without logic function.
ABC: Scl_LibertyReadGenlib() skipped cell "sky130_fd_sc_hd__lpflow_decapkapwr_4" without logic function.
ABC: Scl_LibertyReadGenlib() skipped cell "sky130_fd_sc_hd__lpflow_decapkapwr_6" without logic function.
ABC: Scl_LibertyReadGenlib() skipped cell "sky130_fd_sc_hd__lpflow_decapkapwr_8" without logic function.
ABC: Scl_LibertyReadGenlib() skipped sequential cell "sky130_fd_sc_hd__lpflow_inputisolatch_1".
ABC: Scl_LibertyReadGenlib() skipped sequential cell "sky130_fd_sc_hd__sdfbbn_1".
ABC: Scl_LibertyReadGenlib() skipped sequential cell "sky130_fd_sc_hd__sdfbbn_2".
ABC: Scl_LibertyReadGenlib() skipped sequential cell "sky130_fd_sc_hd__sdfbbp_1".
ABC: Scl_LibertyReadGenlib() skipped sequential cell "sky130_fd_sc_hd__sdfrbp_1".
ABC: Scl_LibertyReadGenlib() skipped sequential cell "sky130_fd_sc_hd__sdfrbp_2".
ABC: Scl_LibertyReadGenlib() skipped sequential cell "sky130_fd_sc_hd__sdfrtn_1".
ABC: Scl_LibertyReadGenlib() skipped sequential cell "sky130_fd_sc_hd__sdfrtp_1".
ABC: Scl_LibertyReadGenlib() skipped sequential cell "sky130_fd_sc_hd__sdfrtp_2".
ABC: Scl_LibertyReadGenlib() skipped sequential cell "sky130_fd_sc_hd__sdfrtp_4".
ABC: Scl_LibertyReadGenlib() skipped sequential cell "sky130_fd_sc_hd__sdfsbp_1".
ABC: Scl_LibertyReadGenlib() skipped sequential cell "sky130_fd_sc_hd__sdfsbp_2".
ABC: Scl_LibertyReadGenlib() skipped sequential cell "sky130_fd_sc_hd__sdfstp_1".
ABC: Scl_LibertyReadGenlib() skipped sequential cell "sky130_fd_sc_hd__sdfstp_2".
ABC: Scl_LibertyReadGenlib() skipped sequential cell "sky130_fd_sc_hd__sdfstp_4".
ABC: Scl_LibertyReadGenlib() skipped sequential cell "sky130_fd_sc_hd__sdfxbp_1".
ABC: Scl_LibertyReadGenlib() skipped sequential cell "sky130_fd_sc_hd__sdfxbp_2".
ABC: Scl_LibertyReadGenlib() skipped sequential cell "sky130_fd_sc_hd__sdfxtp_1".
ABC: Scl_LibertyReadGenlib() skipped sequential cell "sky130_fd_sc_hd__sdfxtp_2".
ABC: Scl_LibertyReadGenlib() skipped sequential cell "sky130_fd_sc_hd__sdfxtp_4".
ABC: Scl_LibertyReadGenlib() skipped cell "sky130_fd_sc_hd__sdlclkp_1" without logic function.
ABC: Scl_LibertyReadGenlib() skipped cell "sky130_fd_sc_hd__sdlclkp_2" without logic function.
ABC: Scl_LibertyReadGenlib() skipped cell "sky130_fd_sc_hd__sdlclkp_4" without logic function.
ABC: Scl_LibertyReadGenlib() skipped sequential cell "sky130_fd_sc_hd__sedfxbp_1".
ABC: Scl_LibertyReadGenlib() skipped sequential cell "sky130_fd_sc_hd__sedfxbp_2".
ABC: Scl_LibertyReadGenlib() skipped sequential cell "sky130_fd_sc_hd__sedfxtp_1".
ABC: Scl_LibertyReadGenlib() skipped sequential cell "sky130_fd_sc_hd__sedfxtp_2".
ABC: Scl_LibertyReadGenlib() skipped sequential cell "sky130_fd_sc_hd__sedfxtp_4".
ABC: Library "sky130_fd_sc_hd__tt_100C_1v80" from "/home/fuex/.volare/volare/sky130/versions/0fe599b2afb6708d281543108caf8310912f54af/sky130A/libs.ref/sky130_fd_sc_hd/lib/sky130_fd_sc_hd__tt_100C_1v80.lib" has 334 cells (94 skipped: 63 seq; 13 tri-state; 18 no func; 0 dont_use; 0 with 2 outputs; 0 with 3+ outputs).  Time =     0.09 sec
ABC: Memory =   19.85 MB. Time =     0.09 sec
ABC: Warning: Detected 9 multi-output cells (for example, "sky130_fd_sc_hd__fa_1").
ABC: + strash 
ABC: + &get -n 
ABC: + &fraig -x 
ABC: + &put 
ABC: + scorr 
ABC: Warning: The network is combinational (run "fraig" or "fraig_sweep").
ABC: + dc2 
ABC: + dretime 
ABC: + strash 
ABC: + &get -n 
ABC: + &dch -f 
ABC: + &nf 
ABC: + &put 
ABC: + write_blif <abc-temp-dir>/output.blif 
ABC: 
ABC: YOSYS_ABC_DONE 

16.1.2. Re-integrating ABC results.
ABC RESULTS:   sky130_fd_sc_hd__a21o_1 cells:        1
ABC RESULTS:   sky130_fd_sc_hd__and2_0 cells:        9
ABC RESULTS:   sky130_fd_sc_hd__nor3b_1 cells:        1
ABC RESULTS:   sky130_fd_sc_hd__nor4b_1 cells:        1
ABC RESULTS:        internal signals:        4
ABC RESULTS:           input signals:       14
ABC RESULTS:          output signals:       11
Removing temp directory.

16.2. Extracting gate netlist of module `\top' to `<abc-temp-dir>/input.blif'..

16.2.1. Executed ABC.
Extracted 1 gates and 3 wires to a netlist network with 2 inputs and 1 outputs.
Running ABC script: <abc-temp-dir>/abc.script
ABC: UC Berkeley, ABC 1.01 (compiled Apr  8 2026 20:13:49)
ABC: abc 01> empty
ABC: abc 01> source <abc-temp-dir>/abc.script
ABC: + read_blif <abc-temp-dir>/input.blif 
ABC: + read_lib -w /home/fuex/.volare/volare/sky130/versions/0fe599b2afb6708d281543108caf8310912f54af/sky130A/libs.ref/sky130_fd_sc_hd/lib/sky130_fd_sc_hd__tt_100C_1v80.lib 
ABC: Parsing finished successfully.  Parsing time =     0.06 sec
ABC: Scl_LibertyReadGenlib() skipped cell "sky130_fd_sc_hd__decap_12" without logic function.
ABC: Scl_LibertyReadGenlib() skipped cell "sky130_fd_sc_hd__decap_3" without logic function.
ABC: Scl_LibertyReadGenlib() skipped cell "sky130_fd_sc_hd__decap_4" without logic function.
ABC: Scl_LibertyReadGenlib() skipped cell "sky130_fd_sc_hd__decap_6" without logic function.
ABC: Scl_LibertyReadGenlib() skipped cell "sky130_fd_sc_hd__decap_8" without logic function.
ABC: Scl_LibertyReadGenlib() skipped sequential cell "sky130_fd_sc_hd__dfbbn_1".
ABC: Scl_LibertyReadGenlib() skipped sequential cell "sky130_fd_sc_hd__dfbbn_2".
ABC: Scl_LibertyReadGenlib() skipped sequential cell "sky130_fd_sc_hd__dfbbp_1".
ABC: Scl_LibertyReadGenlib() skipped sequential cell "sky130_fd_sc_hd__dfrbp_1".
ABC: Scl_LibertyReadGenlib() skipped sequential cell "sky130_fd_sc_hd__dfrbp_2".
ABC: Scl_LibertyReadGenlib() skipped sequential cell "sky130_fd_sc_hd__dfrtn_1".
ABC: Scl_LibertyReadGenlib() skipped sequential cell "sky130_fd_sc_hd__dfrtp_1".
ABC: Scl_LibertyReadGenlib() skipped sequential cell "sky130_fd_sc_hd__dfrtp_2".
ABC: Scl_LibertyReadGenlib() skipped sequential cell "sky130_fd_sc_hd__dfrtp_4".
ABC: Scl_LibertyReadGenlib() skipped sequential cell "sky130_fd_sc_hd__dfsbp_1".
ABC: Scl_LibertyReadGenlib() skipped sequential cell "sky130_fd_sc_hd__dfsbp_2".
ABC: Scl_LibertyReadGenlib() skipped sequential cell "sky130_fd_sc_hd__dfstp_1".
ABC: Scl_LibertyReadGenlib() skipped sequential cell "sky130_fd_sc_hd__dfstp_2".
ABC: Scl_LibertyReadGenlib() skipped sequential cell "sky130_fd_sc_hd__dfstp_4".
ABC: Scl_LibertyReadGenlib() skipped sequential cell "sky130_fd_sc_hd__dfxbp_1".
ABC: Scl_LibertyReadGenlib() skipped sequential cell "sky130_fd_sc_hd__dfxbp_2".
ABC: Scl_LibertyReadGenlib() skipped sequential cell "sky130_fd_sc_hd__dfxtp_1".
ABC: Scl_LibertyReadGenlib() skipped sequential cell "sky130_fd_sc_hd__dfxtp_2".
ABC: Scl_LibertyReadGenlib() skipped sequential cell "sky130_fd_sc_hd__dfxtp_4".
ABC: Scl_LibertyReadGenlib() skipped cell "sky130_fd_sc_hd__diode_2" without logic function.
ABC: Scl_LibertyReadGenlib() skipped cell "sky130_fd_sc_hd__dlclkp_1" without logic function.
ABC: Scl_LibertyReadGenlib() skipped cell "sky130_fd_sc_hd__dlclkp_2" without logic function.
ABC: Scl_LibertyReadGenlib() skipped cell "sky130_fd_sc_hd__dlclkp_4" without logic function.
ABC: Scl_LibertyReadGenlib() skipped sequential cell "sky130_fd_sc_hd__dlrbn_1".
ABC: Scl_LibertyReadGenlib() skipped sequential cell "sky130_fd_sc_hd__dlrbn_2".
ABC: Scl_LibertyReadGenlib() skipped sequential cell "sky130_fd_sc_hd__dlrbp_1".
ABC: Scl_LibertyReadGenlib() skipped sequential cell "sky130_fd_sc_hd__dlrbp_2".
ABC: Scl_LibertyReadGenlib() skipped sequential cell "sky130_fd_sc_hd__dlrtn_1".
ABC: Scl_LibertyReadGenlib() skipped sequential cell "sky130_fd_sc_hd__dlrtn_2".
ABC: Scl_LibertyReadGenlib() skipped sequential cell "sky130_fd_sc_hd__dlrtn_4".
ABC: Scl_LibertyReadGenlib() skipped sequential cell "sky130_fd_sc_hd__dlrtp_1".
ABC: Scl_LibertyReadGenlib() skipped sequential cell "sky130_fd_sc_hd__dlrtp_2".
ABC: Scl_LibertyReadGenlib() skipped sequential cell "sky130_fd_sc_hd__dlrtp_4".
ABC: Scl_LibertyReadGenlib() skipped sequential cell "sky130_fd_sc_hd__dlxbn_1".
ABC: Scl_LibertyReadGenlib() skipped sequential cell "sky130_fd_sc_hd__dlxbn_2".
ABC: Scl_LibertyReadGenlib() skipped sequential cell "sky130_fd_sc_hd__dlxbp_1".
ABC: Scl_LibertyReadGenlib() skipped sequential cell "sky130_fd_sc_hd__dlxtn_1".
ABC: Scl_LibertyReadGenlib() skipped sequential cell "sky130_fd_sc_hd__dlxtn_2".
ABC: Scl_LibertyReadGenlib() skipped sequential cell "sky130_fd_sc_hd__dlxtn_4".
ABC: Scl_LibertyReadGenlib() skipped sequential cell "sky130_fd_sc_hd__dlxtp_1".
ABC: Scl_LibertyReadGenlib() skipped three-state cell "sky130_fd_sc_hd__ebufn_1".
ABC: Scl_LibertyReadGenlib() skipped three-state cell "sky130_fd_sc_hd__ebufn_2".
ABC: Scl_LibertyReadGenlib() skipped three-state cell "sky130_fd_sc_hd__ebufn_4".
ABC: Scl_LibertyReadGenlib() skipped three-state cell "sky130_fd_sc_hd__ebufn_8".
ABC: Scl_LibertyReadGenlib() skipped sequential cell "sky130_fd_sc_hd__edfxbp_1".
ABC: Scl_LibertyReadGenlib() skipped sequential cell "sky130_fd_sc_hd__edfxtp_1".
ABC: Scl_LibertyReadGenlib() skipped three-state cell "sky130_fd_sc_hd__einvn_0".
ABC: Scl_LibertyReadGenlib() skipped three-state cell "sky130_fd_sc_hd__einvn_1".
ABC: Scl_LibertyReadGenlib() skipped three-state cell "sky130_fd_sc_hd__einvn_2".
ABC: Scl_LibertyReadGenlib() skipped three-state cell "sky130_fd_sc_hd__einvn_4".
ABC: Scl_LibertyReadGenlib() skipped three-state cell "sky130_fd_sc_hd__einvn_8".
ABC: Scl_LibertyReadGenlib() skipped three-state cell "sky130_fd_sc_hd__einvp_1".
ABC: Scl_LibertyReadGenlib() skipped three-state cell "sky130_fd_sc_hd__einvp_2".
ABC: Scl_LibertyReadGenlib() skipped three-state cell "sky130_fd_sc_hd__einvp_4".
ABC: Scl_LibertyReadGenlib() skipped three-state cell "sky130_fd_sc_hd__einvp_8".
ABC: Scl_LibertyReadGenlib() skipped cell "sky130_fd_sc_hd__lpflow_bleeder_1" without logic function.
ABC: Scl_LibertyReadGenlib() skipped cell "sky130_fd_sc_hd__lpflow_decapkapwr_12" without logic function.
ABC: Scl_LibertyReadGenlib() skipped cell "sky130_fd_sc_hd__lpflow_decapkapwr_3" without logic function.
ABC: Scl_LibertyReadGenlib() skipped cell "sky130_fd_sc_hd__lpflow_decapkapwr_4" without logic function.
ABC: Scl_LibertyReadGenlib() skipped cell "sky130_fd_sc_hd__lpflow_decapkapwr_6" without logic function.
ABC: Scl_LibertyReadGenlib() skipped cell "sky130_fd_sc_hd__lpflow_decapkapwr_8" without logic function.
ABC: Scl_LibertyReadGenlib() skipped sequential cell "sky130_fd_sc_hd__lpflow_inputisolatch_1".
ABC: Scl_LibertyReadGenlib() skipped sequential cell "sky130_fd_sc_hd__sdfbbn_1".
ABC: Scl_LibertyReadGenlib() skipped sequential cell "sky130_fd_sc_hd__sdfbbn_2".
ABC: Scl_LibertyReadGenlib() skipped sequential cell "sky130_fd_sc_hd__sdfbbp_1".
ABC: Scl_LibertyReadGenlib() skipped sequential cell "sky130_fd_sc_hd__sdfrbp_1".
ABC: Scl_LibertyReadGenlib() skipped sequential cell "sky130_fd_sc_hd__sdfrbp_2".
ABC: Scl_LibertyReadGenlib() skipped sequential cell "sky130_fd_sc_hd__sdfrtn_1".
ABC: Scl_LibertyReadGenlib() skipped sequential cell "sky130_fd_sc_hd__sdfrtp_1".
ABC: Scl_LibertyReadGenlib() skipped sequential cell "sky130_fd_sc_hd__sdfrtp_2".
ABC: Scl_LibertyReadGenlib() skipped sequential cell "sky130_fd_sc_hd__sdfrtp_4".
ABC: Scl_LibertyReadGenlib() skipped sequential cell "sky130_fd_sc_hd__sdfsbp_1".
ABC: Scl_LibertyReadGenlib() skipped sequential cell "sky130_fd_sc_hd__sdfsbp_2".
ABC: Scl_LibertyReadGenlib() skipped sequential cell "sky130_fd_sc_hd__sdfstp_1".
ABC: Scl_LibertyReadGenlib() skipped sequential cell "sky130_fd_sc_hd__sdfstp_2".
ABC: Scl_LibertyReadGenlib() skipped sequential cell "sky130_fd_sc_hd__sdfstp_4".
ABC: Scl_LibertyReadGenlib() skipped sequential cell "sky130_fd_sc_hd__sdfxbp_1".
ABC: Scl_LibertyReadGenlib() skipped sequential cell "sky130_fd_sc_hd__sdfxbp_2".
ABC: Scl_LibertyReadGenlib() skipped sequential cell "sky130_fd_sc_hd__sdfxtp_1".
ABC: Scl_LibertyReadGenlib() skipped sequential cell "sky130_fd_sc_hd__sdfxtp_2".
ABC: Scl_LibertyReadGenlib() skipped sequential cell "sky130_fd_sc_hd__sdfxtp_4".
ABC: Scl_LibertyReadGenlib() skipped cell "sky130_fd_sc_hd__sdlclkp_1" without logic function.
ABC: Scl_LibertyReadGenlib() skipped cell "sky130_fd_sc_hd__sdlclkp_2" without logic function.
ABC: Scl_LibertyReadGenlib() skipped cell "sky130_fd_sc_hd__sdlclkp_4" without logic function.
ABC: Scl_LibertyReadGenlib() skipped sequential cell "sky130_fd_sc_hd__sedfxbp_1".
ABC: Scl_LibertyReadGenlib() skipped sequential cell "sky130_fd_sc_hd__sedfxbp_2".
ABC: Scl_LibertyReadGenlib() skipped sequential cell "sky130_fd_sc_hd__sedfxtp_1".
ABC: Scl_LibertyReadGenlib() skipped sequential cell "sky130_fd_sc_hd__sedfxtp_2".
ABC: Scl_LibertyReadGenlib() skipped sequential cell "sky130_fd_sc_hd__sedfxtp_4".
ABC: Library "sky130_fd_sc_hd__tt_100C_1v80" from "/home/fuex/.volare/volare/sky130/versions/0fe599b2afb6708d281543108caf8310912f54af/sky130A/libs.ref/sky130_fd_sc_hd/lib/sky130_fd_sc_hd__tt_100C_1v80.lib" has 334 cells (94 skipped: 63 seq; 13 tri-state; 18 no func; 0 dont_use; 0 with 2 outputs; 0 with 3+ outputs).  Time =     0.09 sec
ABC: Memory =   19.85 MB. Time =     0.09 sec
ABC: Warning: Detected 9 multi-output cells (for example, "sky130_fd_sc_hd__fa_1").
ABC: + strash 
ABC: + &get -n 
ABC: + &fraig -x 
ABC: + &put 
ABC: + scorr 
ABC: Warning: The network is combinational (run "fraig" or "fraig_sweep").
ABC: + dc2 
ABC: + dretime 
ABC: + strash 
ABC: + &get -n 
ABC: + &dch -f 
ABC: + &nf 
ABC: + &put 
ABC: + write_blif <abc-temp-dir>/output.blif 
ABC: 
ABC: YOSYS_ABC_DONE 

16.2.2. Re-integrating ABC results.
ABC RESULTS:   sky130_fd_sc_hd__lpflow_inputiso1p_1 cells:        1
ABC RESULTS:        internal signals:        0
ABC RESULTS:           input signals:        2
ABC RESULTS:          output signals:        1
Removing temp directory.

16.3. Extracting gate netlist of module `\output_mux' to `<abc-temp-dir>/input.blif'..

16.3.1. Executed ABC.
Extracted 1 gates and 3 wires to a netlist network with 2 inputs and 1 outputs.
Running ABC script: <abc-temp-dir>/abc.script
ABC: UC Berkeley, ABC 1.01 (compiled Apr  8 2026 20:13:49)
ABC: abc 01> empty
ABC: abc 01> source <abc-temp-dir>/abc.script
ABC: + read_blif <abc-temp-dir>/input.blif 
ABC: + read_lib -w /home/fuex/.volare/volare/sky130/versions/0fe599b2afb6708d281543108caf8310912f54af/sky130A/libs.ref/sky130_fd_sc_hd/lib/sky130_fd_sc_hd__tt_100C_1v80.lib 
ABC: Parsing finished successfully.  Parsing time =     0.06 sec
ABC: Scl_LibertyReadGenlib() skipped cell "sky130_fd_sc_hd__decap_12" without logic function.
ABC: Scl_LibertyReadGenlib() skipped cell "sky130_fd_sc_hd__decap_3" without logic function.
ABC: Scl_LibertyReadGenlib() skipped cell "sky130_fd_sc_hd__decap_4" without logic function.
ABC: Scl_LibertyReadGenlib() skipped cell "sky130_fd_sc_hd__decap_6" without logic function.
ABC: Scl_LibertyReadGenlib() skipped cell "sky130_fd_sc_hd__decap_8" without logic function.
ABC: Scl_LibertyReadGenlib() skipped sequential cell "sky130_fd_sc_hd__dfbbn_1".
ABC: Scl_LibertyReadGenlib() skipped sequential cell "sky130_fd_sc_hd__dfbbn_2".
ABC: Scl_LibertyReadGenlib() skipped sequential cell "sky130_fd_sc_hd__dfbbp_1".
ABC: Scl_LibertyReadGenlib() skipped sequential cell "sky130_fd_sc_hd__dfrbp_1".
ABC: Scl_LibertyReadGenlib() skipped sequential cell "sky130_fd_sc_hd__dfrbp_2".
ABC: Scl_LibertyReadGenlib() skipped sequential cell "sky130_fd_sc_hd__dfrtn_1".
ABC: Scl_LibertyReadGenlib() skipped sequential cell "sky130_fd_sc_hd__dfrtp_1".
ABC: Scl_LibertyReadGenlib() skipped sequential cell "sky130_fd_sc_hd__dfrtp_2".
ABC: Scl_LibertyReadGenlib() skipped sequential cell "sky130_fd_sc_hd__dfrtp_4".
ABC: Scl_LibertyReadGenlib() skipped sequential cell "sky130_fd_sc_hd__dfsbp_1".
ABC: Scl_LibertyReadGenlib() skipped sequential cell "sky130_fd_sc_hd__dfsbp_2".
ABC: Scl_LibertyReadGenlib() skipped sequential cell "sky130_fd_sc_hd__dfstp_1".
ABC: Scl_LibertyReadGenlib() skipped sequential cell "sky130_fd_sc_hd__dfstp_2".
ABC: Scl_LibertyReadGenlib() skipped sequential cell "sky130_fd_sc_hd__dfstp_4".
ABC: Scl_LibertyReadGenlib() skipped sequential cell "sky130_fd_sc_hd__dfxbp_1".
ABC: Scl_LibertyReadGenlib() skipped sequential cell "sky130_fd_sc_hd__dfxbp_2".
ABC: Scl_LibertyReadGenlib() skipped sequential cell "sky130_fd_sc_hd__dfxtp_1".
ABC: Scl_LibertyReadGenlib() skipped sequential cell "sky130_fd_sc_hd__dfxtp_2".
ABC: Scl_LibertyReadGenlib() skipped sequential cell "sky130_fd_sc_hd__dfxtp_4".
ABC: Scl_LibertyReadGenlib() skipped cell "sky130_fd_sc_hd__diode_2" without logic function.
ABC: Scl_LibertyReadGenlib() skipped cell "sky130_fd_sc_hd__dlclkp_1" without logic function.
ABC: Scl_LibertyReadGenlib() skipped cell "sky130_fd_sc_hd__dlclkp_2" without logic function.
ABC: Scl_LibertyReadGenlib() skipped cell "sky130_fd_sc_hd__dlclkp_4" without logic function.
ABC: Scl_LibertyReadGenlib() skipped sequential cell "sky130_fd_sc_hd__dlrbn_1".
ABC: Scl_LibertyReadGenlib() skipped sequential cell "sky130_fd_sc_hd__dlrbn_2".
ABC: Scl_LibertyReadGenlib() skipped sequential cell "sky130_fd_sc_hd__dlrbp_1".
ABC: Scl_LibertyReadGenlib() skipped sequential cell "sky130_fd_sc_hd__dlrbp_2".
ABC: Scl_LibertyReadGenlib() skipped sequential cell "sky130_fd_sc_hd__dlrtn_1".
ABC: Scl_LibertyReadGenlib() skipped sequential cell "sky130_fd_sc_hd__dlrtn_2".
ABC: Scl_LibertyReadGenlib() skipped sequential cell "sky130_fd_sc_hd__dlrtn_4".
ABC: Scl_LibertyReadGenlib() skipped sequential cell "sky130_fd_sc_hd__dlrtp_1".
ABC: Scl_LibertyReadGenlib() skipped sequential cell "sky130_fd_sc_hd__dlrtp_2".
ABC: Scl_LibertyReadGenlib() skipped sequential cell "sky130_fd_sc_hd__dlrtp_4".
ABC: Scl_LibertyReadGenlib() skipped sequential cell "sky130_fd_sc_hd__dlxbn_1".
ABC: Scl_LibertyReadGenlib() skipped sequential cell "sky130_fd_sc_hd__dlxbn_2".
ABC: Scl_LibertyReadGenlib() skipped sequential cell "sky130_fd_sc_hd__dlxbp_1".
ABC: Scl_LibertyReadGenlib() skipped sequential cell "sky130_fd_sc_hd__dlxtn_1".
ABC: Scl_LibertyReadGenlib() skipped sequential cell "sky130_fd_sc_hd__dlxtn_2".
ABC: Scl_LibertyReadGenlib() skipped sequential cell "sky130_fd_sc_hd__dlxtn_4".
ABC: Scl_LibertyReadGenlib() skipped sequential cell "sky130_fd_sc_hd__dlxtp_1".
ABC: Scl_LibertyReadGenlib() skipped three-state cell "sky130_fd_sc_hd__ebufn_1".
ABC: Scl_LibertyReadGenlib() skipped three-state cell "sky130_fd_sc_hd__ebufn_2".
ABC: Scl_LibertyReadGenlib() skipped three-state cell "sky130_fd_sc_hd__ebufn_4".
ABC: Scl_LibertyReadGenlib() skipped three-state cell "sky130_fd_sc_hd__ebufn_8".
ABC: Scl_LibertyReadGenlib() skipped sequential cell "sky130_fd_sc_hd__edfxbp_1".
ABC: Scl_LibertyReadGenlib() skipped sequential cell "sky130_fd_sc_hd__edfxtp_1".
ABC: Scl_LibertyReadGenlib() skipped three-state cell "sky130_fd_sc_hd__einvn_0".
ABC: Scl_LibertyReadGenlib() skipped three-state cell "sky130_fd_sc_hd__einvn_1".
ABC: Scl_LibertyReadGenlib() skipped three-state cell "sky130_fd_sc_hd__einvn_2".
ABC: Scl_LibertyReadGenlib() skipped three-state cell "sky130_fd_sc_hd__einvn_4".
ABC: Scl_LibertyReadGenlib() skipped three-state cell "sky130_fd_sc_hd__einvn_8".
ABC: Scl_LibertyReadGenlib() skipped three-state cell "sky130_fd_sc_hd__einvp_1".
ABC: Scl_LibertyReadGenlib() skipped three-state cell "sky130_fd_sc_hd__einvp_2".
ABC: Scl_LibertyReadGenlib() skipped three-state cell "sky130_fd_sc_hd__einvp_4".
ABC: Scl_LibertyReadGenlib() skipped three-state cell "sky130_fd_sc_hd__einvp_8".
ABC: Scl_LibertyReadGenlib() skipped cell "sky130_fd_sc_hd__lpflow_bleeder_1" without logic function.
ABC: Scl_LibertyReadGenlib() skipped cell "sky130_fd_sc_hd__lpflow_decapkapwr_12" without logic function.
ABC: Scl_LibertyReadGenlib() skipped cell "sky130_fd_sc_hd__lpflow_decapkapwr_3" without logic function.
ABC: Scl_LibertyReadGenlib() skipped cell "sky130_fd_sc_hd__lpflow_decapkapwr_4" without logic function.
ABC: Scl_LibertyReadGenlib() skipped cell "sky130_fd_sc_hd__lpflow_decapkapwr_6" without logic function.
ABC: Scl_LibertyReadGenlib() skipped cell "sky130_fd_sc_hd__lpflow_decapkapwr_8" without logic function.
ABC: Scl_LibertyReadGenlib() skipped sequential cell "sky130_fd_sc_hd__lpflow_inputisolatch_1".
ABC: Scl_LibertyReadGenlib() skipped sequential cell "sky130_fd_sc_hd__sdfbbn_1".
ABC: Scl_LibertyReadGenlib() skipped sequential cell "sky130_fd_sc_hd__sdfbbn_2".
ABC: Scl_LibertyReadGenlib() skipped sequential cell "sky130_fd_sc_hd__sdfbbp_1".
ABC: Scl_LibertyReadGenlib() skipped sequential cell "sky130_fd_sc_hd__sdfrbp_1".
ABC: Scl_LibertyReadGenlib() skipped sequential cell "sky130_fd_sc_hd__sdfrbp_2".
ABC: Scl_LibertyReadGenlib() skipped sequential cell "sky130_fd_sc_hd__sdfrtn_1".
ABC: Scl_LibertyReadGenlib() skipped sequential cell "sky130_fd_sc_hd__sdfrtp_1".
ABC: Scl_LibertyReadGenlib() skipped sequential cell "sky130_fd_sc_hd__sdfrtp_2".
ABC: Scl_LibertyReadGenlib() skipped sequential cell "sky130_fd_sc_hd__sdfrtp_4".
ABC: Scl_LibertyReadGenlib() skipped sequential cell "sky130_fd_sc_hd__sdfsbp_1".
ABC: Scl_LibertyReadGenlib() skipped sequential cell "sky130_fd_sc_hd__sdfsbp_2".
ABC: Scl_LibertyReadGenlib() skipped sequential cell "sky130_fd_sc_hd__sdfstp_1".
ABC: Scl_LibertyReadGenlib() skipped sequential cell "sky130_fd_sc_hd__sdfstp_2".
ABC: Scl_LibertyReadGenlib() skipped sequential cell "sky130_fd_sc_hd__sdfstp_4".
ABC: Scl_LibertyReadGenlib() skipped sequential cell "sky130_fd_sc_hd__sdfxbp_1".
ABC: Scl_LibertyReadGenlib() skipped sequential cell "sky130_fd_sc_hd__sdfxbp_2".
ABC: Scl_LibertyReadGenlib() skipped sequential cell "sky130_fd_sc_hd__sdfxtp_1".
ABC: Scl_LibertyReadGenlib() skipped sequential cell "sky130_fd_sc_hd__sdfxtp_2".
ABC: Scl_LibertyReadGenlib() skipped sequential cell "sky130_fd_sc_hd__sdfxtp_4".
ABC: Scl_LibertyReadGenlib() skipped cell "sky130_fd_sc_hd__sdlclkp_1" without logic function.
ABC: Scl_LibertyReadGenlib() skipped cell "sky130_fd_sc_hd__sdlclkp_2" without logic function.
ABC: Scl_LibertyReadGenlib() skipped cell "sky130_fd_sc_hd__sdlclkp_4" without logic function.
ABC: Scl_LibertyReadGenlib() skipped sequential cell "sky130_fd_sc_hd__sedfxbp_1".
ABC: Scl_LibertyReadGenlib() skipped sequential cell "sky130_fd_sc_hd__sedfxbp_2".
ABC: Scl_LibertyReadGenlib() skipped sequential cell "sky130_fd_sc_hd__sedfxtp_1".
ABC: Scl_LibertyReadGenlib() skipped sequential cell "sky130_fd_sc_hd__sedfxtp_2".
ABC: Scl_LibertyReadGenlib() skipped sequential cell "sky130_fd_sc_hd__sedfxtp_4".
ABC: Library "sky130_fd_sc_hd__tt_100C_1v80" from "/home/fuex/.volare/volare/sky130/versions/0fe599b2afb6708d281543108caf8310912f54af/sky130A/libs.ref/sky130_fd_sc_hd/lib/sky130_fd_sc_hd__tt_100C_1v80.lib" has 334 cells (94 skipped: 63 seq; 13 tri-state; 18 no func; 0 dont_use; 0 with 2 outputs; 0 with 3+ outputs).  Time =     0.09 sec
ABC: Memory =   19.85 MB. Time =     0.09 sec
ABC: Warning: Detected 9 multi-output cells (for example, "sky130_fd_sc_hd__fa_1").
ABC: + strash 
ABC: + &get -n 
ABC: + &fraig -x 
ABC: + &put 
ABC: + scorr 
ABC: Warning: The network is combinational (run "fraig" or "fraig_sweep").
ABC: + dc2 
ABC: + dretime 
ABC: + strash 
ABC: + &get -n 
ABC: + &dch -f 
ABC: + &nf 
ABC: + &put 
ABC: + write_blif <abc-temp-dir>/output.blif 
ABC: 
ABC: YOSYS_ABC_DONE 

16.3.2. Re-integrating ABC results.
ABC RESULTS:   sky130_fd_sc_hd__lpflow_inputiso1p_1 cells:        1
ABC RESULTS:        internal signals:        0
ABC RESULTS:           input signals:        2
ABC RESULTS:          output signals:        1
Removing temp directory.

16.4. Extracting gate netlist of module `\output_holder' to `<abc-temp-dir>/input.blif'..

16.4.1. Executed ABC.
Extracted 11 gates and 31 wires to a netlist network with 20 inputs and 9 outputs.
Running ABC script: <abc-temp-dir>/abc.script
ABC: UC Berkeley, ABC 1.01 (compiled Apr  8 2026 20:13:49)
ABC: abc 01> empty
ABC: abc 01> source <abc-temp-dir>/abc.script
ABC: + read_blif <abc-temp-dir>/input.blif 
ABC: + read_lib -w /home/fuex/.volare/volare/sky130/versions/0fe599b2afb6708d281543108caf8310912f54af/sky130A/libs.ref/sky130_fd_sc_hd/lib/sky130_fd_sc_hd__tt_100C_1v80.lib 
ABC: Parsing finished successfully.  Parsing time =     0.06 sec
ABC: Scl_LibertyReadGenlib() skipped cell "sky130_fd_sc_hd__decap_12" without logic function.
ABC: Scl_LibertyReadGenlib() skipped cell "sky130_fd_sc_hd__decap_3" without logic function.
ABC: Scl_LibertyReadGenlib() skipped cell "sky130_fd_sc_hd__decap_4" without logic function.
ABC: Scl_LibertyReadGenlib() skipped cell "sky130_fd_sc_hd__decap_6" without logic function.
ABC: Scl_LibertyReadGenlib() skipped cell "sky130_fd_sc_hd__decap_8" without logic function.
ABC: Scl_LibertyReadGenlib() skipped sequential cell "sky130_fd_sc_hd__dfbbn_1".
ABC: Scl_LibertyReadGenlib() skipped sequential cell "sky130_fd_sc_hd__dfbbn_2".
ABC: Scl_LibertyReadGenlib() skipped sequential cell "sky130_fd_sc_hd__dfbbp_1".
ABC: Scl_LibertyReadGenlib() skipped sequential cell "sky130_fd_sc_hd__dfrbp_1".
ABC: Scl_LibertyReadGenlib() skipped sequential cell "sky130_fd_sc_hd__dfrbp_2".
ABC: Scl_LibertyReadGenlib() skipped sequential cell "sky130_fd_sc_hd__dfrtn_1".
ABC: Scl_LibertyReadGenlib() skipped sequential cell "sky130_fd_sc_hd__dfrtp_1".
ABC: Scl_LibertyReadGenlib() skipped sequential cell "sky130_fd_sc_hd__dfrtp_2".
ABC: Scl_LibertyReadGenlib() skipped sequential cell "sky130_fd_sc_hd__dfrtp_4".
ABC: Scl_LibertyReadGenlib() skipped sequential cell "sky130_fd_sc_hd__dfsbp_1".
ABC: Scl_LibertyReadGenlib() skipped sequential cell "sky130_fd_sc_hd__dfsbp_2".
ABC: Scl_LibertyReadGenlib() skipped sequential cell "sky130_fd_sc_hd__dfstp_1".
ABC: Scl_LibertyReadGenlib() skipped sequential cell "sky130_fd_sc_hd__dfstp_2".
ABC: Scl_LibertyReadGenlib() skipped sequential cell "sky130_fd_sc_hd__dfstp_4".
ABC: Scl_LibertyReadGenlib() skipped sequential cell "sky130_fd_sc_hd__dfxbp_1".
ABC: Scl_LibertyReadGenlib() skipped sequential cell "sky130_fd_sc_hd__dfxbp_2".
ABC: Scl_LibertyReadGenlib() skipped sequential cell "sky130_fd_sc_hd__dfxtp_1".
ABC: Scl_LibertyReadGenlib() skipped sequential cell "sky130_fd_sc_hd__dfxtp_2".
ABC: Scl_LibertyReadGenlib() skipped sequential cell "sky130_fd_sc_hd__dfxtp_4".
ABC: Scl_LibertyReadGenlib() skipped cell "sky130_fd_sc_hd__diode_2" without logic function.
ABC: Scl_LibertyReadGenlib() skipped cell "sky130_fd_sc_hd__dlclkp_1" without logic function.
ABC: Scl_LibertyReadGenlib() skipped cell "sky130_fd_sc_hd__dlclkp_2" without logic function.
ABC: Scl_LibertyReadGenlib() skipped cell "sky130_fd_sc_hd__dlclkp_4" without logic function.
ABC: Scl_LibertyReadGenlib() skipped sequential cell "sky130_fd_sc_hd__dlrbn_1".
ABC: Scl_LibertyReadGenlib() skipped sequential cell "sky130_fd_sc_hd__dlrbn_2".
ABC: Scl_LibertyReadGenlib() skipped sequential cell "sky130_fd_sc_hd__dlrbp_1".
ABC: Scl_LibertyReadGenlib() skipped sequential cell "sky130_fd_sc_hd__dlrbp_2".
ABC: Scl_LibertyReadGenlib() skipped sequential cell "sky130_fd_sc_hd__dlrtn_1".
ABC: Scl_LibertyReadGenlib() skipped sequential cell "sky130_fd_sc_hd__dlrtn_2".
ABC: Scl_LibertyReadGenlib() skipped sequential cell "sky130_fd_sc_hd__dlrtn_4".
ABC: Scl_LibertyReadGenlib() skipped sequential cell "sky130_fd_sc_hd__dlrtp_1".
ABC: Scl_LibertyReadGenlib() skipped sequential cell "sky130_fd_sc_hd__dlrtp_2".
ABC: Scl_LibertyReadGenlib() skipped sequential cell "sky130_fd_sc_hd__dlrtp_4".
ABC: Scl_LibertyReadGenlib() skipped sequential cell "sky130_fd_sc_hd__dlxbn_1".
ABC: Scl_LibertyReadGenlib() skipped sequential cell "sky130_fd_sc_hd__dlxbn_2".
ABC: Scl_LibertyReadGenlib() skipped sequential cell "sky130_fd_sc_hd__dlxbp_1".
ABC: Scl_LibertyReadGenlib() skipped sequential cell "sky130_fd_sc_hd__dlxtn_1".
ABC: Scl_LibertyReadGenlib() skipped sequential cell "sky130_fd_sc_hd__dlxtn_2".
ABC: Scl_LibertyReadGenlib() skipped sequential cell "sky130_fd_sc_hd__dlxtn_4".
ABC: Scl_LibertyReadGenlib() skipped sequential cell "sky130_fd_sc_hd__dlxtp_1".
ABC: Scl_LibertyReadGenlib() skipped three-state cell "sky130_fd_sc_hd__ebufn_1".
ABC: Scl_LibertyReadGenlib() skipped three-state cell "sky130_fd_sc_hd__ebufn_2".
ABC: Scl_LibertyReadGenlib() skipped three-state cell "sky130_fd_sc_hd__ebufn_4".
ABC: Scl_LibertyReadGenlib() skipped three-state cell "sky130_fd_sc_hd__ebufn_8".
ABC: Scl_LibertyReadGenlib() skipped sequential cell "sky130_fd_sc_hd__edfxbp_1".
ABC: Scl_LibertyReadGenlib() skipped sequential cell "sky130_fd_sc_hd__edfxtp_1".
ABC: Scl_LibertyReadGenlib() skipped three-state cell "sky130_fd_sc_hd__einvn_0".
ABC: Scl_LibertyReadGenlib() skipped three-state cell "sky130_fd_sc_hd__einvn_1".
ABC: Scl_LibertyReadGenlib() skipped three-state cell "sky130_fd_sc_hd__einvn_2".
ABC: Scl_LibertyReadGenlib() skipped three-state cell "sky130_fd_sc_hd__einvn_4".
ABC: Scl_LibertyReadGenlib() skipped three-state cell "sky130_fd_sc_hd__einvn_8".
ABC: Scl_LibertyReadGenlib() skipped three-state cell "sky130_fd_sc_hd__einvp_1".
ABC: Scl_LibertyReadGenlib() skipped three-state cell "sky130_fd_sc_hd__einvp_2".
ABC: Scl_LibertyReadGenlib() skipped three-state cell "sky130_fd_sc_hd__einvp_4".
ABC: Scl_LibertyReadGenlib() skipped three-state cell "sky130_fd_sc_hd__einvp_8".
ABC: Scl_LibertyReadGenlib() skipped cell "sky130_fd_sc_hd__lpflow_bleeder_1" without logic function.
ABC: Scl_LibertyReadGenlib() skipped cell "sky130_fd_sc_hd__lpflow_decapkapwr_12" without logic function.
ABC: Scl_LibertyReadGenlib() skipped cell "sky130_fd_sc_hd__lpflow_decapkapwr_3" without logic function.
ABC: Scl_LibertyReadGenlib() skipped cell "sky130_fd_sc_hd__lpflow_decapkapwr_4" without logic function.
ABC: Scl_LibertyReadGenlib() skipped cell "sky130_fd_sc_hd__lpflow_decapkapwr_6" without logic function.
ABC: Scl_LibertyReadGenlib() skipped cell "sky130_fd_sc_hd__lpflow_decapkapwr_8" without logic function.
ABC: Scl_LibertyReadGenlib() skipped sequential cell "sky130_fd_sc_hd__lpflow_inputisolatch_1".
ABC: Scl_LibertyReadGenlib() skipped sequential cell "sky130_fd_sc_hd__sdfbbn_1".
ABC: Scl_LibertyReadGenlib() skipped sequential cell "sky130_fd_sc_hd__sdfbbn_2".
ABC: Scl_LibertyReadGenlib() skipped sequential cell "sky130_fd_sc_hd__sdfbbp_1".
ABC: Scl_LibertyReadGenlib() skipped sequential cell "sky130_fd_sc_hd__sdfrbp_1".
ABC: Scl_LibertyReadGenlib() skipped sequential cell "sky130_fd_sc_hd__sdfrbp_2".
ABC: Scl_LibertyReadGenlib() skipped sequential cell "sky130_fd_sc_hd__sdfrtn_1".
ABC: Scl_LibertyReadGenlib() skipped sequential cell "sky130_fd_sc_hd__sdfrtp_1".
ABC: Scl_LibertyReadGenlib() skipped sequential cell "sky130_fd_sc_hd__sdfrtp_2".
ABC: Scl_LibertyReadGenlib() skipped sequential cell "sky130_fd_sc_hd__sdfrtp_4".
ABC: Scl_LibertyReadGenlib() skipped sequential cell "sky130_fd_sc_hd__sdfsbp_1".
ABC: Scl_LibertyReadGenlib() skipped sequential cell "sky130_fd_sc_hd__sdfsbp_2".
ABC: Scl_LibertyReadGenlib() skipped sequential cell "sky130_fd_sc_hd__sdfstp_1".
ABC: Scl_LibertyReadGenlib() skipped sequential cell "sky130_fd_sc_hd__sdfstp_2".
ABC: Scl_LibertyReadGenlib() skipped sequential cell "sky130_fd_sc_hd__sdfstp_4".
ABC: Scl_LibertyReadGenlib() skipped sequential cell "sky130_fd_sc_hd__sdfxbp_1".
ABC: Scl_LibertyReadGenlib() skipped sequential cell "sky130_fd_sc_hd__sdfxbp_2".
ABC: Scl_LibertyReadGenlib() skipped sequential cell "sky130_fd_sc_hd__sdfxtp_1".
ABC: Scl_LibertyReadGenlib() skipped sequential cell "sky130_fd_sc_hd__sdfxtp_2".
ABC: Scl_LibertyReadGenlib() skipped sequential cell "sky130_fd_sc_hd__sdfxtp_4".
ABC: Scl_LibertyReadGenlib() skipped cell "sky130_fd_sc_hd__sdlclkp_1" without logic function.
ABC: Scl_LibertyReadGenlib() skipped cell "sky130_fd_sc_hd__sdlclkp_2" without logic function.
ABC: Scl_LibertyReadGenlib() skipped cell "sky130_fd_sc_hd__sdlclkp_4" without logic function.
ABC: Scl_LibertyReadGenlib() skipped sequential cell "sky130_fd_sc_hd__sedfxbp_1".
ABC: Scl_LibertyReadGenlib() skipped sequential cell "sky130_fd_sc_hd__sedfxbp_2".
ABC: Scl_LibertyReadGenlib() skipped sequential cell "sky130_fd_sc_hd__sedfxtp_1".
ABC: Scl_LibertyReadGenlib() skipped sequential cell "sky130_fd_sc_hd__sedfxtp_2".
ABC: Scl_LibertyReadGenlib() skipped sequential cell "sky130_fd_sc_hd__sedfxtp_4".
ABC: Library "sky130_fd_sc_hd__tt_100C_1v80" from "/home/fuex/.volare/volare/sky130/versions/0fe599b2afb6708d281543108caf8310912f54af/sky130A/libs.ref/sky130_fd_sc_hd/lib/sky130_fd_sc_hd__tt_100C_1v80.lib" has 334 cells (94 skipped: 63 seq; 13 tri-state; 18 no func; 0 dont_use; 0 with 2 outputs; 0 with 3+ outputs).  Time =     0.09 sec
ABC: Memory =   19.85 MB. Time =     0.09 sec
ABC: Warning: Detected 9 multi-output cells (for example, "sky130_fd_sc_hd__fa_1").
ABC: + strash 
ABC: + &get -n 
ABC: + &fraig -x 
ABC: + &put 
ABC: + scorr 
ABC: Warning: The network is combinational (run "fraig" or "fraig_sweep").
ABC: + dc2 
ABC: + dretime 
ABC: + strash 
ABC: + &get -n 
ABC: + &dch -f 
ABC: + &nf 
ABC: + &put 
ABC: + write_blif <abc-temp-dir>/output.blif 
ABC: 
ABC: YOSYS_ABC_DONE 

16.4.2. Re-integrating ABC results.
ABC RESULTS:   sky130_fd_sc_hd__mux2_1 cells:        8
ABC RESULTS:   sky130_fd_sc_hd__nand2b_1 cells:        1
ABC RESULTS:   sky130_fd_sc_hd__o21ai_0 cells:        1
ABC RESULTS:        internal signals:        2
ABC RESULTS:           input signals:       20
ABC RESULTS:          output signals:        9
Removing temp directory.

16.5. Extracting gate netlist of module `$paramod\key_storage\KEY_WIDTH_BYTES=s32'00000000000000000000000000010000' to `<abc-temp-dir>/input.blif'..

16.5.1. Executed ABC.
Extracted 517 gates and 658 wires to a netlist network with 141 inputs and 132 outputs.
Running ABC script: <abc-temp-dir>/abc.script
ABC: UC Berkeley, ABC 1.01 (compiled Apr  8 2026 20:13:49)
ABC: abc 01> empty
ABC: abc 01> source <abc-temp-dir>/abc.script
ABC: + read_blif <abc-temp-dir>/input.blif 
ABC: + read_lib -w /home/fuex/.volare/volare/sky130/versions/0fe599b2afb6708d281543108caf8310912f54af/sky130A/libs.ref/sky130_fd_sc_hd/lib/sky130_fd_sc_hd__tt_100C_1v80.lib 
ABC: Parsing finished successfully.  Parsing time =     0.06 sec
ABC: Scl_LibertyReadGenlib() skipped cell "sky130_fd_sc_hd__decap_12" without logic function.
ABC: Scl_LibertyReadGenlib() skipped cell "sky130_fd_sc_hd__decap_3" without logic function.
ABC: Scl_LibertyReadGenlib() skipped cell "sky130_fd_sc_hd__decap_4" without logic function.
ABC: Scl_LibertyReadGenlib() skipped cell "sky130_fd_sc_hd__decap_6" without logic function.
ABC: Scl_LibertyReadGenlib() skipped cell "sky130_fd_sc_hd__decap_8" without logic function.
ABC: Scl_LibertyReadGenlib() skipped sequential cell "sky130_fd_sc_hd__dfbbn_1".
ABC: Scl_LibertyReadGenlib() skipped sequential cell "sky130_fd_sc_hd__dfbbn_2".
ABC: Scl_LibertyReadGenlib() skipped sequential cell "sky130_fd_sc_hd__dfbbp_1".
ABC: Scl_LibertyReadGenlib() skipped sequential cell "sky130_fd_sc_hd__dfrbp_1".
ABC: Scl_LibertyReadGenlib() skipped sequential cell "sky130_fd_sc_hd__dfrbp_2".
ABC: Scl_LibertyReadGenlib() skipped sequential cell "sky130_fd_sc_hd__dfrtn_1".
ABC: Scl_LibertyReadGenlib() skipped sequential cell "sky130_fd_sc_hd__dfrtp_1".
ABC: Scl_LibertyReadGenlib() skipped sequential cell "sky130_fd_sc_hd__dfrtp_2".
ABC: Scl_LibertyReadGenlib() skipped sequential cell "sky130_fd_sc_hd__dfrtp_4".
ABC: Scl_LibertyReadGenlib() skipped sequential cell "sky130_fd_sc_hd__dfsbp_1".
ABC: Scl_LibertyReadGenlib() skipped sequential cell "sky130_fd_sc_hd__dfsbp_2".
ABC: Scl_LibertyReadGenlib() skipped sequential cell "sky130_fd_sc_hd__dfstp_1".
ABC: Scl_LibertyReadGenlib() skipped sequential cell "sky130_fd_sc_hd__dfstp_2".
ABC: Scl_LibertyReadGenlib() skipped sequential cell "sky130_fd_sc_hd__dfstp_4".
ABC: Scl_LibertyReadGenlib() skipped sequential cell "sky130_fd_sc_hd__dfxbp_1".
ABC: Scl_LibertyReadGenlib() skipped sequential cell "sky130_fd_sc_hd__dfxbp_2".
ABC: Scl_LibertyReadGenlib() skipped sequential cell "sky130_fd_sc_hd__dfxtp_1".
ABC: Scl_LibertyReadGenlib() skipped sequential cell "sky130_fd_sc_hd__dfxtp_2".
ABC: Scl_LibertyReadGenlib() skipped sequential cell "sky130_fd_sc_hd__dfxtp_4".
ABC: Scl_LibertyReadGenlib() skipped cell "sky130_fd_sc_hd__diode_2" without logic function.
ABC: Scl_LibertyReadGenlib() skipped cell "sky130_fd_sc_hd__dlclkp_1" without logic function.
ABC: Scl_LibertyReadGenlib() skipped cell "sky130_fd_sc_hd__dlclkp_2" without logic function.
ABC: Scl_LibertyReadGenlib() skipped cell "sky130_fd_sc_hd__dlclkp_4" without logic function.
ABC: Scl_LibertyReadGenlib() skipped sequential cell "sky130_fd_sc_hd__dlrbn_1".
ABC: Scl_LibertyReadGenlib() skipped sequential cell "sky130_fd_sc_hd__dlrbn_2".
ABC: Scl_LibertyReadGenlib() skipped sequential cell "sky130_fd_sc_hd__dlrbp_1".
ABC: Scl_LibertyReadGenlib() skipped sequential cell "sky130_fd_sc_hd__dlrbp_2".
ABC: Scl_LibertyReadGenlib() skipped sequential cell "sky130_fd_sc_hd__dlrtn_1".
ABC: Scl_LibertyReadGenlib() skipped sequential cell "sky130_fd_sc_hd__dlrtn_2".
ABC: Scl_LibertyReadGenlib() skipped sequential cell "sky130_fd_sc_hd__dlrtn_4".
ABC: Scl_LibertyReadGenlib() skipped sequential cell "sky130_fd_sc_hd__dlrtp_1".
ABC: Scl_LibertyReadGenlib() skipped sequential cell "sky130_fd_sc_hd__dlrtp_2".
ABC: Scl_LibertyReadGenlib() skipped sequential cell "sky130_fd_sc_hd__dlrtp_4".
ABC: Scl_LibertyReadGenlib() skipped sequential cell "sky130_fd_sc_hd__dlxbn_1".
ABC: Scl_LibertyReadGenlib() skipped sequential cell "sky130_fd_sc_hd__dlxbn_2".
ABC: Scl_LibertyReadGenlib() skipped sequential cell "sky130_fd_sc_hd__dlxbp_1".
ABC: Scl_LibertyReadGenlib() skipped sequential cell "sky130_fd_sc_hd__dlxtn_1".
ABC: Scl_LibertyReadGenlib() skipped sequential cell "sky130_fd_sc_hd__dlxtn_2".
ABC: Scl_LibertyReadGenlib() skipped sequential cell "sky130_fd_sc_hd__dlxtn_4".
ABC: Scl_LibertyReadGenlib() skipped sequential cell "sky130_fd_sc_hd__dlxtp_1".
ABC: Scl_LibertyReadGenlib() skipped three-state cell "sky130_fd_sc_hd__ebufn_1".
ABC: Scl_LibertyReadGenlib() skipped three-state cell "sky130_fd_sc_hd__ebufn_2".
ABC: Scl_LibertyReadGenlib() skipped three-state cell "sky130_fd_sc_hd__ebufn_4".
ABC: Scl_LibertyReadGenlib() skipped three-state cell "sky130_fd_sc_hd__ebufn_8".
ABC: Scl_LibertyReadGenlib() skipped sequential cell "sky130_fd_sc_hd__edfxbp_1".
ABC: Scl_LibertyReadGenlib() skipped sequential cell "sky130_fd_sc_hd__edfxtp_1".
ABC: Scl_LibertyReadGenlib() skipped three-state cell "sky130_fd_sc_hd__einvn_0".
ABC: Scl_LibertyReadGenlib() skipped three-state cell "sky130_fd_sc_hd__einvn_1".
ABC: Scl_LibertyReadGenlib() skipped three-state cell "sky130_fd_sc_hd__einvn_2".
ABC: Scl_LibertyReadGenlib() skipped three-state cell "sky130_fd_sc_hd__einvn_4".
ABC: Scl_LibertyReadGenlib() skipped three-state cell "sky130_fd_sc_hd__einvn_8".
ABC: Scl_LibertyReadGenlib() skipped three-state cell "sky130_fd_sc_hd__einvp_1".
ABC: Scl_LibertyReadGenlib() skipped three-state cell "sky130_fd_sc_hd__einvp_2".
ABC: Scl_LibertyReadGenlib() skipped three-state cell "sky130_fd_sc_hd__einvp_4".
ABC: Scl_LibertyReadGenlib() skipped three-state cell "sky130_fd_sc_hd__einvp_8".
ABC: Scl_LibertyReadGenlib() skipped cell "sky130_fd_sc_hd__lpflow_bleeder_1" without logic function.
ABC: Scl_LibertyReadGenlib() skipped cell "sky130_fd_sc_hd__lpflow_decapkapwr_12" without logic function.
ABC: Scl_LibertyReadGenlib() skipped cell "sky130_fd_sc_hd__lpflow_decapkapwr_3" without logic function.
ABC: Scl_LibertyReadGenlib() skipped cell "sky130_fd_sc_hd__lpflow_decapkapwr_4" without logic function.
ABC: Scl_LibertyReadGenlib() skipped cell "sky130_fd_sc_hd__lpflow_decapkapwr_6" without logic function.
ABC: Scl_LibertyReadGenlib() skipped cell "sky130_fd_sc_hd__lpflow_decapkapwr_8" without logic function.
ABC: Scl_LibertyReadGenlib() skipped sequential cell "sky130_fd_sc_hd__lpflow_inputisolatch_1".
ABC: Scl_LibertyReadGenlib() skipped sequential cell "sky130_fd_sc_hd__sdfbbn_1".
ABC: Scl_LibertyReadGenlib() skipped sequential cell "sky130_fd_sc_hd__sdfbbn_2".
ABC: Scl_LibertyReadGenlib() skipped sequential cell "sky130_fd_sc_hd__sdfbbp_1".
ABC: Scl_LibertyReadGenlib() skipped sequential cell "sky130_fd_sc_hd__sdfrbp_1".
ABC: Scl_LibertyReadGenlib() skipped sequential cell "sky130_fd_sc_hd__sdfrbp_2".
ABC: Scl_LibertyReadGenlib() skipped sequential cell "sky130_fd_sc_hd__sdfrtn_1".
ABC: Scl_LibertyReadGenlib() skipped sequential cell "sky130_fd_sc_hd__sdfrtp_1".
ABC: Scl_LibertyReadGenlib() skipped sequential cell "sky130_fd_sc_hd__sdfrtp_2".
ABC: Scl_LibertyReadGenlib() skipped sequential cell "sky130_fd_sc_hd__sdfrtp_4".
ABC: Scl_LibertyReadGenlib() skipped sequential cell "sky130_fd_sc_hd__sdfsbp_1".
ABC: Scl_LibertyReadGenlib() skipped sequential cell "sky130_fd_sc_hd__sdfsbp_2".
ABC: Scl_LibertyReadGenlib() skipped sequential cell "sky130_fd_sc_hd__sdfstp_1".
ABC: Scl_LibertyReadGenlib() skipped sequential cell "sky130_fd_sc_hd__sdfstp_2".
ABC: Scl_LibertyReadGenlib() skipped sequential cell "sky130_fd_sc_hd__sdfstp_4".
ABC: Scl_LibertyReadGenlib() skipped sequential cell "sky130_fd_sc_hd__sdfxbp_1".
ABC: Scl_LibertyReadGenlib() skipped sequential cell "sky130_fd_sc_hd__sdfxbp_2".
ABC: Scl_LibertyReadGenlib() skipped sequential cell "sky130_fd_sc_hd__sdfxtp_1".
ABC: Scl_LibertyReadGenlib() skipped sequential cell "sky130_fd_sc_hd__sdfxtp_2".
ABC: Scl_LibertyReadGenlib() skipped sequential cell "sky130_fd_sc_hd__sdfxtp_4".
ABC: Scl_LibertyReadGenlib() skipped cell "sky130_fd_sc_hd__sdlclkp_1" without logic function.
ABC: Scl_LibertyReadGenlib() skipped cell "sky130_fd_sc_hd__sdlclkp_2" without logic function.
ABC: Scl_LibertyReadGenlib() skipped cell "sky130_fd_sc_hd__sdlclkp_4" without logic function.
ABC: Scl_LibertyReadGenlib() skipped sequential cell "sky130_fd_sc_hd__sedfxbp_1".
ABC: Scl_LibertyReadGenlib() skipped sequential cell "sky130_fd_sc_hd__sedfxbp_2".
ABC: Scl_LibertyReadGenlib() skipped sequential cell "sky130_fd_sc_hd__sedfxtp_1".
ABC: Scl_LibertyReadGenlib() skipped sequential cell "sky130_fd_sc_hd__sedfxtp_2".
ABC: Scl_LibertyReadGenlib() skipped sequential cell "sky130_fd_sc_hd__sedfxtp_4".
ABC: Library "sky130_fd_sc_hd__tt_100C_1v80" from "/home/fuex/.volare/volare/sky130/versions/0fe599b2afb6708d281543108caf8310912f54af/sky130A/libs.ref/sky130_fd_sc_hd/lib/sky130_fd_sc_hd__tt_100C_1v80.lib" has 334 cells (94 skipped: 63 seq; 13 tri-state; 18 no func; 0 dont_use; 0 with 2 outputs; 0 with 3+ outputs).  Time =     0.09 sec
ABC: Memory =   19.85 MB. Time =     0.09 sec
ABC: Warning: Detected 9 multi-output cells (for example, "sky130_fd_sc_hd__fa_1").
ABC: + strash 
ABC: + &get -n 
ABC: + &fraig -x 
ABC: + &put 
ABC: + scorr 
ABC: Warning: The network is combinational (run "fraig" or "fraig_sweep").
ABC: + dc2 
ABC: + dretime 
ABC: + strash 
ABC: + &get -n 
ABC: + &dch -f 
ABC: + &nf 
ABC: + &put 
ABC: + write_blif <abc-temp-dir>/output.blif 
ABC: 
ABC: YOSYS_ABC_DONE 

16.5.2. Re-integrating ABC results.
ABC RESULTS:   sky130_fd_sc_hd__a21bo_1 cells:        1
ABC RESULTS:   sky130_fd_sc_hd__a21boi_0 cells:        1
ABC RESULTS:   sky130_fd_sc_hd__a21oi_1 cells:        2
ABC RESULTS:   sky130_fd_sc_hd__a31oi_1 cells:        1
ABC RESULTS:   sky130_fd_sc_hd__a32o_1 cells:       84
ABC RESULTS:   sky130_fd_sc_hd__and2_0 cells:        8
ABC RESULTS:   sky130_fd_sc_hd__and3_1 cells:        2
ABC RESULTS:   sky130_fd_sc_hd__and3b_1 cells:        3
ABC RESULTS:   sky130_fd_sc_hd__lpflow_isobufsrc_1 cells:        1
ABC RESULTS:   sky130_fd_sc_hd__mux2_1 cells:       32
ABC RESULTS:   sky130_fd_sc_hd__nand2_1 cells:       16
ABC RESULTS:   sky130_fd_sc_hd__nand3_1 cells:        7
ABC RESULTS:   sky130_fd_sc_hd__nand3b_1 cells:        2
ABC RESULTS:   sky130_fd_sc_hd__nor2_1 cells:        2
ABC RESULTS:   sky130_fd_sc_hd__nor3b_1 cells:        2
ABC RESULTS:   sky130_fd_sc_hd__o2bb2ai_1 cells:       12
ABC RESULTS:   sky130_fd_sc_hd__o31ai_1 cells:        1
ABC RESULTS:   sky130_fd_sc_hd__or4_1 cells:        1
ABC RESULTS:   sky130_fd_sc_hd__xnor2_1 cells:        2
ABC RESULTS:   sky130_fd_sc_hd__xor2_1 cells:        1
ABC RESULTS:        internal signals:      385
ABC RESULTS:           input signals:      141
ABC RESULTS:          output signals:      132
Removing temp directory.

16.6. Extracting gate netlist of module `\interface_fsm' to `<abc-temp-dir>/input.blif'..

16.6.1. Executed ABC.
Extracted 9 gates and 14 wires to a netlist network with 5 inputs and 2 outputs.
Running ABC script: <abc-temp-dir>/abc.script
ABC: UC Berkeley, ABC 1.01 (compiled Apr  8 2026 20:13:49)
ABC: abc 01> empty
ABC: abc 01> source <abc-temp-dir>/abc.script
ABC: + read_blif <abc-temp-dir>/input.blif 
ABC: + read_lib -w /home/fuex/.volare/volare/sky130/versions/0fe599b2afb6708d281543108caf8310912f54af/sky130A/libs.ref/sky130_fd_sc_hd/lib/sky130_fd_sc_hd__tt_100C_1v80.lib 
ABC: Parsing finished successfully.  Parsing time =     0.06 sec
ABC: Scl_LibertyReadGenlib() skipped cell "sky130_fd_sc_hd__decap_12" without logic function.
ABC: Scl_LibertyReadGenlib() skipped cell "sky130_fd_sc_hd__decap_3" without logic function.
ABC: Scl_LibertyReadGenlib() skipped cell "sky130_fd_sc_hd__decap_4" without logic function.
ABC: Scl_LibertyReadGenlib() skipped cell "sky130_fd_sc_hd__decap_6" without logic function.
ABC: Scl_LibertyReadGenlib() skipped cell "sky130_fd_sc_hd__decap_8" without logic function.
ABC: Scl_LibertyReadGenlib() skipped sequential cell "sky130_fd_sc_hd__dfbbn_1".
ABC: Scl_LibertyReadGenlib() skipped sequential cell "sky130_fd_sc_hd__dfbbn_2".
ABC: Scl_LibertyReadGenlib() skipped sequential cell "sky130_fd_sc_hd__dfbbp_1".
ABC: Scl_LibertyReadGenlib() skipped sequential cell "sky130_fd_sc_hd__dfrbp_1".
ABC: Scl_LibertyReadGenlib() skipped sequential cell "sky130_fd_sc_hd__dfrbp_2".
ABC: Scl_LibertyReadGenlib() skipped sequential cell "sky130_fd_sc_hd__dfrtn_1".
ABC: Scl_LibertyReadGenlib() skipped sequential cell "sky130_fd_sc_hd__dfrtp_1".
ABC: Scl_LibertyReadGenlib() skipped sequential cell "sky130_fd_sc_hd__dfrtp_2".
ABC: Scl_LibertyReadGenlib() skipped sequential cell "sky130_fd_sc_hd__dfrtp_4".
ABC: Scl_LibertyReadGenlib() skipped sequential cell "sky130_fd_sc_hd__dfsbp_1".
ABC: Scl_LibertyReadGenlib() skipped sequential cell "sky130_fd_sc_hd__dfsbp_2".
ABC: Scl_LibertyReadGenlib() skipped sequential cell "sky130_fd_sc_hd__dfstp_1".
ABC: Scl_LibertyReadGenlib() skipped sequential cell "sky130_fd_sc_hd__dfstp_2".
ABC: Scl_LibertyReadGenlib() skipped sequential cell "sky130_fd_sc_hd__dfstp_4".
ABC: Scl_LibertyReadGenlib() skipped sequential cell "sky130_fd_sc_hd__dfxbp_1".
ABC: Scl_LibertyReadGenlib() skipped sequential cell "sky130_fd_sc_hd__dfxbp_2".
ABC: Scl_LibertyReadGenlib() skipped sequential cell "sky130_fd_sc_hd__dfxtp_1".
ABC: Scl_LibertyReadGenlib() skipped sequential cell "sky130_fd_sc_hd__dfxtp_2".
ABC: Scl_LibertyReadGenlib() skipped sequential cell "sky130_fd_sc_hd__dfxtp_4".
ABC: Scl_LibertyReadGenlib() skipped cell "sky130_fd_sc_hd__diode_2" without logic function.
ABC: Scl_LibertyReadGenlib() skipped cell "sky130_fd_sc_hd__dlclkp_1" without logic function.
ABC: Scl_LibertyReadGenlib() skipped cell "sky130_fd_sc_hd__dlclkp_2" without logic function.
ABC: Scl_LibertyReadGenlib() skipped cell "sky130_fd_sc_hd__dlclkp_4" without logic function.
ABC: Scl_LibertyReadGenlib() skipped sequential cell "sky130_fd_sc_hd__dlrbn_1".
ABC: Scl_LibertyReadGenlib() skipped sequential cell "sky130_fd_sc_hd__dlrbn_2".
ABC: Scl_LibertyReadGenlib() skipped sequential cell "sky130_fd_sc_hd__dlrbp_1".
ABC: Scl_LibertyReadGenlib() skipped sequential cell "sky130_fd_sc_hd__dlrbp_2".
ABC: Scl_LibertyReadGenlib() skipped sequential cell "sky130_fd_sc_hd__dlrtn_1".
ABC: Scl_LibertyReadGenlib() skipped sequential cell "sky130_fd_sc_hd__dlrtn_2".
ABC: Scl_LibertyReadGenlib() skipped sequential cell "sky130_fd_sc_hd__dlrtn_4".
ABC: Scl_LibertyReadGenlib() skipped sequential cell "sky130_fd_sc_hd__dlrtp_1".
ABC: Scl_LibertyReadGenlib() skipped sequential cell "sky130_fd_sc_hd__dlrtp_2".
ABC: Scl_LibertyReadGenlib() skipped sequential cell "sky130_fd_sc_hd__dlrtp_4".
ABC: Scl_LibertyReadGenlib() skipped sequential cell "sky130_fd_sc_hd__dlxbn_1".
ABC: Scl_LibertyReadGenlib() skipped sequential cell "sky130_fd_sc_hd__dlxbn_2".
ABC: Scl_LibertyReadGenlib() skipped sequential cell "sky130_fd_sc_hd__dlxbp_1".
ABC: Scl_LibertyReadGenlib() skipped sequential cell "sky130_fd_sc_hd__dlxtn_1".
ABC: Scl_LibertyReadGenlib() skipped sequential cell "sky130_fd_sc_hd__dlxtn_2".
ABC: Scl_LibertyReadGenlib() skipped sequential cell "sky130_fd_sc_hd__dlxtn_4".
ABC: Scl_LibertyReadGenlib() skipped sequential cell "sky130_fd_sc_hd__dlxtp_1".
ABC: Scl_LibertyReadGenlib() skipped three-state cell "sky130_fd_sc_hd__ebufn_1".
ABC: Scl_LibertyReadGenlib() skipped three-state cell "sky130_fd_sc_hd__ebufn_2".
ABC: Scl_LibertyReadGenlib() skipped three-state cell "sky130_fd_sc_hd__ebufn_4".
ABC: Scl_LibertyReadGenlib() skipped three-state cell "sky130_fd_sc_hd__ebufn_8".
ABC: Scl_LibertyReadGenlib() skipped sequential cell "sky130_fd_sc_hd__edfxbp_1".
ABC: Scl_LibertyReadGenlib() skipped sequential cell "sky130_fd_sc_hd__edfxtp_1".
ABC: Scl_LibertyReadGenlib() skipped three-state cell "sky130_fd_sc_hd__einvn_0".
ABC: Scl_LibertyReadGenlib() skipped three-state cell "sky130_fd_sc_hd__einvn_1".
ABC: Scl_LibertyReadGenlib() skipped three-state cell "sky130_fd_sc_hd__einvn_2".
ABC: Scl_LibertyReadGenlib() skipped three-state cell "sky130_fd_sc_hd__einvn_4".
ABC: Scl_LibertyReadGenlib() skipped three-state cell "sky130_fd_sc_hd__einvn_8".
ABC: Scl_LibertyReadGenlib() skipped three-state cell "sky130_fd_sc_hd__einvp_1".
ABC: Scl_LibertyReadGenlib() skipped three-state cell "sky130_fd_sc_hd__einvp_2".
ABC: Scl_LibertyReadGenlib() skipped three-state cell "sky130_fd_sc_hd__einvp_4".
ABC: Scl_LibertyReadGenlib() skipped three-state cell "sky130_fd_sc_hd__einvp_8".
ABC: Scl_LibertyReadGenlib() skipped cell "sky130_fd_sc_hd__lpflow_bleeder_1" without logic function.
ABC: Scl_LibertyReadGenlib() skipped cell "sky130_fd_sc_hd__lpflow_decapkapwr_12" without logic function.
ABC: Scl_LibertyReadGenlib() skipped cell "sky130_fd_sc_hd__lpflow_decapkapwr_3" without logic function.
ABC: Scl_LibertyReadGenlib() skipped cell "sky130_fd_sc_hd__lpflow_decapkapwr_4" without logic function.
ABC: Scl_LibertyReadGenlib() skipped cell "sky130_fd_sc_hd__lpflow_decapkapwr_6" without logic function.
ABC: Scl_LibertyReadGenlib() skipped cell "sky130_fd_sc_hd__lpflow_decapkapwr_8" without logic function.
ABC: Scl_LibertyReadGenlib() skipped sequential cell "sky130_fd_sc_hd__lpflow_inputisolatch_1".
ABC: Scl_LibertyReadGenlib() skipped sequential cell "sky130_fd_sc_hd__sdfbbn_1".
ABC: Scl_LibertyReadGenlib() skipped sequential cell "sky130_fd_sc_hd__sdfbbn_2".
ABC: Scl_LibertyReadGenlib() skipped sequential cell "sky130_fd_sc_hd__sdfbbp_1".
ABC: Scl_LibertyReadGenlib() skipped sequential cell "sky130_fd_sc_hd__sdfrbp_1".
ABC: Scl_LibertyReadGenlib() skipped sequential cell "sky130_fd_sc_hd__sdfrbp_2".
ABC: Scl_LibertyReadGenlib() skipped sequential cell "sky130_fd_sc_hd__sdfrtn_1".
ABC: Scl_LibertyReadGenlib() skipped sequential cell "sky130_fd_sc_hd__sdfrtp_1".
ABC: Scl_LibertyReadGenlib() skipped sequential cell "sky130_fd_sc_hd__sdfrtp_2".
ABC: Scl_LibertyReadGenlib() skipped sequential cell "sky130_fd_sc_hd__sdfrtp_4".
ABC: Scl_LibertyReadGenlib() skipped sequential cell "sky130_fd_sc_hd__sdfsbp_1".
ABC: Scl_LibertyReadGenlib() skipped sequential cell "sky130_fd_sc_hd__sdfsbp_2".
ABC: Scl_LibertyReadGenlib() skipped sequential cell "sky130_fd_sc_hd__sdfstp_1".
ABC: Scl_LibertyReadGenlib() skipped sequential cell "sky130_fd_sc_hd__sdfstp_2".
ABC: Scl_LibertyReadGenlib() skipped sequential cell "sky130_fd_sc_hd__sdfstp_4".
ABC: Scl_LibertyReadGenlib() skipped sequential cell "sky130_fd_sc_hd__sdfxbp_1".
ABC: Scl_LibertyReadGenlib() skipped sequential cell "sky130_fd_sc_hd__sdfxbp_2".
ABC: Scl_LibertyReadGenlib() skipped sequential cell "sky130_fd_sc_hd__sdfxtp_1".
ABC: Scl_LibertyReadGenlib() skipped sequential cell "sky130_fd_sc_hd__sdfxtp_2".
ABC: Scl_LibertyReadGenlib() skipped sequential cell "sky130_fd_sc_hd__sdfxtp_4".
ABC: Scl_LibertyReadGenlib() skipped cell "sky130_fd_sc_hd__sdlclkp_1" without logic function.
ABC: Scl_LibertyReadGenlib() skipped cell "sky130_fd_sc_hd__sdlclkp_2" without logic function.
ABC: Scl_LibertyReadGenlib() skipped cell "sky130_fd_sc_hd__sdlclkp_4" without logic function.
ABC: Scl_LibertyReadGenlib() skipped sequential cell "sky130_fd_sc_hd__sedfxbp_1".
ABC: Scl_LibertyReadGenlib() skipped sequential cell "sky130_fd_sc_hd__sedfxbp_2".
ABC: Scl_LibertyReadGenlib() skipped sequential cell "sky130_fd_sc_hd__sedfxtp_1".
ABC: Scl_LibertyReadGenlib() skipped sequential cell "sky130_fd_sc_hd__sedfxtp_2".
ABC: Scl_LibertyReadGenlib() skipped sequential cell "sky130_fd_sc_hd__sedfxtp_4".
ABC: Library "sky130_fd_sc_hd__tt_100C_1v80" from "/home/fuex/.volare/volare/sky130/versions/0fe599b2afb6708d281543108caf8310912f54af/sky130A/libs.ref/sky130_fd_sc_hd/lib/sky130_fd_sc_hd__tt_100C_1v80.lib" has 334 cells (94 skipped: 63 seq; 13 tri-state; 18 no func; 0 dont_use; 0 with 2 outputs; 0 with 3+ outputs).  Time =     0.09 sec
ABC: Memory =   19.85 MB. Time =     0.09 sec
ABC: Warning: Detected 9 multi-output cells (for example, "sky130_fd_sc_hd__fa_1").
ABC: + strash 
ABC: + &get -n 
ABC: + &fraig -x 
ABC: + &put 
ABC: + scorr 
ABC: Warning: The network is combinational (run "fraig" or "fraig_sweep").
ABC: + dc2 
ABC: + dretime 
ABC: + strash 
ABC: + &get -n 
ABC: + &dch -f 
ABC: + &nf 
ABC: + &put 
ABC: + write_blif <abc-temp-dir>/output.blif 
ABC: 
ABC: YOSYS_ABC_DONE 

16.6.2. Re-integrating ABC results.
ABC RESULTS:   sky130_fd_sc_hd__lpflow_isobufsrc_1 cells:        1
ABC RESULTS:   sky130_fd_sc_hd__nand2_1 cells:        1
ABC RESULTS:   sky130_fd_sc_hd__nand2b_1 cells:        1
ABC RESULTS:   sky130_fd_sc_hd__o22a_1 cells:        1
ABC RESULTS:   sky130_fd_sc_hd__o22ai_1 cells:        1
ABC RESULTS:        internal signals:        7
ABC RESULTS:           input signals:        5
ABC RESULTS:          output signals:        2
Removing temp directory.

16.7. Extracting gate netlist of module `\hash_generator' to `<abc-temp-dir>/input.blif'..

16.7.1. Executed ABC.
Extracted 2468 gates and 2841 wires to a netlist network with 372 inputs and 251 outputs.
Running ABC script: <abc-temp-dir>/abc.script
ABC: UC Berkeley, ABC 1.01 (compiled Apr  8 2026 20:13:49)
ABC: abc 01> empty
ABC: abc 01> source <abc-temp-dir>/abc.script
ABC: + read_blif <abc-temp-dir>/input.blif 
ABC: + read_lib -w /home/fuex/.volare/volare/sky130/versions/0fe599b2afb6708d281543108caf8310912f54af/sky130A/libs.ref/sky130_fd_sc_hd/lib/sky130_fd_sc_hd__tt_100C_1v80.lib 
ABC: Parsing finished successfully.  Parsing time =     0.06 sec
ABC: Scl_LibertyReadGenlib() skipped cell "sky130_fd_sc_hd__decap_12" without logic function.
ABC: Scl_LibertyReadGenlib() skipped cell "sky130_fd_sc_hd__decap_3" without logic function.
ABC: Scl_LibertyReadGenlib() skipped cell "sky130_fd_sc_hd__decap_4" without logic function.
ABC: Scl_LibertyReadGenlib() skipped cell "sky130_fd_sc_hd__decap_6" without logic function.
ABC: Scl_LibertyReadGenlib() skipped cell "sky130_fd_sc_hd__decap_8" without logic function.
ABC: Scl_LibertyReadGenlib() skipped sequential cell "sky130_fd_sc_hd__dfbbn_1".
ABC: Scl_LibertyReadGenlib() skipped sequential cell "sky130_fd_sc_hd__dfbbn_2".
ABC: Scl_LibertyReadGenlib() skipped sequential cell "sky130_fd_sc_hd__dfbbp_1".
ABC: Scl_LibertyReadGenlib() skipped sequential cell "sky130_fd_sc_hd__dfrbp_1".
ABC: Scl_LibertyReadGenlib() skipped sequential cell "sky130_fd_sc_hd__dfrbp_2".
ABC: Scl_LibertyReadGenlib() skipped sequential cell "sky130_fd_sc_hd__dfrtn_1".
ABC: Scl_LibertyReadGenlib() skipped sequential cell "sky130_fd_sc_hd__dfrtp_1".
ABC: Scl_LibertyReadGenlib() skipped sequential cell "sky130_fd_sc_hd__dfrtp_2".
ABC: Scl_LibertyReadGenlib() skipped sequential cell "sky130_fd_sc_hd__dfrtp_4".
ABC: Scl_LibertyReadGenlib() skipped sequential cell "sky130_fd_sc_hd__dfsbp_1".
ABC: Scl_LibertyReadGenlib() skipped sequential cell "sky130_fd_sc_hd__dfsbp_2".
ABC: Scl_LibertyReadGenlib() skipped sequential cell "sky130_fd_sc_hd__dfstp_1".
ABC: Scl_LibertyReadGenlib() skipped sequential cell "sky130_fd_sc_hd__dfstp_2".
ABC: Scl_LibertyReadGenlib() skipped sequential cell "sky130_fd_sc_hd__dfstp_4".
ABC: Scl_LibertyReadGenlib() skipped sequential cell "sky130_fd_sc_hd__dfxbp_1".
ABC: Scl_LibertyReadGenlib() skipped sequential cell "sky130_fd_sc_hd__dfxbp_2".
ABC: Scl_LibertyReadGenlib() skipped sequential cell "sky130_fd_sc_hd__dfxtp_1".
ABC: Scl_LibertyReadGenlib() skipped sequential cell "sky130_fd_sc_hd__dfxtp_2".
ABC: Scl_LibertyReadGenlib() skipped sequential cell "sky130_fd_sc_hd__dfxtp_4".
ABC: Scl_LibertyReadGenlib() skipped cell "sky130_fd_sc_hd__diode_2" without logic function.
ABC: Scl_LibertyReadGenlib() skipped cell "sky130_fd_sc_hd__dlclkp_1" without logic function.
ABC: Scl_LibertyReadGenlib() skipped cell "sky130_fd_sc_hd__dlclkp_2" without logic function.
ABC: Scl_LibertyReadGenlib() skipped cell "sky130_fd_sc_hd__dlclkp_4" without logic function.
ABC: Scl_LibertyReadGenlib() skipped sequential cell "sky130_fd_sc_hd__dlrbn_1".
ABC: Scl_LibertyReadGenlib() skipped sequential cell "sky130_fd_sc_hd__dlrbn_2".
ABC: Scl_LibertyReadGenlib() skipped sequential cell "sky130_fd_sc_hd__dlrbp_1".
ABC: Scl_LibertyReadGenlib() skipped sequential cell "sky130_fd_sc_hd__dlrbp_2".
ABC: Scl_LibertyReadGenlib() skipped sequential cell "sky130_fd_sc_hd__dlrtn_1".
ABC: Scl_LibertyReadGenlib() skipped sequential cell "sky130_fd_sc_hd__dlrtn_2".
ABC: Scl_LibertyReadGenlib() skipped sequential cell "sky130_fd_sc_hd__dlrtn_4".
ABC: Scl_LibertyReadGenlib() skipped sequential cell "sky130_fd_sc_hd__dlrtp_1".
ABC: Scl_LibertyReadGenlib() skipped sequential cell "sky130_fd_sc_hd__dlrtp_2".
ABC: Scl_LibertyReadGenlib() skipped sequential cell "sky130_fd_sc_hd__dlrtp_4".
ABC: Scl_LibertyReadGenlib() skipped sequential cell "sky130_fd_sc_hd__dlxbn_1".
ABC: Scl_LibertyReadGenlib() skipped sequential cell "sky130_fd_sc_hd__dlxbn_2".
ABC: Scl_LibertyReadGenlib() skipped sequential cell "sky130_fd_sc_hd__dlxbp_1".
ABC: Scl_LibertyReadGenlib() skipped sequential cell "sky130_fd_sc_hd__dlxtn_1".
ABC: Scl_LibertyReadGenlib() skipped sequential cell "sky130_fd_sc_hd__dlxtn_2".
ABC: Scl_LibertyReadGenlib() skipped sequential cell "sky130_fd_sc_hd__dlxtn_4".
ABC: Scl_LibertyReadGenlib() skipped sequential cell "sky130_fd_sc_hd__dlxtp_1".
ABC: Scl_LibertyReadGenlib() skipped three-state cell "sky130_fd_sc_hd__ebufn_1".
ABC: Scl_LibertyReadGenlib() skipped three-state cell "sky130_fd_sc_hd__ebufn_2".
ABC: Scl_LibertyReadGenlib() skipped three-state cell "sky130_fd_sc_hd__ebufn_4".
ABC: Scl_LibertyReadGenlib() skipped three-state cell "sky130_fd_sc_hd__ebufn_8".
ABC: Scl_LibertyReadGenlib() skipped sequential cell "sky130_fd_sc_hd__edfxbp_1".
ABC: Scl_LibertyReadGenlib() skipped sequential cell "sky130_fd_sc_hd__edfxtp_1".
ABC: Scl_LibertyReadGenlib() skipped three-state cell "sky130_fd_sc_hd__einvn_0".
ABC: Scl_LibertyReadGenlib() skipped three-state cell "sky130_fd_sc_hd__einvn_1".
ABC: Scl_LibertyReadGenlib() skipped three-state cell "sky130_fd_sc_hd__einvn_2".
ABC: Scl_LibertyReadGenlib() skipped three-state cell "sky130_fd_sc_hd__einvn_4".
ABC: Scl_LibertyReadGenlib() skipped three-state cell "sky130_fd_sc_hd__einvn_8".
ABC: Scl_LibertyReadGenlib() skipped three-state cell "sky130_fd_sc_hd__einvp_1".
ABC: Scl_LibertyReadGenlib() skipped three-state cell "sky130_fd_sc_hd__einvp_2".
ABC: Scl_LibertyReadGenlib() skipped three-state cell "sky130_fd_sc_hd__einvp_4".
ABC: Scl_LibertyReadGenlib() skipped three-state cell "sky130_fd_sc_hd__einvp_8".
ABC: Scl_LibertyReadGenlib() skipped cell "sky130_fd_sc_hd__lpflow_bleeder_1" without logic function.
ABC: Scl_LibertyReadGenlib() skipped cell "sky130_fd_sc_hd__lpflow_decapkapwr_12" without logic function.
ABC: Scl_LibertyReadGenlib() skipped cell "sky130_fd_sc_hd__lpflow_decapkapwr_3" without logic function.
ABC: Scl_LibertyReadGenlib() skipped cell "sky130_fd_sc_hd__lpflow_decapkapwr_4" without logic function.
ABC: Scl_LibertyReadGenlib() skipped cell "sky130_fd_sc_hd__lpflow_decapkapwr_6" without logic function.
ABC: Scl_LibertyReadGenlib() skipped cell "sky130_fd_sc_hd__lpflow_decapkapwr_8" without logic function.
ABC: Scl_LibertyReadGenlib() skipped sequential cell "sky130_fd_sc_hd__lpflow_inputisolatch_1".
ABC: Scl_LibertyReadGenlib() skipped sequential cell "sky130_fd_sc_hd__sdfbbn_1".
ABC: Scl_LibertyReadGenlib() skipped sequential cell "sky130_fd_sc_hd__sdfbbn_2".
ABC: Scl_LibertyReadGenlib() skipped sequential cell "sky130_fd_sc_hd__sdfbbp_1".
ABC: Scl_LibertyReadGenlib() skipped sequential cell "sky130_fd_sc_hd__sdfrbp_1".
ABC: Scl_LibertyReadGenlib() skipped sequential cell "sky130_fd_sc_hd__sdfrbp_2".
ABC: Scl_LibertyReadGenlib() skipped sequential cell "sky130_fd_sc_hd__sdfrtn_1".
ABC: Scl_LibertyReadGenlib() skipped sequential cell "sky130_fd_sc_hd__sdfrtp_1".
ABC: Scl_LibertyReadGenlib() skipped sequential cell "sky130_fd_sc_hd__sdfrtp_2".
ABC: Scl_LibertyReadGenlib() skipped sequential cell "sky130_fd_sc_hd__sdfrtp_4".
ABC: Scl_LibertyReadGenlib() skipped sequential cell "sky130_fd_sc_hd__sdfsbp_1".
ABC: Scl_LibertyReadGenlib() skipped sequential cell "sky130_fd_sc_hd__sdfsbp_2".
ABC: Scl_LibertyReadGenlib() skipped sequential cell "sky130_fd_sc_hd__sdfstp_1".
ABC: Scl_LibertyReadGenlib() skipped sequential cell "sky130_fd_sc_hd__sdfstp_2".
ABC: Scl_LibertyReadGenlib() skipped sequential cell "sky130_fd_sc_hd__sdfstp_4".
ABC: Scl_LibertyReadGenlib() skipped sequential cell "sky130_fd_sc_hd__sdfxbp_1".
ABC: Scl_LibertyReadGenlib() skipped sequential cell "sky130_fd_sc_hd__sdfxbp_2".
ABC: Scl_LibertyReadGenlib() skipped sequential cell "sky130_fd_sc_hd__sdfxtp_1".
ABC: Scl_LibertyReadGenlib() skipped sequential cell "sky130_fd_sc_hd__sdfxtp_2".
ABC: Scl_LibertyReadGenlib() skipped sequential cell "sky130_fd_sc_hd__sdfxtp_4".
ABC: Scl_LibertyReadGenlib() skipped cell "sky130_fd_sc_hd__sdlclkp_1" without logic function.
ABC: Scl_LibertyReadGenlib() skipped cell "sky130_fd_sc_hd__sdlclkp_2" without logic function.
ABC: Scl_LibertyReadGenlib() skipped cell "sky130_fd_sc_hd__sdlclkp_4" without logic function.
ABC: Scl_LibertyReadGenlib() skipped sequential cell "sky130_fd_sc_hd__sedfxbp_1".
ABC: Scl_LibertyReadGenlib() skipped sequential cell "sky130_fd_sc_hd__sedfxbp_2".
ABC: Scl_LibertyReadGenlib() skipped sequential cell "sky130_fd_sc_hd__sedfxtp_1".
ABC: Scl_LibertyReadGenlib() skipped sequential cell "sky130_fd_sc_hd__sedfxtp_2".
ABC: Scl_LibertyReadGenlib() skipped sequential cell "sky130_fd_sc_hd__sedfxtp_4".
ABC: Library "sky130_fd_sc_hd__tt_100C_1v80" from "/home/fuex/.volare/volare/sky130/versions/0fe599b2afb6708d281543108caf8310912f54af/sky130A/libs.ref/sky130_fd_sc_hd/lib/sky130_fd_sc_hd__tt_100C_1v80.lib" has 334 cells (94 skipped: 63 seq; 13 tri-state; 18 no func; 0 dont_use; 0 with 2 outputs; 0 with 3+ outputs).  Time =     0.09 sec
ABC: Memory =   19.85 MB. Time =     0.09 sec
ABC: Warning: Detected 9 multi-output cells (for example, "sky130_fd_sc_hd__fa_1").
ABC: + strash 
ABC: + &get -n 
ABC: + &fraig -x 
ABC: + &put 
ABC: + scorr 
ABC: Warning: The network is combinational (run "fraig" or "fraig_sweep").
ABC: + dc2 
ABC: + dretime 
ABC: + strash 
ABC: + &get -n 
ABC: + &dch -f 
ABC: + &nf 
ABC: + &put 
ABC: + write_blif <abc-temp-dir>/output.blif 
ABC: 
ABC: YOSYS_ABC_DONE 

16.7.2. Re-integrating ABC results.
ABC RESULTS:   sky130_fd_sc_hd__a2111oi_0 cells:        1
ABC RESULTS:   sky130_fd_sc_hd__a211o_1 cells:        2
ABC RESULTS:   sky130_fd_sc_hd__a211oi_1 cells:       12
ABC RESULTS:   sky130_fd_sc_hd__a21boi_0 cells:        3
ABC RESULTS:   sky130_fd_sc_hd__a21o_1 cells:        7
ABC RESULTS:   sky130_fd_sc_hd__a21oi_1 cells:      147
ABC RESULTS:   sky130_fd_sc_hd__a221o_1 cells:        2
ABC RESULTS:   sky130_fd_sc_hd__a221oi_1 cells:        6
ABC RESULTS:   sky130_fd_sc_hd__a222oi_1 cells:        3
ABC RESULTS:   sky130_fd_sc_hd__a22o_1 cells:       72
ABC RESULTS:   sky130_fd_sc_hd__a22oi_1 cells:        9
ABC RESULTS:   sky130_fd_sc_hd__a311o_1 cells:        1
ABC RESULTS:   sky130_fd_sc_hd__a311oi_1 cells:        2
ABC RESULTS:   sky130_fd_sc_hd__a31o_1 cells:        2
ABC RESULTS:   sky130_fd_sc_hd__a31oi_1 cells:        8
ABC RESULTS:   sky130_fd_sc_hd__a32o_1 cells:        1
ABC RESULTS:   sky130_fd_sc_hd__a41o_1 cells:        1
ABC RESULTS:   sky130_fd_sc_hd__and2_0 cells:       25
ABC RESULTS:   sky130_fd_sc_hd__and3_1 cells:       30
ABC RESULTS:   sky130_fd_sc_hd__and3b_1 cells:        1
ABC RESULTS:   sky130_fd_sc_hd__and4_1 cells:        1
ABC RESULTS:   sky130_fd_sc_hd__clkinv_1 cells:       82
ABC RESULTS:   sky130_fd_sc_hd__lpflow_inputiso1p_1 cells:       19
ABC RESULTS:   sky130_fd_sc_hd__lpflow_isobufsrc_1 cells:       27
ABC RESULTS:   sky130_fd_sc_hd__maj3_1 cells:      122
ABC RESULTS:   sky130_fd_sc_hd__mux2i_1 cells:        8
ABC RESULTS:   sky130_fd_sc_hd__mux4_2 cells:       58
ABC RESULTS:   sky130_fd_sc_hd__nand2_1 cells:      228
ABC RESULTS:   sky130_fd_sc_hd__nand2b_1 cells:       20
ABC RESULTS:   sky130_fd_sc_hd__nand3_1 cells:       22
ABC RESULTS:   sky130_fd_sc_hd__nand3b_1 cells:        1
ABC RESULTS:   sky130_fd_sc_hd__nand4_1 cells:        6
ABC RESULTS:   sky130_fd_sc_hd__nor2_1 cells:      103
ABC RESULTS:   sky130_fd_sc_hd__nor2b_1 cells:        9
ABC RESULTS:   sky130_fd_sc_hd__nor3_1 cells:       41
ABC RESULTS:   sky130_fd_sc_hd__nor3b_1 cells:        1
ABC RESULTS:   sky130_fd_sc_hd__nor4_1 cells:        9
ABC RESULTS:   sky130_fd_sc_hd__o2111ai_1 cells:        1
ABC RESULTS:   sky130_fd_sc_hd__o211a_1 cells:        1
ABC RESULTS:   sky130_fd_sc_hd__o211ai_1 cells:        2
ABC RESULTS:   sky130_fd_sc_hd__o21a_1 cells:       15
ABC RESULTS:   sky130_fd_sc_hd__o21ai_0 cells:      144
ABC RESULTS:   sky130_fd_sc_hd__o21ba_1 cells:        1
ABC RESULTS:   sky130_fd_sc_hd__o21bai_1 cells:        3
ABC RESULTS:   sky130_fd_sc_hd__o221ai_1 cells:        2
ABC RESULTS:   sky130_fd_sc_hd__o22ai_1 cells:        9
ABC RESULTS:   sky130_fd_sc_hd__o311a_1 cells:        1
ABC RESULTS:   sky130_fd_sc_hd__o311ai_0 cells:        3
ABC RESULTS:   sky130_fd_sc_hd__o31ai_1 cells:        8
ABC RESULTS:   sky130_fd_sc_hd__o32ai_1 cells:        7
ABC RESULTS:   sky130_fd_sc_hd__or3_1 cells:        4
ABC RESULTS:   sky130_fd_sc_hd__or3b_1 cells:        1
ABC RESULTS:   sky130_fd_sc_hd__xnor2_1 cells:      204
ABC RESULTS:   sky130_fd_sc_hd__xnor3_1 cells:       53
ABC RESULTS:   sky130_fd_sc_hd__xor2_1 cells:      144
ABC RESULTS:   sky130_fd_sc_hd__xor3_1 cells:        5
ABC RESULTS:        internal signals:     2218
ABC RESULTS:           input signals:      372
ABC RESULTS:          output signals:      251
Removing temp directory.

16.8. Extracting gate netlist of module `\encryption_block' to `<abc-temp-dir>/input.blif'..

16.8.1. Executed ABC.
Extracted 30 gates and 60 wires to a netlist network with 30 inputs and 20 outputs.
Running ABC script: <abc-temp-dir>/abc.script
ABC: UC Berkeley, ABC 1.01 (compiled Apr  8 2026 20:13:49)
ABC: abc 01> empty
ABC: abc 01> source <abc-temp-dir>/abc.script
ABC: + read_blif <abc-temp-dir>/input.blif 
ABC: + read_lib -w /home/fuex/.volare/volare/sky130/versions/0fe599b2afb6708d281543108caf8310912f54af/sky130A/libs.ref/sky130_fd_sc_hd/lib/sky130_fd_sc_hd__tt_100C_1v80.lib 
ABC: Parsing finished successfully.  Parsing time =     0.06 sec
ABC: Scl_LibertyReadGenlib() skipped cell "sky130_fd_sc_hd__decap_12" without logic function.
ABC: Scl_LibertyReadGenlib() skipped cell "sky130_fd_sc_hd__decap_3" without logic function.
ABC: Scl_LibertyReadGenlib() skipped cell "sky130_fd_sc_hd__decap_4" without logic function.
ABC: Scl_LibertyReadGenlib() skipped cell "sky130_fd_sc_hd__decap_6" without logic function.
ABC: Scl_LibertyReadGenlib() skipped cell "sky130_fd_sc_hd__decap_8" without logic function.
ABC: Scl_LibertyReadGenlib() skipped sequential cell "sky130_fd_sc_hd__dfbbn_1".
ABC: Scl_LibertyReadGenlib() skipped sequential cell "sky130_fd_sc_hd__dfbbn_2".
ABC: Scl_LibertyReadGenlib() skipped sequential cell "sky130_fd_sc_hd__dfbbp_1".
ABC: Scl_LibertyReadGenlib() skipped sequential cell "sky130_fd_sc_hd__dfrbp_1".
ABC: Scl_LibertyReadGenlib() skipped sequential cell "sky130_fd_sc_hd__dfrbp_2".
ABC: Scl_LibertyReadGenlib() skipped sequential cell "sky130_fd_sc_hd__dfrtn_1".
ABC: Scl_LibertyReadGenlib() skipped sequential cell "sky130_fd_sc_hd__dfrtp_1".
ABC: Scl_LibertyReadGenlib() skipped sequential cell "sky130_fd_sc_hd__dfrtp_2".
ABC: Scl_LibertyReadGenlib() skipped sequential cell "sky130_fd_sc_hd__dfrtp_4".
ABC: Scl_LibertyReadGenlib() skipped sequential cell "sky130_fd_sc_hd__dfsbp_1".
ABC: Scl_LibertyReadGenlib() skipped sequential cell "sky130_fd_sc_hd__dfsbp_2".
ABC: Scl_LibertyReadGenlib() skipped sequential cell "sky130_fd_sc_hd__dfstp_1".
ABC: Scl_LibertyReadGenlib() skipped sequential cell "sky130_fd_sc_hd__dfstp_2".
ABC: Scl_LibertyReadGenlib() skipped sequential cell "sky130_fd_sc_hd__dfstp_4".
ABC: Scl_LibertyReadGenlib() skipped sequential cell "sky130_fd_sc_hd__dfxbp_1".
ABC: Scl_LibertyReadGenlib() skipped sequential cell "sky130_fd_sc_hd__dfxbp_2".
ABC: Scl_LibertyReadGenlib() skipped sequential cell "sky130_fd_sc_hd__dfxtp_1".
ABC: Scl_LibertyReadGenlib() skipped sequential cell "sky130_fd_sc_hd__dfxtp_2".
ABC: Scl_LibertyReadGenlib() skipped sequential cell "sky130_fd_sc_hd__dfxtp_4".
ABC: Scl_LibertyReadGenlib() skipped cell "sky130_fd_sc_hd__diode_2" without logic function.
ABC: Scl_LibertyReadGenlib() skipped cell "sky130_fd_sc_hd__dlclkp_1" without logic function.
ABC: Scl_LibertyReadGenlib() skipped cell "sky130_fd_sc_hd__dlclkp_2" without logic function.
ABC: Scl_LibertyReadGenlib() skipped cell "sky130_fd_sc_hd__dlclkp_4" without logic function.
ABC: Scl_LibertyReadGenlib() skipped sequential cell "sky130_fd_sc_hd__dlrbn_1".
ABC: Scl_LibertyReadGenlib() skipped sequential cell "sky130_fd_sc_hd__dlrbn_2".
ABC: Scl_LibertyReadGenlib() skipped sequential cell "sky130_fd_sc_hd__dlrbp_1".
ABC: Scl_LibertyReadGenlib() skipped sequential cell "sky130_fd_sc_hd__dlrbp_2".
ABC: Scl_LibertyReadGenlib() skipped sequential cell "sky130_fd_sc_hd__dlrtn_1".
ABC: Scl_LibertyReadGenlib() skipped sequential cell "sky130_fd_sc_hd__dlrtn_2".
ABC: Scl_LibertyReadGenlib() skipped sequential cell "sky130_fd_sc_hd__dlrtn_4".
ABC: Scl_LibertyReadGenlib() skipped sequential cell "sky130_fd_sc_hd__dlrtp_1".
ABC: Scl_LibertyReadGenlib() skipped sequential cell "sky130_fd_sc_hd__dlrtp_2".
ABC: Scl_LibertyReadGenlib() skipped sequential cell "sky130_fd_sc_hd__dlrtp_4".
ABC: Scl_LibertyReadGenlib() skipped sequential cell "sky130_fd_sc_hd__dlxbn_1".
ABC: Scl_LibertyReadGenlib() skipped sequential cell "sky130_fd_sc_hd__dlxbn_2".
ABC: Scl_LibertyReadGenlib() skipped sequential cell "sky130_fd_sc_hd__dlxbp_1".
ABC: Scl_LibertyReadGenlib() skipped sequential cell "sky130_fd_sc_hd__dlxtn_1".
ABC: Scl_LibertyReadGenlib() skipped sequential cell "sky130_fd_sc_hd__dlxtn_2".
ABC: Scl_LibertyReadGenlib() skipped sequential cell "sky130_fd_sc_hd__dlxtn_4".
ABC: Scl_LibertyReadGenlib() skipped sequential cell "sky130_fd_sc_hd__dlxtp_1".
ABC: Scl_LibertyReadGenlib() skipped three-state cell "sky130_fd_sc_hd__ebufn_1".
ABC: Scl_LibertyReadGenlib() skipped three-state cell "sky130_fd_sc_hd__ebufn_2".
ABC: Scl_LibertyReadGenlib() skipped three-state cell "sky130_fd_sc_hd__ebufn_4".
ABC: Scl_LibertyReadGenlib() skipped three-state cell "sky130_fd_sc_hd__ebufn_8".
ABC: Scl_LibertyReadGenlib() skipped sequential cell "sky130_fd_sc_hd__edfxbp_1".
ABC: Scl_LibertyReadGenlib() skipped sequential cell "sky130_fd_sc_hd__edfxtp_1".
ABC: Scl_LibertyReadGenlib() skipped three-state cell "sky130_fd_sc_hd__einvn_0".
ABC: Scl_LibertyReadGenlib() skipped three-state cell "sky130_fd_sc_hd__einvn_1".
ABC: Scl_LibertyReadGenlib() skipped three-state cell "sky130_fd_sc_hd__einvn_2".
ABC: Scl_LibertyReadGenlib() skipped three-state cell "sky130_fd_sc_hd__einvn_4".
ABC: Scl_LibertyReadGenlib() skipped three-state cell "sky130_fd_sc_hd__einvn_8".
ABC: Scl_LibertyReadGenlib() skipped three-state cell "sky130_fd_sc_hd__einvp_1".
ABC: Scl_LibertyReadGenlib() skipped three-state cell "sky130_fd_sc_hd__einvp_2".
ABC: Scl_LibertyReadGenlib() skipped three-state cell "sky130_fd_sc_hd__einvp_4".
ABC: Scl_LibertyReadGenlib() skipped three-state cell "sky130_fd_sc_hd__einvp_8".
ABC: Scl_LibertyReadGenlib() skipped cell "sky130_fd_sc_hd__lpflow_bleeder_1" without logic function.
ABC: Scl_LibertyReadGenlib() skipped cell "sky130_fd_sc_hd__lpflow_decapkapwr_12" without logic function.
ABC: Scl_LibertyReadGenlib() skipped cell "sky130_fd_sc_hd__lpflow_decapkapwr_3" without logic function.
ABC: Scl_LibertyReadGenlib() skipped cell "sky130_fd_sc_hd__lpflow_decapkapwr_4" without logic function.
ABC: Scl_LibertyReadGenlib() skipped cell "sky130_fd_sc_hd__lpflow_decapkapwr_6" without logic function.
ABC: Scl_LibertyReadGenlib() skipped cell "sky130_fd_sc_hd__lpflow_decapkapwr_8" without logic function.
ABC: Scl_LibertyReadGenlib() skipped sequential cell "sky130_fd_sc_hd__lpflow_inputisolatch_1".
ABC: Scl_LibertyReadGenlib() skipped sequential cell "sky130_fd_sc_hd__sdfbbn_1".
ABC: Scl_LibertyReadGenlib() skipped sequential cell "sky130_fd_sc_hd__sdfbbn_2".
ABC: Scl_LibertyReadGenlib() skipped sequential cell "sky130_fd_sc_hd__sdfbbp_1".
ABC: Scl_LibertyReadGenlib() skipped sequential cell "sky130_fd_sc_hd__sdfrbp_1".
ABC: Scl_LibertyReadGenlib() skipped sequential cell "sky130_fd_sc_hd__sdfrbp_2".
ABC: Scl_LibertyReadGenlib() skipped sequential cell "sky130_fd_sc_hd__sdfrtn_1".
ABC: Scl_LibertyReadGenlib() skipped sequential cell "sky130_fd_sc_hd__sdfrtp_1".
ABC: Scl_LibertyReadGenlib() skipped sequential cell "sky130_fd_sc_hd__sdfrtp_2".
ABC: Scl_LibertyReadGenlib() skipped sequential cell "sky130_fd_sc_hd__sdfrtp_4".
ABC: Scl_LibertyReadGenlib() skipped sequential cell "sky130_fd_sc_hd__sdfsbp_1".
ABC: Scl_LibertyReadGenlib() skipped sequential cell "sky130_fd_sc_hd__sdfsbp_2".
ABC: Scl_LibertyReadGenlib() skipped sequential cell "sky130_fd_sc_hd__sdfstp_1".
ABC: Scl_LibertyReadGenlib() skipped sequential cell "sky130_fd_sc_hd__sdfstp_2".
ABC: Scl_LibertyReadGenlib() skipped sequential cell "sky130_fd_sc_hd__sdfstp_4".
ABC: Scl_LibertyReadGenlib() skipped sequential cell "sky130_fd_sc_hd__sdfxbp_1".
ABC: Scl_LibertyReadGenlib() skipped sequential cell "sky130_fd_sc_hd__sdfxbp_2".
ABC: Scl_LibertyReadGenlib() skipped sequential cell "sky130_fd_sc_hd__sdfxtp_1".
ABC: Scl_LibertyReadGenlib() skipped sequential cell "sky130_fd_sc_hd__sdfxtp_2".
ABC: Scl_LibertyReadGenlib() skipped sequential cell "sky130_fd_sc_hd__sdfxtp_4".
ABC: Scl_LibertyReadGenlib() skipped cell "sky130_fd_sc_hd__sdlclkp_1" without logic function.
ABC: Scl_LibertyReadGenlib() skipped cell "sky130_fd_sc_hd__sdlclkp_2" without logic function.
ABC: Scl_LibertyReadGenlib() skipped cell "sky130_fd_sc_hd__sdlclkp_4" without logic function.
ABC: Scl_LibertyReadGenlib() skipped sequential cell "sky130_fd_sc_hd__sedfxbp_1".
ABC: Scl_LibertyReadGenlib() skipped sequential cell "sky130_fd_sc_hd__sedfxbp_2".
ABC: Scl_LibertyReadGenlib() skipped sequential cell "sky130_fd_sc_hd__sedfxtp_1".
ABC: Scl_LibertyReadGenlib() skipped sequential cell "sky130_fd_sc_hd__sedfxtp_2".
ABC: Scl_LibertyReadGenlib() skipped sequential cell "sky130_fd_sc_hd__sedfxtp_4".
ABC: Library "sky130_fd_sc_hd__tt_100C_1v80" from "/home/fuex/.volare/volare/sky130/versions/0fe599b2afb6708d281543108caf8310912f54af/sky130A/libs.ref/sky130_fd_sc_hd/lib/sky130_fd_sc_hd__tt_100C_1v80.lib" has 334 cells (94 skipped: 63 seq; 13 tri-state; 18 no func; 0 dont_use; 0 with 2 outputs; 0 with 3+ outputs).  Time =     0.09 sec
ABC: Memory =   19.85 MB. Time =     0.09 sec
ABC: Warning: Detected 9 multi-output cells (for example, "sky130_fd_sc_hd__fa_1").
ABC: + strash 
ABC: + &get -n 
ABC: + &fraig -x 
ABC: + &put 
ABC: + scorr 
ABC: Warning: The network is combinational (run "fraig" or "fraig_sweep").
ABC: + dc2 
ABC: + dretime 
ABC: + strash 
ABC: + &get -n 
ABC: + &dch -f 
ABC: + &nf 
ABC: + &put 
ABC: + write_blif <abc-temp-dir>/output.blif 
ABC: 
ABC: YOSYS_ABC_DONE 

16.8.2. Re-integrating ABC results.
ABC RESULTS:   sky130_fd_sc_hd__a21o_1 cells:        1
ABC RESULTS:   sky130_fd_sc_hd__clkinv_1 cells:        2
ABC RESULTS:   sky130_fd_sc_hd__mux2_1 cells:        8
ABC RESULTS:   sky130_fd_sc_hd__nand3b_1 cells:        1
ABC RESULTS:   sky130_fd_sc_hd__nor3b_1 cells:        1
ABC RESULTS:   sky130_fd_sc_hd__nor4b_1 cells:        1
ABC RESULTS:   sky130_fd_sc_hd__o21bai_1 cells:        1
ABC RESULTS:   sky130_fd_sc_hd__xor2_1 cells:        8
ABC RESULTS:        internal signals:       10
ABC RESULTS:           input signals:       30
ABC RESULTS:          output signals:       20
Removing temp directory.

16.9. Extracting gate netlist of module `\data_router' to `<abc-temp-dir>/input.blif'..

16.9.1. Executed ABC.
Extracted 18 gates and 28 wires to a netlist network with 10 inputs and 18 outputs.
Running ABC script: <abc-temp-dir>/abc.script
ABC: UC Berkeley, ABC 1.01 (compiled Apr  8 2026 20:13:49)
ABC: abc 01> empty
ABC: abc 01> source <abc-temp-dir>/abc.script
ABC: + read_blif <abc-temp-dir>/input.blif 
ABC: + read_lib -w /home/fuex/.volare/volare/sky130/versions/0fe599b2afb6708d281543108caf8310912f54af/sky130A/libs.ref/sky130_fd_sc_hd/lib/sky130_fd_sc_hd__tt_100C_1v80.lib 
ABC: Parsing finished successfully.  Parsing time =     0.06 sec
ABC: Scl_LibertyReadGenlib() skipped cell "sky130_fd_sc_hd__decap_12" without logic function.
ABC: Scl_LibertyReadGenlib() skipped cell "sky130_fd_sc_hd__decap_3" without logic function.
ABC: Scl_LibertyReadGenlib() skipped cell "sky130_fd_sc_hd__decap_4" without logic function.
ABC: Scl_LibertyReadGenlib() skipped cell "sky130_fd_sc_hd__decap_6" without logic function.
ABC: Scl_LibertyReadGenlib() skipped cell "sky130_fd_sc_hd__decap_8" without logic function.
ABC: Scl_LibertyReadGenlib() skipped sequential cell "sky130_fd_sc_hd__dfbbn_1".
ABC: Scl_LibertyReadGenlib() skipped sequential cell "sky130_fd_sc_hd__dfbbn_2".
ABC: Scl_LibertyReadGenlib() skipped sequential cell "sky130_fd_sc_hd__dfbbp_1".
ABC: Scl_LibertyReadGenlib() skipped sequential cell "sky130_fd_sc_hd__dfrbp_1".
ABC: Scl_LibertyReadGenlib() skipped sequential cell "sky130_fd_sc_hd__dfrbp_2".
ABC: Scl_LibertyReadGenlib() skipped sequential cell "sky130_fd_sc_hd__dfrtn_1".
ABC: Scl_LibertyReadGenlib() skipped sequential cell "sky130_fd_sc_hd__dfrtp_1".
ABC: Scl_LibertyReadGenlib() skipped sequential cell "sky130_fd_sc_hd__dfrtp_2".
ABC: Scl_LibertyReadGenlib() skipped sequential cell "sky130_fd_sc_hd__dfrtp_4".
ABC: Scl_LibertyReadGenlib() skipped sequential cell "sky130_fd_sc_hd__dfsbp_1".
ABC: Scl_LibertyReadGenlib() skipped sequential cell "sky130_fd_sc_hd__dfsbp_2".
ABC: Scl_LibertyReadGenlib() skipped sequential cell "sky130_fd_sc_hd__dfstp_1".
ABC: Scl_LibertyReadGenlib() skipped sequential cell "sky130_fd_sc_hd__dfstp_2".
ABC: Scl_LibertyReadGenlib() skipped sequential cell "sky130_fd_sc_hd__dfstp_4".
ABC: Scl_LibertyReadGenlib() skipped sequential cell "sky130_fd_sc_hd__dfxbp_1".
ABC: Scl_LibertyReadGenlib() skipped sequential cell "sky130_fd_sc_hd__dfxbp_2".
ABC: Scl_LibertyReadGenlib() skipped sequential cell "sky130_fd_sc_hd__dfxtp_1".
ABC: Scl_LibertyReadGenlib() skipped sequential cell "sky130_fd_sc_hd__dfxtp_2".
ABC: Scl_LibertyReadGenlib() skipped sequential cell "sky130_fd_sc_hd__dfxtp_4".
ABC: Scl_LibertyReadGenlib() skipped cell "sky130_fd_sc_hd__diode_2" without logic function.
ABC: Scl_LibertyReadGenlib() skipped cell "sky130_fd_sc_hd__dlclkp_1" without logic function.
ABC: Scl_LibertyReadGenlib() skipped cell "sky130_fd_sc_hd__dlclkp_2" without logic function.
ABC: Scl_LibertyReadGenlib() skipped cell "sky130_fd_sc_hd__dlclkp_4" without logic function.
ABC: Scl_LibertyReadGenlib() skipped sequential cell "sky130_fd_sc_hd__dlrbn_1".
ABC: Scl_LibertyReadGenlib() skipped sequential cell "sky130_fd_sc_hd__dlrbn_2".
ABC: Scl_LibertyReadGenlib() skipped sequential cell "sky130_fd_sc_hd__dlrbp_1".
ABC: Scl_LibertyReadGenlib() skipped sequential cell "sky130_fd_sc_hd__dlrbp_2".
ABC: Scl_LibertyReadGenlib() skipped sequential cell "sky130_fd_sc_hd__dlrtn_1".
ABC: Scl_LibertyReadGenlib() skipped sequential cell "sky130_fd_sc_hd__dlrtn_2".
ABC: Scl_LibertyReadGenlib() skipped sequential cell "sky130_fd_sc_hd__dlrtn_4".
ABC: Scl_LibertyReadGenlib() skipped sequential cell "sky130_fd_sc_hd__dlrtp_1".
ABC: Scl_LibertyReadGenlib() skipped sequential cell "sky130_fd_sc_hd__dlrtp_2".
ABC: Scl_LibertyReadGenlib() skipped sequential cell "sky130_fd_sc_hd__dlrtp_4".
ABC: Scl_LibertyReadGenlib() skipped sequential cell "sky130_fd_sc_hd__dlxbn_1".
ABC: Scl_LibertyReadGenlib() skipped sequential cell "sky130_fd_sc_hd__dlxbn_2".
ABC: Scl_LibertyReadGenlib() skipped sequential cell "sky130_fd_sc_hd__dlxbp_1".
ABC: Scl_LibertyReadGenlib() skipped sequential cell "sky130_fd_sc_hd__dlxtn_1".
ABC: Scl_LibertyReadGenlib() skipped sequential cell "sky130_fd_sc_hd__dlxtn_2".
ABC: Scl_LibertyReadGenlib() skipped sequential cell "sky130_fd_sc_hd__dlxtn_4".
ABC: Scl_LibertyReadGenlib() skipped sequential cell "sky130_fd_sc_hd__dlxtp_1".
ABC: Scl_LibertyReadGenlib() skipped three-state cell "sky130_fd_sc_hd__ebufn_1".
ABC: Scl_LibertyReadGenlib() skipped three-state cell "sky130_fd_sc_hd__ebufn_2".
ABC: Scl_LibertyReadGenlib() skipped three-state cell "sky130_fd_sc_hd__ebufn_4".
ABC: Scl_LibertyReadGenlib() skipped three-state cell "sky130_fd_sc_hd__ebufn_8".
ABC: Scl_LibertyReadGenlib() skipped sequential cell "sky130_fd_sc_hd__edfxbp_1".
ABC: Scl_LibertyReadGenlib() skipped sequential cell "sky130_fd_sc_hd__edfxtp_1".
ABC: Scl_LibertyReadGenlib() skipped three-state cell "sky130_fd_sc_hd__einvn_0".
ABC: Scl_LibertyReadGenlib() skipped three-state cell "sky130_fd_sc_hd__einvn_1".
ABC: Scl_LibertyReadGenlib() skipped three-state cell "sky130_fd_sc_hd__einvn_2".
ABC: Scl_LibertyReadGenlib() skipped three-state cell "sky130_fd_sc_hd__einvn_4".
ABC: Scl_LibertyReadGenlib() skipped three-state cell "sky130_fd_sc_hd__einvn_8".
ABC: Scl_LibertyReadGenlib() skipped three-state cell "sky130_fd_sc_hd__einvp_1".
ABC: Scl_LibertyReadGenlib() skipped three-state cell "sky130_fd_sc_hd__einvp_2".
ABC: Scl_LibertyReadGenlib() skipped three-state cell "sky130_fd_sc_hd__einvp_4".
ABC: Scl_LibertyReadGenlib() skipped three-state cell "sky130_fd_sc_hd__einvp_8".
ABC: Scl_LibertyReadGenlib() skipped cell "sky130_fd_sc_hd__lpflow_bleeder_1" without logic function.
ABC: Scl_LibertyReadGenlib() skipped cell "sky130_fd_sc_hd__lpflow_decapkapwr_12" without logic function.
ABC: Scl_LibertyReadGenlib() skipped cell "sky130_fd_sc_hd__lpflow_decapkapwr_3" without logic function.
ABC: Scl_LibertyReadGenlib() skipped cell "sky130_fd_sc_hd__lpflow_decapkapwr_4" without logic function.
ABC: Scl_LibertyReadGenlib() skipped cell "sky130_fd_sc_hd__lpflow_decapkapwr_6" without logic function.
ABC: Scl_LibertyReadGenlib() skipped cell "sky130_fd_sc_hd__lpflow_decapkapwr_8" without logic function.
ABC: Scl_LibertyReadGenlib() skipped sequential cell "sky130_fd_sc_hd__lpflow_inputisolatch_1".
ABC: Scl_LibertyReadGenlib() skipped sequential cell "sky130_fd_sc_hd__sdfbbn_1".
ABC: Scl_LibertyReadGenlib() skipped sequential cell "sky130_fd_sc_hd__sdfbbn_2".
ABC: Scl_LibertyReadGenlib() skipped sequential cell "sky130_fd_sc_hd__sdfbbp_1".
ABC: Scl_LibertyReadGenlib() skipped sequential cell "sky130_fd_sc_hd__sdfrbp_1".
ABC: Scl_LibertyReadGenlib() skipped sequential cell "sky130_fd_sc_hd__sdfrbp_2".
ABC: Scl_LibertyReadGenlib() skipped sequential cell "sky130_fd_sc_hd__sdfrtn_1".
ABC: Scl_LibertyReadGenlib() skipped sequential cell "sky130_fd_sc_hd__sdfrtp_1".
ABC: Scl_LibertyReadGenlib() skipped sequential cell "sky130_fd_sc_hd__sdfrtp_2".
ABC: Scl_LibertyReadGenlib() skipped sequential cell "sky130_fd_sc_hd__sdfrtp_4".
ABC: Scl_LibertyReadGenlib() skipped sequential cell "sky130_fd_sc_hd__sdfsbp_1".
ABC: Scl_LibertyReadGenlib() skipped sequential cell "sky130_fd_sc_hd__sdfsbp_2".
ABC: Scl_LibertyReadGenlib() skipped sequential cell "sky130_fd_sc_hd__sdfstp_1".
ABC: Scl_LibertyReadGenlib() skipped sequential cell "sky130_fd_sc_hd__sdfstp_2".
ABC: Scl_LibertyReadGenlib() skipped sequential cell "sky130_fd_sc_hd__sdfstp_4".
ABC: Scl_LibertyReadGenlib() skipped sequential cell "sky130_fd_sc_hd__sdfxbp_1".
ABC: Scl_LibertyReadGenlib() skipped sequential cell "sky130_fd_sc_hd__sdfxbp_2".
ABC: Scl_LibertyReadGenlib() skipped sequential cell "sky130_fd_sc_hd__sdfxtp_1".
ABC: Scl_LibertyReadGenlib() skipped sequential cell "sky130_fd_sc_hd__sdfxtp_2".
ABC: Scl_LibertyReadGenlib() skipped sequential cell "sky130_fd_sc_hd__sdfxtp_4".
ABC: Scl_LibertyReadGenlib() skipped cell "sky130_fd_sc_hd__sdlclkp_1" without logic function.
ABC: Scl_LibertyReadGenlib() skipped cell "sky130_fd_sc_hd__sdlclkp_2" without logic function.
ABC: Scl_LibertyReadGenlib() skipped cell "sky130_fd_sc_hd__sdlclkp_4" without logic function.
ABC: Scl_LibertyReadGenlib() skipped sequential cell "sky130_fd_sc_hd__sedfxbp_1".
ABC: Scl_LibertyReadGenlib() skipped sequential cell "sky130_fd_sc_hd__sedfxbp_2".
ABC: Scl_LibertyReadGenlib() skipped sequential cell "sky130_fd_sc_hd__sedfxtp_1".
ABC: Scl_LibertyReadGenlib() skipped sequential cell "sky130_fd_sc_hd__sedfxtp_2".
ABC: Scl_LibertyReadGenlib() skipped sequential cell "sky130_fd_sc_hd__sedfxtp_4".
ABC: Library "sky130_fd_sc_hd__tt_100C_1v80" from "/home/fuex/.volare/volare/sky130/versions/0fe599b2afb6708d281543108caf8310912f54af/sky130A/libs.ref/sky130_fd_sc_hd/lib/sky130_fd_sc_hd__tt_100C_1v80.lib" has 334 cells (94 skipped: 63 seq; 13 tri-state; 18 no func; 0 dont_use; 0 with 2 outputs; 0 with 3+ outputs).  Time =     0.09 sec
ABC: Memory =   19.85 MB. Time =     0.09 sec
ABC: Warning: Detected 9 multi-output cells (for example, "sky130_fd_sc_hd__fa_1").
ABC: + strash 
ABC: + &get -n 
ABC: + &fraig -x 
ABC: + &put 
ABC: + scorr 
ABC: Warning: The network is combinational (run "fraig" or "fraig_sweep").
ABC: + dc2 
ABC: + dretime 
ABC: + strash 
ABC: + &get -n 
ABC: + &dch -f 
ABC: + &nf 
ABC: + &put 
ABC: + write_blif <abc-temp-dir>/output.blif 
ABC: 
ABC: YOSYS_ABC_DONE 

16.9.2. Re-integrating ABC results.
ABC RESULTS:   sky130_fd_sc_hd__and2_0 cells:        1
ABC RESULTS:   sky130_fd_sc_hd__and3_1 cells:        8
ABC RESULTS:   sky130_fd_sc_hd__and3b_1 cells:        8
ABC RESULTS:   sky130_fd_sc_hd__lpflow_isobufsrc_1 cells:        1
ABC RESULTS:        internal signals:        0
ABC RESULTS:           input signals:       10
ABC RESULTS:          output signals:       18
Removing temp directory.
Removing global temp directory.
Removed 0 unused cells and 3432 unused wires.

17. Executing Verilog backend.
Dumping module `$paramod\key_storage\KEY_WIDTH_BYTES=s32'00000000000000000000000000010000'.
Dumping module `\data_router'.
Dumping module `\encryption_block'.
Dumping module `\hash_generator'.
Dumping module `\interface_fsm'.
Dumping module `\output_holder'.
Dumping module `\output_mux'.
Dumping module `\reader'.
Dumping module `\top'.

End of script. Logfile hash: 33facf79b1, time: 2.78s, user: 0.79s, system: 0.05s, MEM: 59.56 MB peak
Yosys 0.63+194 (git sha1 a96cf8cc2, g++ 15.2.1 -march=x86-64 -mtune=generic -O2 -fno-plt -fexceptions -fstack-clash-protection -fcf-protection -fno-omit-frame-pointer -mno-omit-leaf-frame-pointer -ffile-prefix-map=/home/fuex/.cache/yay/yosys-nightly/src=/usr/src/debug/yosys-nightly -flto=auto -fPIC -O3) [yosys-nightly/yosys at makepkg]
Time spent:
   72%     2 calls    1.992 sec abc
    5%    37 calls    0.138 sec opt_expr
    3%    25 calls    0.103 sec opt_clean
    3%     1 calls    0.095 sec techmap
    2%     2 calls    0.076 sec write_verilog
    2%    19 calls    0.067 sec opt_dff
    1%     8 calls    0.050 sec clean
    1%     1 calls    0.044 sec dfflibmap
    1%    23 calls    0.032 sec opt_merge
    0%    13 calls    0.020 sec opt_muxtree
    0%    15 calls    0.018 sec read_verilog
    0%     1 calls    0.018 sec synth
    0%     9 calls    0.013 sec proc_dlatch
    0%    14 calls    0.012 sec id_gc
    0%     2 calls    0.009 sec check
    0%     9 calls    0.007 sec proc_prune
    0%     9 calls    0.006 sec proc_mux
    0%    12 calls    0.005 sec opt
    0%     1 calls    0.004 sec share
    0%     9 calls    0.003 sec proc_dff
    0%     2 calls    0.003 sec hierarchy
    0%     9 calls    0.003 sec opt_reduce
    0%     1 calls    0.002 sec dfflegalize
    0%     1 calls    0.002 sec memory_dff
    0%     1 calls    0.002 sec opt_mem_priority
    0%     1 calls    0.002 sec memory_share
    0%     1 calls    0.001 sec wreduce
    0%     1 calls    0.001 sec stat
    0%     1 calls    0.001 sec fsm_detect
    0%     1 calls    0.001 sec fsm_extract
    0%     2 calls    0.001 sec opt_share
    0%     9 calls    0.001 sec proc_rom
    0%     1 calls    0.001 sec peepopt
    0%     9 calls    0.001 sec proc_arst
    0%     9 calls    0.001 sec proc_init
    0%     1 calls    0.000 sec alumacc
    0%     1 calls    0.000 sec clean_zerowidth
    0%    18 calls    0.000 sec proc_clean
    0%     9 calls    0.000 sec proc
    0%     1 calls    0.000 sec opt_mem_feedback
    0%     9 calls    0.000 sec proc_rmdead
    0%     2 calls    0.000 sec fsm_opt
    0%     1 calls    0.000 sec fsm_info
    0%     1 calls    0.000 sec memory_map
    0%     1 calls    0.000 sec fsm_map
    0%     9 calls    0.000 sec proc_memwr
    0%     1 calls    0.000 sec fsm
    0%     1 calls    0.000 sec opt_mem
    0%     1 calls    0.000 sec memory
    0%     1 calls    0.000 sec fsm_recode
    0%     1 calls    0.000 sec opt_mem_widen
    0%     1 calls    0.000 sec memory_collect
    0%     1 calls    0.000 sec memory_bmux2rom
